/*
Navicat MySQL Data Transfer

Source Server         : localhost_3306
Source Server Version : 50732
Source Host           : localhost:3306
Source Database       : test

Target Server Type    : MYSQL
Target Server Version : 50732
File Encoding         : 65001

Date: 2020-12-18 17:22:33
*/

SET FOREIGN_KEY_CHECKS=0;

-- ----------------------------
-- Table structure for `greenfin_log`
-- ----------------------------
DROP TABLE IF EXISTS `greenfin_log`;
CREATE TABLE `greenfin_log` (
  `requestDate` varchar(200) DEFAULT NULL COMMENT '请求日期',
  `requestId` varchar(200) DEFAULT NULL COMMENT '请求编号',
  `requestUrl` varchar(200) DEFAULT NULL COMMENT '请求路径',
  `reportBank` varchar(200) DEFAULT NULL COMMENT '报送机构',
  `timestamp` varchar(200) DEFAULT NULL COMMENT '时间戳',
  `formPeriod` varchar(200) DEFAULT NULL COMMENT '报表期数',
  `requestType` varchar(200) DEFAULT NULL,
  `fileNameIndex` varchar(200) DEFAULT NULL,
  `fileName` varchar(200) DEFAULT NULL COMMENT '文件名',
  `resultCode` varchar(200) DEFAULT NULL COMMENT '返回码',
  `resultMessage` varchar(200) DEFAULT NULL COMMENT '返回信息',
  `resultData` varchar(2000) DEFAULT NULL COMMENT '返回数据'
) ENGINE=InnoDB DEFAULT CHARSET=utf8;

-- ----------------------------
-- Records of greenfin_log
-- ----------------------------
INSERT INTO `greenfin_log` VALUES ('20201210', '4f906609401c4342b940e51894d8642d', 'http://119.201.254.35/gfims_test/openapi/reportData.json', 'C1030411000431', '1607584978046', null, null, null, null, '999', '接口异常', null);
INSERT INTO `greenfin_log` VALUES ('20201210', 'b0297a7c6a0b44d08c7bd30a7f4c904d', 'http://119.201.254.35/gfims_test/openapi/reportData.json', 'C1030411000431', '1607585545789', null, null, null, null, '999', '接口异常', null);
INSERT INTO `greenfin_log` VALUES ('20201210', 'fec8798b06854094afa6a8745a3aebb1', 'http://119.201.254.35/gfims_test/openapi/reportData.json', 'C1030411000431', '1607585829597', null, 'N', '003', 'NC1030411000431_20201210_005.zip', '999', '成功', null);
INSERT INTO `greenfin_log` VALUES ('20201210', 'fec8798b06854094afa6a8745a3aebb1', 'http://119.201.254.35/gfims_test/openapi/reportData.json', 'C1030411000431', '1607585829597', '', 'N', '004', 'NC1030411000431_20201210_005.zip', '999', '成功', '');
INSERT INTO `greenfin_log` VALUES ('20201210', 'fec8798b06854094afa6a8745a3aebb1', 'http://119.201.254.35/gfims_test/openapi/reportData.json', 'C1030411000431', '1607585829597', '', 'N', '005', 'NC1030411000431_20201210_005.zip', '500', '成功', '');
INSERT INTO `greenfin_log` VALUES ('20201210', '6f4801c0a3ee41a28362a73dd5f196c0', 'http://119.201.254.35/gfims_test/openapi/reportData.json', 'C1030411000431', '1607592207207', null, null, null, 'NC1030411000431_20201210_001.zip', '999', '接口异常', null);
INSERT INTO `greenfin_log` VALUES ('20201210', '35044ce7fa3645dbae924145b144e482', 'http://119.201.254.35/gfims_test/openapi/reportData.json', 'C1030411000431', '1607592352770', null, null, null, 'NC1030411000431_20201210_001.zip', '999', '接口异常', null);
INSERT INTO `greenfin_log` VALUES ('20201210', 'b3676d8b4a514402b98172c918371f47', 'http://119.201.254.35/gfims_test/openapi/reportData.json', 'C1030411000431', '1607592571340', null, null, null, 'NC1030411000431_20201210_001.zip', '999', '接口异常', null);
INSERT INTO `greenfin_log` VALUES ('20201210', '1275ebd5af91402987716c05c74b5de5', 'http://119.201.254.35/gfims_test/openapi/reportData.json', 'C1030411000431', '1607592645718', null, null, null, 'NC1030411000431_20201210_001.zip', '999', '接口异常', null);
INSERT INTO `greenfin_log` VALUES ('20201211', 'b896155213a64a19a2aa256743680528', 'http://119.201.254.35/gfims_test/openapi/reportData.json', 'C1030411000431', '1607648036940', null, null, null, 'NC1030411000431_20201211_001.zip', '999', '接口异常', null);
INSERT INTO `greenfin_log` VALUES ('20201211', '7392a897ff3947e397dfc7af3e010158', 'http://119.201.254.35/gfims_test/openapi/reportData.json', 'C1030411000431', '1607649519664', null, null, null, 'NC1030411000431_20201211_001.zip', '999', '接口异常', null);
INSERT INTO `greenfin_log` VALUES ('20201211', 'bc040950e06445b0bf041c25124cda4e', 'http://119.201.254.35/gfims_test/openapi/reportData.json', 'C1030411000431', '1607649613419', null, 'N', '006', 'NC1030411000431_20201211_001.zip', '200', '接口异常', null);
INSERT INTO `greenfin_log` VALUES ('20201211', 'a8a3481827394c7995d5968ae5adb6c9', 'http://119.201.254.35/gfims_test/openapi/reportData.json', 'C1030411000431', '1607649686433', null, null, null, 'NC1030411000431_20201211_002.zip', '999', '接口异常', null);
INSERT INTO `greenfin_log` VALUES ('20201211', '07b62817c4cb4cc4a2b15c3c689fca64', 'http://119.201.254.35/gfims_test/openapi/reportData.json', 'C1030411000431', '1607650941919', null, null, null, 'NC1030411000431_20201211_004.zip', '999', '接口异常', null);
INSERT INTO `greenfin_log` VALUES ('20201211', '6c319099acb148cea91ee0e30b4909f3', 'http://119.201.254.35/gfims_test/openapi/reportData.json', 'C1030411000431', '1607651073245', null, null, null, 'NC1030411000431_20201211_004.zip', '999', '接口异常', null);
INSERT INTO `greenfin_log` VALUES ('20201211', '00c2d69f551b49e089545d644c448e3c', 'http://119.201.254.35/gfims_test/openapi/reportData.json', 'C1030411000431', '1607651455194', null, null, null, 'NC1030411000431_20201211_004.zip', '999', '接口异常', null);
INSERT INTO `greenfin_log` VALUES ('20201211', '41c3aa197454498e923ea62a19009b3f', 'http://119.201.254.35/gfims_test/openapi/reportData.json', 'C1030411000431', '1607651478951', null, null, null, 'NC1030411000431_20201211_004.zip', '999', '接口异常', null);
INSERT INTO `greenfin_log` VALUES ('20201211', '74515d466ab042d5b12b5d061cb80ed5', 'http://119.201.254.35/gfims_test/openapi/reportData.json', 'C1030411000431', '1607652619684', null, null, null, 'NC1030411000431_20201211_005.zip', '999', '接口异常', null);
INSERT INTO `greenfin_log` VALUES ('20201211', 'b6f11d81f2cd4990b7515f5742791fce', 'http://119.201.254.35/gfims_test/openapi/reportData.json', 'C1030411000431', '1607652691052', null, null, null, 'NC1030411000431_20201211_005.zip', '999', '接口异常', null);
INSERT INTO `greenfin_log` VALUES ('20201211', '1abadc2df13f45c5abe9cefd1366f86e', 'http://119.201.254.35/gfims_test/openapi/reportData.json', 'C1030411000431', '1607652765064', null, null, null, 'NC1030411000431_20201211_005.zip', '999', '接口异常', null);
INSERT INTO `greenfin_log` VALUES ('20201211', 'a52230f1268d446cb5d67f63b57e8af9', 'http://119.201.254.35/gfims_test/openapi/reportData.json', 'C1030411000431', '1607652831124', null, null, null, 'NC1030411000431_20201211_005.zip', '999', '接口异常', null);
INSERT INTO `greenfin_log` VALUES ('20201211', '3bb94b8b8cda477bb8af489e36ef193c', 'http://119.201.254.35/gfims_test/openapi/reportData.json', 'C1030411000431', '1607653098521', null, null, null, 'NC1030411000431_20201211_005.zip', '999', '接口异常', null);
INSERT INTO `greenfin_log` VALUES ('20201211', '332913c0df3b49aeae5c30657798f476', 'http://119.201.254.35/gfims_test/openapi/reportData.json', 'C1030411000431', '1607653329023', null, null, null, 'NC1030411000431_20201211_005.zip', '999', '接口异常', null);
INSERT INTO `greenfin_log` VALUES ('20201211', '20c720b1556348e5a00616f6ebff35d8', 'http://119.201.254.35/gfims_test/openapi/reportData.json', 'C1030411000431', '1607668882006', null, null, null, 'NC1030411000431_20201211_005.zip', '999', '接口异常', null);
INSERT INTO `greenfin_log` VALUES ('20201211', '4955ce6ea2f3476584fcb48bf6673835', 'http://119.201.254.35/gfims_test/openapi/reportData.json', 'C1030411000431', '1607668920294', null, null, null, 'NC1030411000431_20201211_005.zip', '999', '接口异常', null);
INSERT INTO `greenfin_log` VALUES ('20201211', 'b73e954a27e74425b24a2fb8df0b88fc', 'http://119.201.254.35/gfims_test/openapi/reportData.json', 'C1030411000431', '1607668925202', null, null, null, 'NC1030411000431_20201211_006.zip', '999', '接口异常', null);
INSERT INTO `greenfin_log` VALUES ('20201211', 'a0711ada4d7e4da4b7480fa00bbe9ac7', 'http://119.201.254.35/gfims_test/openapi/reportData.json', 'C1030411000431', '1607668972326', null, null, null, 'NC1030411000431_20201211_006.zip', '999', '接口异常', null);
INSERT INTO `greenfin_log` VALUES ('20201211', 'e2670bece72543fd86c66d5ddc6e9e30', 'http://119.201.254.35/gfims_test/openapi/reportData.json', 'C1030411000431', '1607669040313', null, null, null, 'NC1030411000431_20201211_006.zip', '999', '接口异常', null);
INSERT INTO `greenfin_log` VALUES ('20201211', '6f3b63e5557144f4af73bb1ff6fe97e2', 'http://119.201.254.35/gfims_test/openapi/reportData.json', 'C1030411000431', '1607669160256', null, null, null, 'NC1030411000431_20201211_006.zip', '999', '接口异常', null);
INSERT INTO `greenfin_log` VALUES ('20201211', 'e529da2d07574e8c8432d240d6b8d167', 'http://119.201.254.35/gfims_test/openapi/reportData.json', 'C1030411000431', '1607669280268', null, null, null, 'NC1030411000431_20201211_006.zip', '999', '接口异常', null);
INSERT INTO `greenfin_log` VALUES ('20201211', 'e2aeb65ce7584234a6a67e5b0d2c9485', 'http://119.201.254.35/gfims_test/openapi/reportData.json', 'C1030411000431', '1607669400931', null, null, null, 'NC1030411000431_20201211_006.zip', '999', '接口异常', null);
INSERT INTO `greenfin_log` VALUES ('20201211', '8d56ef77cfb440d88578e6bbc1f95746', 'http://119.201.254.35/gfims_test/openapi/reportData.json', 'C1030411000431', '1607669520173', null, null, null, 'NC1030411000431_20201211_006.zip', '999', '接口异常', null);
INSERT INTO `greenfin_log` VALUES ('20201211', 'd4b788b80ea64237b0eb97396a3ab730', 'http://119.201.254.35/gfims_test/openapi/reportData.json', 'C1030411000431', '1607669640157', null, null, null, 'NC1030411000431_20201211_006.zip', '999', '接口异常', null);
INSERT INTO `greenfin_log` VALUES ('20201211', 'e3ff61f381664f709ee4750d59e4efb9', 'http://119.201.254.35/gfims_test/openapi/reportData.json', 'C1030411000431', '1607680800810', null, null, null, 'NC1030411000431_20201211_006.zip', '999', '接口异常', null);
INSERT INTO `greenfin_log` VALUES ('20201211', '6c54c8ae556e4601b4f984cfb9984528', 'http://119.1.201.40:8999/openapi/businessData/reportData.json', 'B0008L333050001', '1607680803417', null, null, null, 'AB0008L333050001_20201211_001.zip', '999', '接口异常', null);
INSERT INTO `greenfin_log` VALUES ('20201211', 'a3d4cadf73734e4186863f39bf2b4141', 'http://119.201.254.35/gfims_test/openapi/reportData.json', 'C1030411000431', '1607680834877', null, null, null, 'NC1030411000431_20201211_007.zip', '999', '接口异常', null);
INSERT INTO `greenfin_log` VALUES ('20201214', 'bbcda51c538448188c87ffc708956ce4', 'http://119.201.254.35/gfims_test/openapi/reportData.json', 'C1030411000431', '1607906321494', null, null, null, 'NC1030411000431_20201214_001.zip', '999', '接口异常', null);
INSERT INTO `greenfin_log` VALUES ('20201214', 'b718bfe117454450b0878ed62c78d7a5', 'http://119.1.201.40:8999/openapi/businessData/reportData.json', 'B0008L333050001', '1607906392355', null, null, null, 'AB0008L333050001_20201214_001.zip', '999', '接口异常', null);
INSERT INTO `greenfin_log` VALUES ('20201214', '4742756ac171497599e74b7ac2ce587c', 'http://119.201.254.35/gfims_test/openapi/reportData.json', 'C1030411000431', '1607906400278', null, null, null, 'NC1030411000431_20201214_001.zip', '999', '接口异常', null);
INSERT INTO `greenfin_log` VALUES ('20201214', '4ba612d7ee394b47be041869d2361902', 'http://119.1.201.40:8999/openapi/businessData/reportData.json', 'B0008L333050001', '1607906402178', null, null, null, 'AB0008L333050001_20201214_001.zip', '999', '接口异常', null);
INSERT INTO `greenfin_log` VALUES ('20201214', '2c7aad94831c4d14b23b07085327f449', 'http://119.201.254.35/gfims_test/openapi/reportData.json', 'C1030411000431', '1607906520261', null, null, null, 'NC1030411000431_20201214_001.zip', '999', '接口异常', null);
INSERT INTO `greenfin_log` VALUES ('20201214', '23649066ff6d4ca99ab28b446f79fee6', 'http://119.1.201.40:8999/openapi/businessData/reportData.json', 'B0008L333050001', '1607906521722', null, null, null, 'AB0008L333050001_20201214_001.zip', '999', '接口异常', null);
INSERT INTO `greenfin_log` VALUES ('20201214', 'c677e9e68f124440b5b684972622398a', 'http://119.201.254.35/gfims_test/openapi/reportData.json', 'C1030411000431', '1607906640317', null, null, null, 'NC1030411000431_20201214_001.zip', '999', '接口异常', null);
INSERT INTO `greenfin_log` VALUES ('20201214', '93b6068e98044deaad1c8040edeefcef', 'http://119.1.201.40:8999/openapi/businessData/reportData.json', 'B0008L333050001', '1607906642052', null, null, null, 'AB0008L333050001_20201214_001.zip', '999', '接口异常', null);
INSERT INTO `greenfin_log` VALUES ('20201214', 'cfad78bdbaaf4774975c04f5b13c041c', 'http://119.201.254.35/gfims_test/openapi/reportData.json', 'C1030411000431', '1607906760170', null, null, null, 'NC1030411000431_20201214_001.zip', '999', '接口异常', null);
INSERT INTO `greenfin_log` VALUES ('20201214', '049dfd2bd04048918c491502c1b49ce9', 'http://119.1.201.40:8999/openapi/businessData/reportData.json', 'B0008L333050001', '1607906761350', null, null, null, 'AB0008L333050001_20201214_001.zip', '999', '接口异常', null);
INSERT INTO `greenfin_log` VALUES ('20201214', '6ddd807a09ec4ae7979365941e0c6355', 'http://119.201.254.35/gfims_test/openapi/reportData.json', 'C1030411000431', '1607906880178', null, null, null, 'NC1030411000431_20201214_001.zip', '999', '接口异常', null);
INSERT INTO `greenfin_log` VALUES ('20201214', '89a4e1dbe3d444538cd882923ec097c8', 'http://119.1.201.40:8999/openapi/businessData/reportData.json', 'B0008L333050001', '1607906881364', null, null, null, 'AB0008L333050001_20201214_001.zip', '999', '接口异常', null);
INSERT INTO `greenfin_log` VALUES ('20201214', 'ea00867462ae423ebf6131cc8fed7075', 'http://119.201.254.35/gfims_test/openapi/reportData.json', 'C1030411000431', '1607907019740', null, null, null, 'NC1030411000431_20201214_001.zip', '999', '接口异常', null);
INSERT INTO `greenfin_log` VALUES ('20201214', '534f87b7bf844784a797a44c6e2555e4', 'http://119.1.201.40:8999/openapi/businessData/reportData.json', 'B0008L333050001', '1607907021162', null, null, null, 'AB0008L333050001_20201214_001.zip', '999', '接口异常', null);
INSERT INTO `greenfin_log` VALUES ('20201214', 'c1b309240c564ecc8525ebc9bcfa24c6', 'http://119.201.254.35/gfims_test/openapi/reportData.json', 'C1030411000431', '1607907120149', null, null, null, 'NC1030411000431_20201214_001.zip', '999', '接口异常', null);
INSERT INTO `greenfin_log` VALUES ('20201214', 'ca1af415c645459d840a941a8158439f', 'http://119.1.201.40:8999/openapi/businessData/reportData.json', 'B0008L333050001', '1607907121464', null, null, null, 'AB0008L333050001_20201214_001.zip', '999', '接口异常', null);
INSERT INTO `greenfin_log` VALUES ('20201214', '83ca31a68e3347369ac3bd1ba823ce45', 'http://119.201.254.35/gfims_test/openapi/reportData.json', 'C1030411000431', '1607907240168', null, null, null, 'NC1030411000431_20201214_001.zip', '999', '接口异常', null);
INSERT INTO `greenfin_log` VALUES ('20201214', 'c12ff70e8e204136b1dc9ab150d982ad', 'http://119.1.201.40:8999/openapi/businessData/reportData.json', 'B0008L333050001', '1607907241311', null, null, null, 'AB0008L333050001_20201214_001.zip', '999', '接口异常', null);
INSERT INTO `greenfin_log` VALUES ('20201214', 'cc64ea12a128484197eef72d06c5a3f2', 'http://119.201.254.35/gfims_test/openapi/reportData.json', 'C1030411000431', '1607907360139', null, null, null, 'NC1030411000431_20201214_001.zip', '999', '接口异常', null);
INSERT INTO `greenfin_log` VALUES ('20201214', 'f9e3b58121584aaa8c29586b241a4657', 'http://119.1.201.40:8999/openapi/businessData/reportData.json', 'B0008L333050001', '1607907361249', null, null, null, 'AB0008L333050001_20201214_001.zip', '999', '接口异常', null);
INSERT INTO `greenfin_log` VALUES ('20201214', 'cab2c6f5e5894cefa51c4b0c2a233d56', 'http://119.201.254.35/gfims_test/openapi/reportData.json', 'C1030411000431', '1607907480140', null, null, null, 'NC1030411000431_20201214_001.zip', '999', '接口异常', null);
INSERT INTO `greenfin_log` VALUES ('20201214', '5aff47e69a8e4568b63bb5b75dc005b9', 'http://119.1.201.40:8999/openapi/businessData/reportData.json', 'B0008L333050001', '1607907481156', null, null, null, 'AB0008L333050001_20201214_001.zip', '999', '接口异常', null);
INSERT INTO `greenfin_log` VALUES ('20201214', '1397884a5246477ea6e47f62ce044d0d', 'http://119.201.254.35/gfims_test/openapi/reportData.json', 'C1030411000431', '1607907600124', null, null, null, 'NC1030411000431_20201214_001.zip', '999', '接口异常', null);
INSERT INTO `greenfin_log` VALUES ('20201214', 'bfd09324e892404dba52a9fba9056405', 'http://119.1.201.40:8999/openapi/businessData/reportData.json', 'B0008L333050001', '1607907600988', null, null, null, 'AB0008L333050001_20201214_001.zip', '999', '接口异常', null);
INSERT INTO `greenfin_log` VALUES ('20201214', '4770ea3e26424cab9e99e7362fe1764c', 'http://119.201.254.35/gfims_test/openapi/reportData.json', 'C1030411000431', '1607907720126', null, null, null, 'NC1030411000431_20201214_001.zip', '999', '接口异常', null);
INSERT INTO `greenfin_log` VALUES ('20201214', 'f53fabc944a6419cb80baf8f5a897d5a', 'http://119.1.201.40:8999/openapi/businessData/reportData.json', 'B0008L333050001', '1607907721085', null, null, null, 'AB0008L333050001_20201214_001.zip', '999', '接口异常', null);
INSERT INTO `greenfin_log` VALUES ('20201214', '8f321def3dea4356b5e023d7f5f53412', 'http://119.201.254.35/gfims_test/openapi/reportData.json', 'C1030411000431', '1607907840111', null, null, null, 'NC1030411000431_20201214_001.zip', '999', '接口异常', null);
INSERT INTO `greenfin_log` VALUES ('20201214', 'c1259598bab04d248285768e184fbe4e', 'http://119.1.201.40:8999/openapi/businessData/reportData.json', 'B0008L333050001', '1607907841086', null, null, null, 'AB0008L333050001_20201214_001.zip', '999', '接口异常', null);
INSERT INTO `greenfin_log` VALUES ('20201214', 'b2b69b7f6c9c40199edfb6986a3f825f', 'http://119.201.254.35/gfims_test/openapi/reportData.json', 'C1030411000431', '1607907960403', null, null, null, 'NC1030411000431_20201214_001.zip', '999', '接口异常', null);
INSERT INTO `greenfin_log` VALUES ('20201214', 'fc4e3b8f64d749a9a1c3336f4a5ccc66', 'http://119.1.201.40:8999/openapi/businessData/reportData.json', 'B0008L333050001', '1607907961302', null, null, null, 'AB0008L333050001_20201214_001.zip', '999', '接口异常', null);
INSERT INTO `greenfin_log` VALUES ('20201214', '4caab893726643f2bf5a61afbead8655', 'http://119.201.254.35/gfims_test/openapi/reportData.json', 'C1030411000431', '1607908080108', null, null, null, 'NC1030411000431_20201214_001.zip', '999', '接口异常', null);
INSERT INTO `greenfin_log` VALUES ('20201214', '7dc177f44d23421fbe1ad7c3405b23ca', 'http://119.1.201.40:8999/openapi/businessData/reportData.json', 'B0008L333050001', '1607908081124', null, null, null, 'AB0008L333050001_20201214_001.zip', '999', '接口异常', null);
INSERT INTO `greenfin_log` VALUES ('20201214', 'c2099e5750334e518d7abbdd59dedcda', 'http://119.201.254.35/gfims_test/openapi/reportData.json', 'C1030411000431', '1607908200110', null, null, null, 'NC1030411000431_20201214_001.zip', '999', '接口异常', null);
INSERT INTO `greenfin_log` VALUES ('20201214', 'd6e0742c91d547249ac593e186495b4d', 'http://119.1.201.40:8999/openapi/businessData/reportData.json', 'B0008L333050001', '1607908200974', null, null, null, 'AB0008L333050001_20201214_001.zip', '999', '接口异常', null);
INSERT INTO `greenfin_log` VALUES ('20201214', 'b06816aaba534444b1d55018ec7c97f8', 'http://119.201.254.35/gfims_test/openapi/reportData.json', 'C1030411000431', '1607908320124', null, null, null, 'NC1030411000431_20201214_001.zip', '999', '接口异常', null);
INSERT INTO `greenfin_log` VALUES ('20201214', '6d842e2b12eb42caa28beb3d673d09e6', 'http://119.1.201.40:8999/openapi/businessData/reportData.json', 'B0008L333050001', '1607908321069', null, null, null, 'AB0008L333050001_20201214_001.zip', '999', '接口异常', null);
INSERT INTO `greenfin_log` VALUES ('20201214', '66d43b494db640888f3f6fc4af4879fc', 'http://119.201.254.35/gfims_test/openapi/reportData.json', 'C1030411000431', '1607908440117', null, null, null, 'NC1030411000431_20201214_001.zip', '999', '接口异常', null);
INSERT INTO `greenfin_log` VALUES ('20201214', '31d36079e19a4b949667bc5acc706d68', 'http://119.1.201.40:8999/openapi/businessData/reportData.json', 'B0008L333050001', '1607908441131', null, null, null, 'AB0008L333050001_20201214_001.zip', '999', '接口异常', null);
INSERT INTO `greenfin_log` VALUES ('20201214', '197af0eeaa804f35925ca0c27178c66a', 'http://119.201.254.35/gfims_test/openapi/reportData.json', 'C1030411000431', '1607908560116', null, null, null, 'NC1030411000431_20201214_001.zip', '999', '接口异常', null);
INSERT INTO `greenfin_log` VALUES ('20201214', 'cf1bf88cd82c441e8105666886812c2b', 'http://119.1.201.40:8999/openapi/businessData/reportData.json', 'B0008L333050001', '1607908561126', null, null, null, 'AB0008L333050001_20201214_001.zip', '999', '接口异常', null);
INSERT INTO `greenfin_log` VALUES ('20201214', 'a32d4f388b1b4244b11dec847f7be98a', 'http://119.201.254.35/gfims_test/openapi/reportData.json', 'C1030411000431', '1607908680107', null, null, null, 'NC1030411000431_20201214_001.zip', '999', '接口异常', null);
INSERT INTO `greenfin_log` VALUES ('20201214', 'ad59ac82f03f4ee5b34d8fecd77f083e', 'http://119.1.201.40:8999/openapi/businessData/reportData.json', 'B0008L333050001', '1607908681028', null, null, null, 'AB0008L333050001_20201214_001.zip', '999', '接口异常', null);
INSERT INTO `greenfin_log` VALUES ('20201214', '57758669066c4ba8bc2b9abb07ccef77', 'http://119.201.254.35/gfims_test/openapi/reportData.json', 'C1030411000431', '1607908799541', null, null, null, 'NC1030411000431_20201214_001.zip', '999', '接口异常', null);
INSERT INTO `greenfin_log` VALUES ('20201214', 'ac17f479971a438b8f72489a18ef8b27', 'http://119.1.201.40:8999/openapi/businessData/reportData.json', 'B0008L333050001', '1607908800504', null, null, null, 'AB0008L333050001_20201214_001.zip', '999', '接口异常', null);
INSERT INTO `greenfin_log` VALUES ('20201214', 'eb95febfcc5f4017ac4eb018e98ba788', 'http://119.201.254.35/gfims_test/openapi/reportData.json', 'C1030411000431', '1607908920127', null, null, null, 'NC1030411000431_20201214_001.zip', '999', '接口异常', null);
INSERT INTO `greenfin_log` VALUES ('20201214', '4e378e08fd374c6d85bac528db93b8ce', 'http://119.1.201.40:8999/openapi/businessData/reportData.json', 'B0008L333050001', '1607908921029', null, null, null, 'AB0008L333050001_20201214_001.zip', '999', '接口异常', null);
INSERT INTO `greenfin_log` VALUES ('20201214', '243a48786af942ea9854cc9455078389', 'http://119.201.254.35/gfims_test/openapi/reportData.json', 'C1030411000431', '1607909040124', null, null, null, 'NC1030411000431_20201214_001.zip', '999', '接口异常', null);
INSERT INTO `greenfin_log` VALUES ('20201214', '0c941323d6194d68b700db42d3bd96f9', 'http://119.1.201.40:8999/openapi/businessData/reportData.json', 'B0008L333050001', '1607909041123', null, null, null, 'AB0008L333050001_20201214_001.zip', '999', '接口异常', null);
INSERT INTO `greenfin_log` VALUES ('20201214', '41fd5e34b5144a67b3d0b58abf3894b8', 'http://119.201.254.35/gfims_test/openapi/reportData.json', 'C1030411000431', '1607909160157', null, null, null, 'NC1030411000431_20201214_001.zip', '999', '接口异常', null);
INSERT INTO `greenfin_log` VALUES ('20201214', '0c5e291a20c940a58d9ed8a230024632', 'http://119.1.201.40:8999/openapi/businessData/reportData.json', 'B0008L333050001', '1607909161218', null, null, null, 'AB0008L333050001_20201214_001.zip', '999', '接口异常', null);
INSERT INTO `greenfin_log` VALUES ('20201214', '84930ee7e4ea45c0b7913247dfb87ece', 'http://119.201.254.35/gfims_test/openapi/reportData.json', 'C1030411000431', '1607909280124', null, null, null, 'NC1030411000431_20201214_001.zip', '999', '接口异常', null);
INSERT INTO `greenfin_log` VALUES ('20201214', 'bb06b86c8d52499aa25ad4f4071ee976', 'http://119.1.201.40:8999/openapi/businessData/reportData.json', 'B0008L333050001', '1607909281055', null, null, null, 'AB0008L333050001_20201214_001.zip', '999', '接口异常', null);
INSERT INTO `greenfin_log` VALUES ('20201214', 'c460c2dffd454f8b836c0498bbc62aed', 'http://119.201.254.35/gfims_test/openapi/reportData.json', 'C1030411000431', '1607909400130', null, null, null, 'NC1030411000431_20201214_001.zip', '999', '接口异常', null);
INSERT INTO `greenfin_log` VALUES ('20201214', 'cc37d22c39c743878c594698e2151b7b', 'http://119.1.201.40:8999/openapi/businessData/reportData.json', 'B0008L333050001', '1607909401054', null, null, null, 'AB0008L333050001_20201214_001.zip', '999', '接口异常', null);
INSERT INTO `greenfin_log` VALUES ('20201214', 'eae1f0caaebd4256891a5240d0e835c1', 'http://119.201.254.35/gfims_test/openapi/reportData.json', 'C1030411000431', '1607909520132', null, null, null, 'NC1030411000431_20201214_001.zip', '999', '接口异常', null);
INSERT INTO `greenfin_log` VALUES ('20201214', '66e610cf7e4c449592947077e134b797', 'http://119.1.201.40:8999/openapi/businessData/reportData.json', 'B0008L333050001', '1607909521074', null, null, null, 'AB0008L333050001_20201214_001.zip', '999', '接口异常', null);
INSERT INTO `greenfin_log` VALUES ('20201214', 'b332623aa3e84a439bd9e299792a2040', 'http://119.201.254.35/gfims_test/openapi/reportData.json', 'C1030411000431', '1607923812816', null, null, null, 'DC1030411000431_20201214_001.zip', '999', '接口异常', null);
INSERT INTO `greenfin_log` VALUES ('20201214', '4a155f88b8dd45c6a971c4441af5a795', 'http://119.201.254.35/gfims_test/openapi/reportData.json', 'C1030411000431', '1607946963838', null, null, null, 'NC1030411000431_20201214_001.zip', '999', '接口异常', null);
INSERT INTO `greenfin_log` VALUES ('20201214', 'c87397aa02164765bb0d5ac54984b52a', 'http://119.201.254.35/gfims_test/openapi/reportData.json', 'C1030411000431', '1607947055984', null, null, null, 'NC1030411000431_20201214_001.zip', '999', '接口异常', null);
INSERT INTO `greenfin_log` VALUES ('20201214', 'c3ae84db73f34bad8798ab2cb1b6e704', 'http://119.201.254.35/gfims_test/openapi/reportData.json', 'C1030411000431', '1607947091828', null, null, null, 'NC1030411000431_20201214_001.zip', '999', '接口异常', null);
INSERT INTO `greenfin_log` VALUES ('20201214', '18727dcd0f4a4d32a40692c0e39e151b', 'http://119.201.254.35/gfims_test/openapi/reportData.json', 'C1030411000431', '1607947146411', null, null, null, 'NC1030411000431_20201214_001.zip', '999', '接口异常', null);
INSERT INTO `greenfin_log` VALUES ('20201214', 'dc6dbf385049456b9fe290897c20540d', 'http://119.201.254.35/gfims_test/openapi/reportData.json', 'C1030411000431', '1607947174980', null, null, null, 'NC1030411000431_20201214_001.zip', '999', '接口异常', null);
INSERT INTO `greenfin_log` VALUES ('20201214', '5405dfd141914aba8d67c7fe08b8b07c', 'http://119.201.254.35/gfims_test/openapi/reportData.json', 'C1030411000431', '1607947198551', null, null, null, 'NC1030411000431_20201214_001.zip', '999', '接口异常', null);
INSERT INTO `greenfin_log` VALUES ('20201214', '57848150e3c64aeba0a683d2ff6b10e4', 'http://119.201.254.35/gfims_test/openapi/reportData.json', 'C1030411000431', '1607947277141', null, null, null, 'NC1030411000431_20201214_001.zip', '999', '接口异常', null);
INSERT INTO `greenfin_log` VALUES ('20201215', 'b6379b7c261a4c41a51e85bcc6ec9a1d', 'http://119.201.254.35/gfims_test/openapi/reportData.json', 'C1030411000431', '1607993136656', null, null, null, 'NC1030411000431_20201215_001.zip', '999', '接口异常', null);
INSERT INTO `greenfin_log` VALUES ('20201215', 'd381fd4fde0e41a99b0f45f6d8050591', 'http://119.201.254.35/gfims_test/openapi/reportData.json', 'C1030411000431', '1607993197573', null, null, null, 'NC1030411000431_20201215_001.zip', '999', '接口异常', null);
INSERT INTO `greenfin_log` VALUES ('20201215', '76a72106a2394f1c8b45f80bc5daf26a', 'http://119.201.254.35/gfims_test/openapi/reportData.json', 'C1030411000431', '1607993582889', null, null, null, 'NC1030411000431_20201215_001.zip', '999', '接口异常', null);
INSERT INTO `greenfin_log` VALUES ('20201215', '498e858581c14b008b6a64f0cd6a4fd8', 'http://119.201.254.35/gfims_test/openapi/reportData.json', 'C1030411000431', '1607994005899', null, null, null, 'NC1030411000431_20201215_001.zip', '999', '接口异常', null);
INSERT INTO `greenfin_log` VALUES ('20201215', '612e6975e71d4ba98a41b7541ddf6336', 'http://119.201.254.35/gfims_test/openapi/reportData.json', 'C1030411000431', '1607994047695', null, null, null, 'NC1030411000431_20201215_001.zip', '999', '接口异常', null);
INSERT INTO `greenfin_log` VALUES ('20201215', 'cb0d1841328548b19fd37f9865db4929', 'http://119.201.254.35/gfims_test/openapi/reportData.json', 'C1030411000431', '1607994098185', null, null, null, 'NC1030411000431_20201215_001.zip', '999', '接口异常', null);
INSERT INTO `greenfin_log` VALUES ('20201215', '360e6f927de74c5cb5c161bdd16794a8', 'http://119.201.254.35/gfims_test/openapi/reportData.json', 'C1030411000431', '1607994149475', null, null, null, 'NC1030411000431_20201215_001.zip', '999', '接口异常', null);
INSERT INTO `greenfin_log` VALUES ('20201215', '15442512c2e041d8801f5d76a04af93b', 'http://119.201.254.35/gfims_test/openapi/reportData.json', 'C1030411000431', '1607994188135', null, null, null, 'NC1030411000431_20201215_001.zip', '999', '接口异常', null);
INSERT INTO `greenfin_log` VALUES ('20201215', 'd8d621f5a93c478e8528f1b157b6df23', 'http://119.201.254.35/gfims_test/openapi/reportData.json', 'C1030411000431', '1608000598075', null, null, null, 'NC1030411000431_20201215_001.zip', '999', '接口异常', null);
INSERT INTO `greenfin_log` VALUES ('20201215', 'e06bb241d4a14586a9dc6bf61ecbf1f2', 'http://119.201.254.35/gfims_test/openapi/reportData.json', 'C1030411000431', '1608000703578', null, null, null, 'NC1030411000431_20201215_001.zip', '999', '接口异常', null);
INSERT INTO `greenfin_log` VALUES ('20201215', '44be12fedaf74af9b5938acd493d92aa', 'http://119.201.254.35/gfims_test/openapi/reportData.json', 'C1030411000431', '1608027904172', null, null, null, 'DC1030411000431_20201215_001.zip', '999', '接口异常', null);

-- ----------------------------
-- Table structure for `send_green_thr_acceptance_bill_info`
-- ----------------------------
DROP TABLE IF EXISTS `send_green_thr_acceptance_bill_info`;
CREATE TABLE `send_green_thr_acceptance_bill_info` (
  `organization` varchar(200) DEFAULT NULL COMMENT '机构 ',
  `businessTypeCd` varchar(200) DEFAULT NULL COMMENT '报送业务场景',
  `businessDate` varchar(200) DEFAULT NULL COMMENT '业务日期',
  `billNo` varchar(200) DEFAULT NULL COMMENT '票据号码',
  `acceptanceNo` varchar(200) DEFAULT NULL COMMENT '承兑协议编号',
  `businessOrg` varchar(200) DEFAULT NULL COMMENT '业务发生机构',
  `customerNo` varchar(200) DEFAULT NULL COMMENT '客户唯一编号',
  `billAmount` varchar(200) DEFAULT NULL COMMENT '出票金额',
  `issueDate` varchar(200) DEFAULT NULL COMMENT '出票日期',
  `expiringDate` varchar(200) DEFAULT NULL COMMENT '到期日期',
  `paymentDate` varchar(200) DEFAULT NULL COMMENT '付款日期',
  `payingBankName` varchar(200) DEFAULT NULL COMMENT '付款行名称',
  `payeeName` varchar(200) DEFAULT NULL COMMENT '收款人名称',
  `payeeBankName` varchar(200) DEFAULT NULL COMMENT '收款人开户行名称',
  `fiveLevelCd` varchar(200) DEFAULT NULL COMMENT '五级分类',
  `guaranteeMethodCd` varchar(200) DEFAULT NULL COMMENT '担保方式',
  `marginLevel` varchar(200) DEFAULT NULL COMMENT '保证金比例',
  `greenDecidedDate` varchar(200) DEFAULT NULL COMMENT '绿色认定日期',
  `cbrcGreenClass` varchar(200) DEFAULT NULL COMMENT '银保监会绿色认定分类代码',
  `isEnvironmentalInterest` varchar(200) DEFAULT NULL COMMENT '是否环境权益融资',
  `environmentalInterestCd` varchar(200) DEFAULT NULL COMMENT '环境权益融资分类',
  `gdate` varchar(200) DEFAULT NULL COMMENT '增量日期 yyyyMMdd'
) ENGINE=InnoDB DEFAULT CHARSET=utf8;

-- ----------------------------
-- Records of send_green_thr_acceptance_bill_info
-- ----------------------------
INSERT INTO `send_green_thr_acceptance_bill_info` VALUES ('杭州分行', 'D0080040', '20190128', '230433602105920190128341027194', '254971200000770', 'B0008S333050001', '1200000770', '50000000.000000', '20190128', '20200128', null, '华夏银行股份有限公司湖州南浔小微企业专营支行', '湖州练盛农业发展有限公司', '华夏银行股份有限公司湖州分行营业部', 'D0150001', 'D0130003', '0', '20170118', 'CBIRCGC20B04030200', 'D0010002', null, '2020-12-01');

-- ----------------------------
-- Table structure for `send_green_thr_bank_branch_finance_stat`
-- ----------------------------
DROP TABLE IF EXISTS `send_green_thr_bank_branch_finance_stat`;
CREATE TABLE `send_green_thr_bank_branch_finance_stat` (
  `subBranchName` varchar(200) DEFAULT NULL COMMENT '绿色专营支行标准全称',
  `buildTime` varchar(200) DEFAULT NULL COMMENT '绿色专营支行成立时间',
  `staffNum` varchar(200) DEFAULT NULL COMMENT '绿色专职人员数',
  `customerTypeCd` varchar(200) DEFAULT NULL COMMENT '客户主体类型',
  `cbrcGreenBalance` varchar(200) DEFAULT NULL COMMENT '支行绿色贷款余额(银保监口径)',
  `cbrcBalanceIncrease` varchar(200) DEFAULT NULL COMMENT '支行绿色贷款余额比去年年末(银保监口径)',
  `cbrcCustomerNum` varchar(200) DEFAULT NULL COMMENT '支行绿色信贷户数(银保监口径)',
  `cbrcCustomerIncrease` varchar(200) DEFAULT NULL COMMENT '支行绿色信贷户数比去年年末(银保监口径',
  `cbrcGreenBalanceRate` varchar(200) DEFAULT NULL COMMENT '绿色贷款余额占比(银保监口径)',
  `localGreenBalance` varchar(200) DEFAULT NULL COMMENT '支行绿色贷款余额（地方口径）',
  `localBalanceIncrease` varchar(200) DEFAULT NULL COMMENT '支行绿色贷款余额比去年年末(地方口径)',
  `localCustomerNum` varchar(200) DEFAULT NULL COMMENT '支行绿色信贷户数（地方口径）',
  `localCustomerIncrease` varchar(200) DEFAULT NULL COMMENT '支行绿色信贷户数比去年年末(地方口径)',
  `localGreenBalanceRate` varchar(200) DEFAULT NULL COMMENT '支行绿色贷款余额占比（地方口径）',
  `totalBalance` varchar(200) DEFAULT NULL COMMENT '支行各项贷款余额',
  `totalBalanceIncrease` varchar(200) DEFAULT NULL COMMENT '支行各项贷款余额比去年年末',
  `totalCustomerNum` varchar(200) DEFAULT NULL COMMENT '支行各项贷款户数',
  `totalCustomerIncrease` varchar(200) DEFAULT NULL COMMENT '支行各项贷款户数比去年年末',
  `greenOnBalance` varchar(200) DEFAULT NULL COMMENT '支行表内绿色投资余额(银保监口径)',
  `greenOnBalanceIncrease` varchar(200) DEFAULT NULL COMMENT '支行表内绿色投资余额比去年年末(银保监口径)',
  `greenOnCustomerNum` varchar(200) DEFAULT NULL COMMENT '支行表内绿色投资户数(银保监口径)',
  `greenOnCustomerIncrease` varchar(200) DEFAULT NULL COMMENT '支行表内绿色投资户数比去年年末(银保监口径)',
  `totalOnBalance` varchar(200) DEFAULT NULL COMMENT '支行表内投资总余额',
  `totalOnBalanceIncrease` varchar(200) DEFAULT NULL COMMENT '支行表内投资总余额比去年年末',
  `totalOnCustomerNum` varchar(200) DEFAULT NULL COMMENT '支行表内投资总户数',
  `totalOnCustomerIncrease` varchar(200) DEFAULT NULL COMMENT '支行表内投资总户数比去年年末',
  `greenOffBalance` varchar(200) DEFAULT NULL COMMENT '支行表外绿色融资余额(银保监口径)',
  `greenOffBalanceIncrease` varchar(200) DEFAULT NULL COMMENT '支行表外绿色融资余额比去年年末(银保监口径)',
  `greenOffCustomerNum` varchar(200) DEFAULT NULL COMMENT '支行表外绿色融资户数(银保监口径)',
  `greenOffCustomerIncrease` varchar(200) DEFAULT NULL COMMENT '支行表外绿色融资户数比去年年末(银保监口径)',
  `totalOffBalance` varchar(200) DEFAULT NULL COMMENT '支行表外融资总余额',
  `totalOffBalanceIncrease` varchar(200) DEFAULT NULL COMMENT '支行表外融资总余额比去年年末',
  `totalOffCustomerNum` varchar(200) DEFAULT NULL COMMENT '支行表外融资总户数',
  `totalOffCustomerIncrease` varchar(200) DEFAULT NULL COMMENT '支行表外融资总户数比去年年末',
  `organization` varchar(200) DEFAULT NULL COMMENT '机构',
  `gdate` varchar(200) DEFAULT NULL COMMENT '增量日期 yyyyMMdd'
) ENGINE=InnoDB DEFAULT CHARSET=utf8;

-- ----------------------------
-- Records of send_green_thr_bank_branch_finance_stat
-- ----------------------------
INSERT INTO `send_green_thr_bank_branch_finance_stat` VALUES ('湖州分行', '20200101', '5', 'D0090001', '1', '11', '1', '1', '1', '1', null, null, null, null, null, null, null, null, null, null, null, null, null, null, null, null, null, null, null, null, null, null, null, null, null, null);
INSERT INTO `send_green_thr_bank_branch_finance_stat` VALUES ('湖州分行', '20200101', '3', 'D0090002', '1', '1', '1', '1', '1', '1', null, null, null, null, null, null, null, null, null, null, null, null, null, null, null, null, null, null, null, null, null, null, null, null, null, null);

-- ----------------------------
-- Table structure for `send_green_thr_bank_finance_stat`
-- ----------------------------
DROP TABLE IF EXISTS `send_green_thr_bank_finance_stat`;
CREATE TABLE `send_green_thr_bank_finance_stat` (
  `customerTypeCd` varchar(200) DEFAULT NULL COMMENT '客户主体类型',
  `areaCode` varchar(200) DEFAULT NULL COMMENT '区域代码',
  `greenBalance` varchar(200) DEFAULT NULL COMMENT '绿色信贷余额',
  `greenOnBalance` varchar(200) DEFAULT NULL COMMENT '表内绿色投资余额',
  `greenOffBalance` varchar(200) DEFAULT NULL COMMENT '表外绿色融资余额',
  `totalBalance` varchar(200) DEFAULT NULL COMMENT '各项贷款合计',
  `totalOnBalance` varchar(200) DEFAULT NULL COMMENT '表内投资合计',
  `totalOffBalance` varchar(200) DEFAULT NULL COMMENT '表外融资合计',
  `greenCustomerNum` varchar(200) DEFAULT NULL COMMENT '绿色信贷客户数',
  `greenOnCustomerNum` varchar(200) DEFAULT NULL COMMENT '表内绿色投资客户数',
  `greenOffCustomerNum` varchar(200) DEFAULT NULL COMMENT '表外绿色融资客户数',
  `totalCustomerNum` varchar(200) DEFAULT NULL COMMENT '各项贷款客户数',
  `totalOnCustomerNum` varchar(200) DEFAULT NULL COMMENT '表内投资客户数',
  `totalOffCustomerNum` varchar(200) DEFAULT NULL COMMENT '表外融资客户数',
  `organization` varchar(200) DEFAULT NULL COMMENT '机构',
  `gdate` varchar(200) DEFAULT NULL COMMENT '增量日期 yyyyMMdd'
) ENGINE=InnoDB DEFAULT CHARSET=utf8;

-- ----------------------------
-- Records of send_green_thr_bank_finance_stat
-- ----------------------------
INSERT INTO `send_green_thr_bank_finance_stat` VALUES ('D0090001', '33050300', '1', '1', '1', '1', '1', '1', '1', '1', null, null, null, null, null, null);
INSERT INTO `send_green_thr_bank_finance_stat` VALUES ('D0090002', '33050200', '1', '1', '1', '1', '1', '1', '1', '1', null, null, null, null, null, null);

-- ----------------------------
-- Table structure for `send_green_thr_bank_greenoperation`
-- ----------------------------
DROP TABLE IF EXISTS `send_green_thr_bank_greenoperation`;
CREATE TABLE `send_green_thr_bank_greenoperation` (
  `greenOperateType` varchar(200) DEFAULT NULL COMMENT '报表指标类型',
  `indexCode` varchar(200) DEFAULT NULL COMMENT '指标代码',
  `yearTotalNum` varchar(200) DEFAULT NULL COMMENT '当年累计发生数',
  `lastYearTotalNum` varchar(200) DEFAULT NULL COMMENT '去年累计发生数',
  `organization` varchar(200) DEFAULT NULL COMMENT '机构',
  `gdate` varchar(200) DEFAULT NULL COMMENT '增量日期 yyyyMMdd'
) ENGINE=InnoDB DEFAULT CHARSET=utf8;

-- ----------------------------
-- Records of send_green_thr_bank_greenoperation
-- ----------------------------
INSERT INTO `send_green_thr_bank_greenoperation` VALUES ('D0250001', 'D0260001', '1', '1', null, null);
INSERT INTO `send_green_thr_bank_greenoperation` VALUES ('D0250002', 'D0270001', '1', '1', null, null);
INSERT INTO `send_green_thr_bank_greenoperation` VALUES ('D0250003', 'D0280001', '1', '1', null, null);

-- ----------------------------
-- Table structure for `send_green_thr_bank_system_construction`
-- ----------------------------
DROP TABLE IF EXISTS `send_green_thr_bank_system_construction`;
CREATE TABLE `send_green_thr_bank_system_construction` (
  `haveGreenDepartment` varchar(200) DEFAULT NULL COMMENT '建立专门绿色金融管理部',
  `greenDepartmentLevel` varchar(200) DEFAULT NULL COMMENT '绿色金融管理部级别',
  `greenBranchNum` varchar(200) DEFAULT NULL COMMENT '绿色专营支行数量',
  `isSingleCreditScale` varchar(200) DEFAULT NULL COMMENT '单列信贷规模',
  `isSingleCapitalPrice` varchar(200) DEFAULT NULL COMMENT '单列资金价格',
  `isSingleRiskIndex` varchar(200) DEFAULT NULL COMMENT '单列风险管理指标',
  `isSingleApprovalChannel` varchar(200) DEFAULT NULL COMMENT '单列信贷审批通道',
  `isSingleKpi` varchar(200) DEFAULT NULL COMMENT '单列绩效考核',
  `isSingleGreenProduct` varchar(200) DEFAULT NULL COMMENT '单列绿色金融产品',
  `organization` varchar(200) DEFAULT NULL COMMENT '机构',
  `gdate` varchar(200) DEFAULT NULL COMMENT '增量日期 yyyyMMdd'
) ENGINE=InnoDB DEFAULT CHARSET=utf8;

-- ----------------------------
-- Records of send_green_thr_bank_system_construction
-- ----------------------------
INSERT INTO `send_green_thr_bank_system_construction` VALUES ('是', '一级', '5', '是', '是', '是', '是', '是', '是', null, null);

-- ----------------------------
-- Table structure for `send_green_thr_bond_investment_info`
-- ----------------------------
DROP TABLE IF EXISTS `send_green_thr_bond_investment_info`;
CREATE TABLE `send_green_thr_bond_investment_info` (
  `organization` varchar(200) DEFAULT NULL COMMENT '机构 ',
  `businessTypeCd` varchar(200) DEFAULT NULL COMMENT '报送业务场景',
  `businessDate` varchar(200) DEFAULT NULL COMMENT '业务日期',
  `tradeNo` varchar(200) DEFAULT NULL COMMENT '交易编号',
  `businessOrg` varchar(200) DEFAULT NULL COMMENT '业务发生机构',
  `bondTypeCd` varchar(200) DEFAULT NULL COMMENT '债券类型',
  `bondCode` varchar(200) DEFAULT NULL COMMENT '债券代码',
  `bondName` varchar(200) DEFAULT NULL COMMENT '债券名称',
  `parValue` varchar(200) DEFAULT NULL COMMENT '票面金额',
  `couponRate` varchar(200) DEFAULT NULL COMMENT '票面利率',
  `issueDate` varchar(200) DEFAULT NULL COMMENT '发行日期',
  `expiringDate` varchar(200) DEFAULT NULL COMMENT '到期日',
  `repaymentMethodCd` varchar(200) DEFAULT NULL COMMENT '还本方式',
  `timeLimit` varchar(200) DEFAULT NULL COMMENT '还本期限',
  `creditRating` varchar(200) DEFAULT NULL COMMENT '资产评级',
  `creditRatingAgency` varchar(200) DEFAULT NULL COMMENT '评级机构',
  `issuerName` varchar(200) DEFAULT NULL COMMENT '发行人名称',
  `issuerCountryCd` varchar(200) DEFAULT NULL COMMENT '发行人所属国家',
  `issuerIndustryCd` varchar(200) DEFAULT NULL COMMENT '发行人所属行业',
  `bondIndustryCd` varchar(200) DEFAULT NULL COMMENT '最终投向行业',
  `tradeValueDate` varchar(200) DEFAULT NULL COMMENT '交易起息日',
  `fiveLevelCd` varchar(200) DEFAULT NULL COMMENT '五级分类',
  `remainingParValue` varchar(200) DEFAULT NULL COMMENT '剩余面值',
  `businessBalance` varchar(200) DEFAULT NULL COMMENT '业务余额',
  `defaultAmount` varchar(200) DEFAULT NULL COMMENT '违约金额',
  `greenDecidedDate` varchar(200) DEFAULT NULL COMMENT '绿色认定日期',
  `cbrcGreenClass` varchar(200) DEFAULT NULL COMMENT '银保监会绿色认定分类代码',
  `isEnvironmentalInterest` varchar(200) DEFAULT NULL COMMENT '是否环境权益融资',
  `environmentalInterestCd` varchar(200) DEFAULT NULL COMMENT '环境权益融资分类',
  `isConstructionBond` varchar(200) DEFAULT NULL COMMENT '是否项目建设债券',
  `gdate` varchar(200) DEFAULT NULL COMMENT '增量日期 yyyyMMdd'
) ENGINE=InnoDB DEFAULT CHARSET=utf8;

-- ----------------------------
-- Records of send_green_thr_bond_investment_info
-- ----------------------------

-- ----------------------------
-- Table structure for `send_green_thr_comapny_commit_shall_info`
-- ----------------------------
DROP TABLE IF EXISTS `send_green_thr_comapny_commit_shall_info`;
CREATE TABLE `send_green_thr_comapny_commit_shall_info` (
  `enterpriseNo` varchar(200) DEFAULT NULL COMMENT '报送机构内部承贷主体编号',
  `enterpriseName` varchar(200) DEFAULT NULL COMMENT '承贷主体全称',
  `unifiedSocialCreditCd` varchar(200) DEFAULT NULL COMMENT '统一社会信用代码',
  `legalPerson` varchar(200) DEFAULT NULL COMMENT '法定代表人',
  `registeredAmount` varchar(200) DEFAULT NULL COMMENT '注册资本（元）',
  `areaCd` varchar(200) DEFAULT NULL COMMENT '注册地区',
  `industryCd` varchar(200) DEFAULT NULL COMMENT '国民经济行业',
  `companyTypeCd` varchar(200) DEFAULT NULL COMMENT '企业类型',
  `companySizeCd` varchar(200) DEFAULT NULL COMMENT '企业规模',
  `businessScope` varchar(200) DEFAULT NULL COMMENT '经营范围',
  `majorBusiness` varchar(200) DEFAULT NULL COMMENT '主营业务',
  `businessDate` varchar(200) DEFAULT NULL COMMENT '信息变更日',
  `greenDecidedStandardName` varchar(200) DEFAULT NULL COMMENT '企业绿色认定评价办法名称',
  `greenClass` varchar(200) DEFAULT NULL COMMENT '企业绿色认定评价等级名称',
  `organization` varchar(200) DEFAULT NULL COMMENT '机构',
  `gdate` varchar(200) DEFAULT NULL COMMENT '增量日期 yyyyMMdd'
) ENGINE=InnoDB DEFAULT CHARSET=utf8;

-- ----------------------------
-- Records of send_green_thr_comapny_commit_shall_info
-- ----------------------------
INSERT INTO `send_green_thr_comapny_commit_shall_info` VALUES ('1200003629', '安吉县天子湖新农村建设开发有限公司', '579316847', '斯晓', '300000000', '330523', '4790', '10390001', '10340002', '其他房屋建筑业(2017)', null, null, null, null, '杭州分行', '2020-12-01');
INSERT INTO `send_green_thr_comapny_commit_shall_info` VALUES ('1100002704', '安吉紫梅实业有限公司', '554772539', '唐青青', '336000000', '330523', '7810', '10390001', '10340001', '市政设施管理(2017)', null, null, null, null, '杭州分行', '2020-12-01');
INSERT INTO `send_green_thr_comapny_commit_shall_info` VALUES ('0400004637', '浙江天能电源材料有限公司', '691275440', '张开红', '600000000', '330522', '4210', '10390001', '10340002', '金属废料和碎屑加工处理(2017)', null, null, null, null, '杭州分行', '2020-12-01');
INSERT INTO `send_green_thr_comapny_commit_shall_info` VALUES ('0200002347', '浙江捷达科技有限公司', 'MA28C4DA9', '胡子荣', '153000000', '330523', '2720', '10390001', '10340002', '化学药品制剂制造(2017)', null, null, null, null, '杭州分行', '2020-12-01');
INSERT INTO `send_green_thr_comapny_commit_shall_info` VALUES ('1100000809', '安吉新城新农村综合开发有限公司', '575329202', '任舒婷', '300000000', '330523', '7810', '10390001', '10340001', '市政设施管理(2017)', null, null, null, null, '杭州分行', '2020-12-01');
INSERT INTO `send_green_thr_comapny_commit_shall_info` VALUES ('0100000005', '德清桃源纪念园开发有限公司', '563305553', '边悦锟', '319095000', '330521', '8080', '10390001', '10340001', '殡葬服务(2017)', null, null, null, null, '杭州分行', '2020-12-01');
INSERT INTO `send_green_thr_comapny_commit_shall_info` VALUES ('1100001899', '德清盛杭建材有限公司', '055546094', '姚慧高', '90000000', '330521', '5165', '10390001', '10340001', '市政设施管理(2017)', null, null, null, null, '杭州分行', '2020-12-01');
INSERT INTO `send_green_thr_comapny_commit_shall_info` VALUES ('1000001271', '德清县新艺绿化有限公司', '096770439', '沈斌', '90000000', '330521', '7840', '10390001', '10340001', '绿化管理(2017)', null, null, null, null, '杭州分行', '2020-12-01');
INSERT INTO `send_green_thr_comapny_commit_shall_info` VALUES ('0800001006', '长兴永成建设发展有限公司', '056876095', '李琦', '75000000', '330522', '4899', '10390001', '10340002', '其他土木工程建筑施工(2017)', null, null, null, null, '杭州分行', '2020-12-01');
INSERT INTO `send_green_thr_comapny_commit_shall_info` VALUES ('1100001073', '湖州织里园林绿化管理有限公司', '075335016', '倪建明', '90000000', '330502', '7840', '10390001', '10340002', '绿化管理(2017)', null, null, null, null, '杭州分行', '2020-12-01');
INSERT INTO `send_green_thr_comapny_commit_shall_info` VALUES ('0100000574', '湖州市织里市政工程公司', '147021869', '潘全峰', '60000000', '330502', '7810', '10390006', '10340002', '市政设施管理(2017)', null, null, null, null, '杭州分行', '2020-12-01');
INSERT INTO `send_green_thr_comapny_commit_shall_info` VALUES ('1200002247', '湖州南浔城市投资发展集团有限公司', '058316497', '虞岱', '747990000', '330503', '7810', '10390001', '10340001', '市政设施管理(2017)', null, null, null, null, '杭州分行', '2020-12-01');
INSERT INTO `send_green_thr_comapny_commit_shall_info` VALUES ('0600002183', '湖州市交通投资集团有限公司', '146975986', '楼秋红', '1800000000', '330502', '7299', '10390001', '10340003', '其他未列明商务服务业(2017)', null, null, null, null, '杭州分行', '2020-12-01');
INSERT INTO `send_green_thr_comapny_commit_shall_info` VALUES ('0900001365', '安吉县天子湖农业综合开发有限公司', '754928171', '张家喜', '814200000', '330523', '0212', '10390001', '10340002', '林木育苗(2017)', null, null, null, null, '杭州分行', '2020-12-01');
INSERT INTO `send_green_thr_comapny_commit_shall_info` VALUES ('1100002057', '浙江安吉新地园林工程有限公司', '762534949', '程浩', '450000000', '330523', '4891', '10390001', '10340002', '园林绿化工程施工(2017)', null, null, null, null, '杭州分行', '2020-12-01');
INSERT INTO `send_green_thr_comapny_commit_shall_info` VALUES ('1200003493', '德清县康益自来水有限公司', '554028312', '沈天富', '132000000', '330521', '4610', '10390001', '10340001', '自来水生产和供应(2017)', null, null, null, null, '杭州分行', '2020-12-01');
INSERT INTO `send_green_thr_comapny_commit_shall_info` VALUES ('0200000588', '湖州新城公用工程有限公司', '256377055', '孙坚勇', '390000000', '330502', '4813', '10390001', '10340003', '市政道路工程建筑(2017)', null, null, null, null, '杭州分行', '2020-12-01');
INSERT INTO `send_green_thr_comapny_commit_shall_info` VALUES ('0700001766', '永兴达实业有限公司', '350128223', '孙坚勇', '1140000000', '330502', '7212', '10390001', '10340004', '投资与资产管理(2017)', null, null, null, null, '杭州分行', '2020-12-01');
INSERT INTO `send_green_thr_comapny_commit_shall_info` VALUES ('0400003062', '湖州荣骅电子信息产业园建设开发有限公司', 'MA28CMWX7', '施卓良', '600000000', '330502', '7810', '10390001', '10340002', '市政设施管理(2017)', null, null, null, null, '杭州分行', '2020-12-01');
INSERT INTO `send_green_thr_comapny_commit_shall_info` VALUES ('1200001697', '德清县德城园林绿化工程服务有限公司', '704461382', '戚昱超', '450000000', '330521', '5090', '10390001', '10340002', '市政设施管理(2017)', null, null, null, null, '杭州分行', '2020-12-01');
INSERT INTO `send_green_thr_comapny_commit_shall_info` VALUES ('0600000216', '湖州市政工程有限公司', '471172378', '沈斌龙', '60000000', '330502', '4813', '10390001', '10340002', '市政道路工程建筑(2017)', null, null, null, null, '杭州分行', '2020-12-01');
INSERT INTO `send_green_thr_comapny_commit_shall_info` VALUES ('0500001393', '浙江安吉修竹绿化工程有限公司', '704472583', '方玉平', '424980000', '330523', '5090', '10390001', '10340002', '其他未列明建筑业(2017)', null, null, null, null, '杭州分行', '2020-12-01');
INSERT INTO `send_green_thr_comapny_commit_shall_info` VALUES ('1100003197', '浙江安吉广和建设有限公司', '753978513', '程浩', '600000000', '330523', '4813', '10390001', '10340002', '市政道路工程建筑(2017)', null, null, null, null, '杭州分行', '2020-12-01');
INSERT INTO `send_green_thr_comapny_commit_shall_info` VALUES ('0600000437', '安吉临港经济区开发建设总公司', '692356840', '窦长胜', '411360000', '330523', '7810', '10390006', '10340001', '市政设施管理(2017)', null, null, null, null, '杭州分行', '2020-12-01');
INSERT INTO `send_green_thr_comapny_commit_shall_info` VALUES ('0200000646', '德清临杭投资发展有限公司', 'MA28C1954', '沈祖定', '420000000', '330521', '7810', '10390001', '10340001', '市政设施管理(2017)', null, null, null, null, '杭州分行', '2020-12-01');
INSERT INTO `send_green_thr_comapny_commit_shall_info` VALUES ('1000001400', '湖州春语建设有限公司', '762500992', '周勤明', '180000000', '330503', '7810', '10390001', '10340001', '市政设施管理(2017)', null, null, null, null, '杭州分行', '2020-12-01');
INSERT INTO `send_green_thr_comapny_commit_shall_info` VALUES ('1200000770', '浙江湖州临杭城镇化建设集团有限公司', '076216908', '陆菲', '360000000', '330502', '7810', '10390001', '10340004', '市政设施管理(2017)', null, null, null, null, '杭州分行', '2020-12-01');
INSERT INTO `send_green_thr_comapny_commit_shall_info` VALUES ('0900001349', '安吉县民生村镇建设有限公司', '562392384', '方亮', '370200000', '330523', '7810', '10390001', '10340001', '市政设施管理(2017)', null, null, null, null, '杭州分行', '2020-12-01');
INSERT INTO `send_green_thr_comapny_commit_shall_info` VALUES ('0800000052', '安吉天赋城乡开发建设有限公司', '079738744', '冯勇', '150000000', '330523', '7810', '10390001', '10340001', '市政设施管理(2017)', null, null, null, null, '杭州分行', '2020-12-01');
INSERT INTO `send_green_thr_comapny_commit_shall_info` VALUES ('1100001523', '安吉七彩灵峰林业发展有限公司', '350234472', '郭顺峰', '504000000', '330523', '0190', '10390001', '10340002', '其他农业(2017)', null, null, null, null, '杭州分行', '2020-12-01');
INSERT INTO `send_green_thr_comapny_commit_shall_info` VALUES ('1100000199', '长兴宏达水利建设发展有限公司', '594383116', '王培强', '450000000', '330522', '4821', '10390001', '10340002', '水源及供水设施工程建筑(2017)', null, null, null, null, '杭州分行', '2020-12-01');
INSERT INTO `send_green_thr_comapny_commit_shall_info` VALUES ('1000000291', '长兴泗安惠农农业开发有限公司', '566955666', '李仁健', '75000000', '330522', '0212', '10390001', '10340003', '林木育苗(2017)', null, null, null, null, '杭州分行', '2020-12-01');
INSERT INTO `send_green_thr_comapny_commit_shall_info` VALUES ('0700002173', '中机国能安吉光伏发电有限公司', 'MA28C1Y02', '姜慧', '258483960', '330523', '4416', '10390001', '10340004', '太阳能发电(2017)', null, null, null, null, '杭州分行', '2020-12-01');
INSERT INTO `send_green_thr_comapny_commit_shall_info` VALUES ('1200001710', '长兴恒途实业有限公司', '598500674', '宋耀为', '900000000', '330522', '7830', '10390001', '10340002', '城乡市容管理(2017)', null, null, null, null, '杭州分行', '2020-12-01');
INSERT INTO `send_green_thr_comapny_commit_shall_info` VALUES ('1200001489', '德清县康城林业科技有限公司', '074016611', '蓝晓芳', '96000000', '330521', '7840', '10390001', '10340002', '绿化管理(2017)', null, null, null, null, '杭州分行', '2020-12-01');
INSERT INTO `send_green_thr_comapny_commit_shall_info` VALUES ('0800002407', '湖州吴兴西山漾建设投资有限公司', '062014205', '宋鑫', '207480000', '330502', '5021', '10390001', '10340002', '市政设施管理(2017)', null, null, null, null, '杭州分行', '2020-12-01');
INSERT INTO `send_green_thr_comapny_commit_shall_info` VALUES ('0500000450', '泰玛士矿业（湖州）有限公司', '75493028X', '李国强', '180000000', '330502', '1012', '10390001', '10340001', '建筑装饰用石开采(2017)', null, null, null, null, '杭州分行', '2020-12-01');
INSERT INTO `send_green_thr_comapny_commit_shall_info` VALUES ('0300003878', '农丰源股份有限公司', '693606848', '李文塔', '131250000', '330522', '7869', '10390001', '10340001', '其他游览景区管理(2017)', null, null, null, null, '杭州分行', '2020-12-01');
INSERT INTO `send_green_thr_comapny_commit_shall_info` VALUES ('0300001495', '德清鼎成置业有限公司', 'MA2D11RK6', '陈剑弘', '885000000', '330521', '7010', '10390001', '10340004', '房地产开发经营(2017)', null, null, null, null, '杭州分行', '2020-12-01');
INSERT INTO `send_green_thr_comapny_commit_shall_info` VALUES ('0600002310', '德清县交通工程建设有限公司', '757083135', '王克华', '81000000', '330521', '4812', '10390001', '10340002', '公路工程建筑(2017)', null, null, null, null, '杭州分行', '2020-12-01');
INSERT INTO `send_green_thr_comapny_commit_shall_info` VALUES ('1200001427', '安吉嘉豪建设有限公司', '587784456', '张凌', '394200000', '330523', '7810', '10390001', '10340001', '市政设施管理(2017)', null, null, null, null, '杭州分行', '2020-12-01');
INSERT INTO `send_green_thr_comapny_commit_shall_info` VALUES ('1100003702', '浙江天昊建设发展有限公司', '058317369', '陈佳妍', '285000000', '330523', '7810', '10390001', '10340001', '市政设施管理(2017)', null, null, null, null, '杭州分行', '2020-12-01');
INSERT INTO `send_green_thr_comapny_commit_shall_info` VALUES ('1100001187', '德清经济开发区市政服务有限公司', '072851605', '莫兴强', '90000000', '330521', '7810', '10390001', '10340002', '市政设施管理(2017)', null, null, null, null, '杭州分行', '2020-12-01');
INSERT INTO `send_green_thr_comapny_commit_shall_info` VALUES ('0800000031', '安吉兴梅绿化工程有限公司', '562377168', '吴传薇', '150000000', '330523', '7810', '10390001', '10340002', '市政设施管理(2017)', null, null, null, null, '杭州分行', '2020-12-01');
INSERT INTO `send_green_thr_comapny_commit_shall_info` VALUES ('0500000249', '浙江长兴永盛水利建设开发有限公司', '082908994', '詹福根', '294000000', '330522', '7620', '10390001', '10340002', '水资源管理(2017)', null, null, null, null, '杭州分行', '2020-12-01');
INSERT INTO `send_green_thr_comapny_commit_shall_info` VALUES ('1100000941', '湖州南太湖现代农业综合区开发有限公司', '064159512', '倪莹', '2550000000', '330502', '7810', '10390001', '10340002', '市政设施管理(2017)', null, null, null, null, '杭州分行', '2020-12-01');
INSERT INTO `send_green_thr_comapny_commit_shall_info` VALUES ('1200000846', '德清县下渚湖街道新农村发展有限公司', 'MA28CAPK3', '任贵洪', '180000000', '330521', '7810', '10390001', '10340002', '市政设施管理(2017)', null, null, null, null, '杭州分行', '2020-12-01');
INSERT INTO `send_green_thr_comapny_commit_shall_info` VALUES ('0600001656', '长兴远方的家旅游商品有限公司', 'MA28CUR82', '周新凤', '150000000', '330522', '5165', '10390001', '10340002', '建材批发(2017)', null, null, null, null, '杭州分行', '2020-12-01');
INSERT INTO `send_green_thr_comapny_commit_shall_info` VALUES ('0100002824', '浙江湖州众创投资建设有限公司', 'MA29JHFQ7', '沈雪江', '724980000', '330503', '7212', '10390001', '10340001', '投资与资产管理(2017)', null, null, null, null, '杭州分行', '2020-12-01');
INSERT INTO `send_green_thr_comapny_commit_shall_info` VALUES ('1000001800', '湖州协鑫环保热电有限公司', '753036438', '杨龙', '126000000', '330503', '4430', '10390001', '10340002', '热力生产和供应(2017)', null, null, null, null, '杭州分行', '2020-12-01');
INSERT INTO `send_green_thr_comapny_commit_shall_info` VALUES ('1100001380', '德清县临杭新农村建设投资有限公司', '559660536', '张夏', '300000000', '330521', '7810', '10390001', '10340004', '市政设施管理(2017)', null, null, null, null, '杭州分行', '2020-12-01');
INSERT INTO `send_green_thr_comapny_commit_shall_info` VALUES ('0200000221', '湖州南浔交通水利投资建设集团有限公司', '570593004', '闻爱祥', '300000000', '330503', '7810', '10390001', '10340001', '市政设施管理(2017)', null, null, null, null, '杭州分行', '2020-12-01');
INSERT INTO `send_green_thr_comapny_commit_shall_info` VALUES ('0000006647', '长兴图兴贸易有限公司', 'MA2B52XU9', '吴志华', '267000000', '330522', '5164', '10390001', '10340001', '金属及金属矿批发(2017)', null, null, null, null, '杭州分行', '2020-12-01');
INSERT INTO `send_green_thr_comapny_commit_shall_info` VALUES ('0400003078', '湖州荣源科技城建设开发有限公司', 'MA28CMWU2', '施卓良', '300000000', '330502', '7810', '10390001', '10340002', '市政设施管理(2017)', null, null, null, null, '杭州分行', '2020-12-01');
INSERT INTO `send_green_thr_comapny_commit_shall_info` VALUES ('0700004509', '德清恒创建设发展有限公司', '087360729', '姚骏杰', '375000000', '330521', '7810', '10390001', '10340002', '市政设施管理(2017)', null, null, null, null, '杭州分行', '2020-12-01');
INSERT INTO `send_green_thr_comapny_commit_shall_info` VALUES ('0400002614', '长兴南太湖投资开发有限公司', '684525886', '单军杰', '450000000', '330522', '7810', '10390001', '10340001', '市政设施管理(2017)', null, null, null, null, '杭州分行', '2020-12-01');
INSERT INTO `send_green_thr_comapny_commit_shall_info` VALUES ('1100000449', '湖州南浔振浔污水处理有限公司', '784402437', '朱慧斌', '300000000', '330503', '4620', '10390001', '10340001', '污水处理及其再生利用(2017)', null, null, null, null, '杭州分行', '2020-12-01');
INSERT INTO `send_green_thr_comapny_commit_shall_info` VALUES ('0300000958', '长兴清泉水务有限公司', '577717452', '钱国平', '600000000', '330522', '7810', '10390001', '10340002', '市政设施管理(2017)', null, null, null, null, '杭州分行', '2020-12-01');
INSERT INTO `send_green_thr_comapny_commit_shall_info` VALUES ('0700001497', '安吉丰陵燃气有限公司', '147237512', '潘国平', '60000000', '330523', '5296', '10390001', '10340002', '生活用燃料零售(2017)', null, null, null, null, '杭州分行', '2020-12-01');
INSERT INTO `send_green_thr_comapny_commit_shall_info` VALUES ('1000001007', '德清县城市资产经营管理有限公司', '059561363', '张毅平', '285000000', '330521', '7810', '10390001', '10340002', '市政设施管理(2017)', null, null, null, null, '杭州分行', '2020-12-01');
INSERT INTO `send_green_thr_comapny_commit_shall_info` VALUES ('1000001924', '德清县干山水务有限公司', '704461470', '邓杏林', '75000000', '330521', '4610', '10390001', '10340001', '自来水生产和供应(2017)', null, null, null, null, '杭州分行', '2020-12-01');
INSERT INTO `send_green_thr_comapny_commit_shall_info` VALUES ('1100000982', '湖州南浔城投市政绿化工程有限公司', '562363065', '谈国斌', '120000000', '330503', '7840', '10390001', '10340001', '绿化管理(2017)', null, null, null, null, '杭州分行', '2020-12-01');
INSERT INTO `send_green_thr_comapny_commit_shall_info` VALUES ('1200003681', '浙江合港建设有限公司', 'MA2B4TQL9', '唐青青', '315000000', '330523', '7810', '10390001', '10340001', '市政设施管理(2017)', null, null, null, null, '杭州分行', '2020-12-01');
INSERT INTO `send_green_thr_comapny_commit_shall_info` VALUES ('1000002742', '德清防风文化旅游发展有限公司', 'MA28C2J26', '杭成', '900000000', '330521', '7869', '10390001', '10340004', '其他游览景区管理(2017)', null, null, null, null, '杭州分行', '2020-12-01');
INSERT INTO `send_green_thr_comapny_commit_shall_info` VALUES ('0800002738', '安吉县新农村建设发展总公司', '562384886', '周斌', '240000000', '330523', '7690', '10390006', '10340002', '其他水利管理业(2017)', null, null, null, null, '杭州分行', '2020-12-01');

-- ----------------------------
-- Table structure for `send_green_thr_comapny_info`
-- ----------------------------
DROP TABLE IF EXISTS `send_green_thr_comapny_info`;
CREATE TABLE `send_green_thr_comapny_info` (
  `customerNo` varchar(200) DEFAULT NULL COMMENT '客户唯一编号',
  `organization` varchar(200) DEFAULT NULL COMMENT '机构',
  `enterpriseName` varchar(200) DEFAULT NULL COMMENT '企业名称',
  `unifiedSocialCreditCd` varchar(200) DEFAULT NULL COMMENT '统一社会信用代码',
  `legalPerson` varchar(200) DEFAULT NULL COMMENT '法定代表人',
  `registeredAmount` varchar(200) DEFAULT NULL COMMENT '注册资本（元）',
  `registeredAreaCd` varchar(200) DEFAULT NULL COMMENT '注册地区',
  `industryCd` varchar(200) DEFAULT NULL COMMENT '国民经济行业',
  `ownershipTypeCd` varchar(200) DEFAULT NULL COMMENT '企业类型 ',
  `scaleTypeCd` varchar(200) DEFAULT NULL COMMENT '企业规模',
  `businessScope` varchar(200) DEFAULT NULL COMMENT '经营范围',
  `majorBusiness` varchar(200) DEFAULT NULL COMMENT '主营业务',
  `unifiedCreditFlag` varchar(200) DEFAULT NULL COMMENT '统一授信标志',
  `creditLimit` varchar(200) DEFAULT NULL COMMENT '授信额度',
  `businessDate` varchar(200) DEFAULT NULL COMMENT '信息变更日',
  `gdate` varchar(200) DEFAULT NULL COMMENT '增量日期 yyyyMMdd'
) ENGINE=InnoDB DEFAULT CHARSET=utf8;

-- ----------------------------
-- Records of send_green_thr_comapny_info
-- ----------------------------
INSERT INTO `send_green_thr_comapny_info` VALUES ('0000006647', '杭州分行', '长兴图兴贸易有限公司', 'MA2B52XU9', '吴志华', '267000000', '330522', '5164', 'D0020001', 'D0030003', '金属及金属矿批发(2017)', null, 'D0010001', '89000000', null, '2020-12-01');
INSERT INTO `send_green_thr_comapny_info` VALUES ('0100000005', '杭州分行', '德清桃源纪念园开发有限公司', '563305553', '边悦锟', '319095000', '330521', '8080', 'D0020004', 'D0030003', '殡葬服务(2017)', null, 'D0010001', '106365000', null, '2020-12-01');
INSERT INTO `send_green_thr_comapny_info` VALUES ('0100000574', '杭州分行', '湖州市织里市政工程公司', '147021869', '潘全峰', '60000000', '330502', '7810', 'D0020001', 'D0030002', '市政设施管理(2017)', null, 'D0010001', '20000000', null, '2020-12-01');
INSERT INTO `send_green_thr_comapny_info` VALUES ('0100002824', '杭州分行', '浙江湖州众创投资建设有限公司', 'MA29JHFQ7', '沈雪江', '724980000', '330503', '7212', 'D0020001', 'D0030003', '投资与资产管理(2017)', null, 'D0010001', '241660000', null, '2020-12-01');
INSERT INTO `send_green_thr_comapny_info` VALUES ('0200000221', '杭州分行', '湖州南浔交通水利投资建设集团有限公司', '570593004', '闻爱祥', '300000000', '330503', '7810', 'D0020001', 'D0030003', '市政设施管理(2017)', null, 'D0010001', '100000000', null, '2020-12-01');
INSERT INTO `send_green_thr_comapny_info` VALUES ('0200000588', '杭州分行', '湖州新城公用工程有限公司', '256377055', '孙坚勇', '390000000', '330502', '4813', 'D0020001', 'D0030001', '市政道路工程建筑(2017)', null, 'D0010001', '130000000', null, '2020-12-01');
INSERT INTO `send_green_thr_comapny_info` VALUES ('0200000646', '杭州分行', '德清临杭投资发展有限公司', 'MA28C1954', '沈祖定', '420000000', '330521', '7810', 'D0020001', 'D0030003', '市政设施管理(2017)', null, 'D0010001', '140000000', null, '2020-12-01');
INSERT INTO `send_green_thr_comapny_info` VALUES ('0200002347', '杭州分行', '浙江捷达科技有限公司', 'MA28C4DA9', '胡子荣', '153000000', '330523', '2720', 'D0020007', 'D0030002', '化学药品制剂制造(2017)', null, 'D0010001', '51000000', null, '2020-12-01');
INSERT INTO `send_green_thr_comapny_info` VALUES ('0300000958', '杭州分行', '长兴清泉水务有限公司', '577717452', '钱国平', '600000000', '330522', '7810', 'D0020001', 'D0030002', '市政设施管理(2017)', null, 'D0010001', '200000000', null, '2020-12-01');
INSERT INTO `send_green_thr_comapny_info` VALUES ('0300001495', '杭州分行', '德清鼎成置业有限公司', 'MA2D11RK6', '陈剑弘', '885000000', '330521', '7010', 'D0020004', 'D0030004', '房地产开发经营(2017)', null, 'D0010001', '295000000', null, '2020-12-01');
INSERT INTO `send_green_thr_comapny_info` VALUES ('0300003878', '杭州分行', '农丰源股份有限公司', '693606848', '李文塔', '131250000', '330522', '7869', 'D0020001', 'D0030003', '其他游览景区管理(2017)', null, 'D0010001', '43750000', null, '2020-12-01');
INSERT INTO `send_green_thr_comapny_info` VALUES ('0400002614', '杭州分行', '长兴南太湖投资开发有限公司', '684525886', '单军杰', '450000000', '330522', '7810', 'D0020001', 'D0030003', '市政设施管理(2017)', null, 'D0010001', '150000000', null, '2020-12-01');
INSERT INTO `send_green_thr_comapny_info` VALUES ('0400003062', '杭州分行', '湖州荣骅电子信息产业园建设开发有限公司', 'MA28CMWX7', '施卓良', '600000000', '330502', '7810', 'D0020001', 'D0030002', '市政设施管理(2017)', null, 'D0010001', '200000000', null, '2020-12-01');
INSERT INTO `send_green_thr_comapny_info` VALUES ('0400003078', '杭州分行', '湖州荣源科技城建设开发有限公司', 'MA28CMWU2', '施卓良', '300000000', '330502', '7810', 'D0020001', 'D0030002', '市政设施管理(2017)', null, 'D0010001', '100000000', null, '2020-12-01');
INSERT INTO `send_green_thr_comapny_info` VALUES ('0400004637', '杭州分行', '浙江天能电源材料有限公司', '691275440', '张开红', '600000000', '330522', '4210', 'D0020007', 'D0030002', '金属废料和碎屑加工处理(2017)', null, 'D0010001', '200000000', null, '2020-12-01');
INSERT INTO `send_green_thr_comapny_info` VALUES ('0500000249', '杭州分行', '浙江长兴永盛水利建设开发有限公司', '082908994', '詹福根', '294000000', '330522', '7620', 'D0020001', 'D0030002', '水资源管理(2017)', null, 'D0010001', '98000000', null, '2020-12-01');
INSERT INTO `send_green_thr_comapny_info` VALUES ('0500000450', '杭州分行', '泰玛士矿业（湖州）有限公司', '75493028X', '李国强', '180000000', '330502', '1012', 'D0020006', 'D0030003', '建筑装饰用石开采(2017)', null, 'D0010001', '60000000', null, '2020-12-01');
INSERT INTO `send_green_thr_comapny_info` VALUES ('0500001393', '杭州分行', '浙江安吉修竹绿化工程有限公司', '704472583', '方玉平', '424980000', '330523', '5090', 'D0020001', 'D0030002', '其他未列明建筑业(2017)', null, 'D0010001', '141660000', null, '2020-12-01');
INSERT INTO `send_green_thr_comapny_info` VALUES ('0600000216', '杭州分行', '湖州市政工程有限公司', '471172378', '沈斌龙', '60000000', '330502', '4813', 'D0020007', 'D0030002', '市政道路工程建筑(2017)', null, 'D0010001', '20000000', null, '2020-12-01');
INSERT INTO `send_green_thr_comapny_info` VALUES ('0600000437', '杭州分行', '安吉临港经济区开发建设总公司', '692356840', '窦长胜', '411360000', '330523', '5090', 'D0020001', 'D0030003', '市政设施管理(2017)', null, 'D0010001', '137120000', null, '2020-12-01');
INSERT INTO `send_green_thr_comapny_info` VALUES ('0600001656', '杭州分行', '长兴远方的家旅游商品有限公司', 'MA28CUR82', '周新凤', '150000000', '330522', '5165', 'D0020001', 'D0030002', '建材批发(2017)', null, 'D0010001', '50000000', null, '2020-12-01');
INSERT INTO `send_green_thr_comapny_info` VALUES ('0600002183', '杭州分行', '湖州市交通投资集团有限公司', '146975986', '楼秋红', '1800000000', '330502', '7299', 'D0020001', 'D0030001', '其他未列明商务服务业(2017)', null, 'D0010001', '600000000', null, '2020-12-01');
INSERT INTO `send_green_thr_comapny_info` VALUES ('0600002310', '杭州分行', '德清县交通工程建设有限公司', '757083135', '王克华', '81000000', '330521', '4812', 'D0020001', 'D0030002', '公路工程建筑(2017)', null, 'D0010001', '27000000', null, '2020-12-01');
INSERT INTO `send_green_thr_comapny_info` VALUES ('0700001497', '杭州分行', '安吉丰陵燃气有限公司', '147237512', '潘国平', '60000000', '330523', '5296', 'D0020007', 'D0030002', '生活用燃料零售(2017)', null, 'D0010001', '20000000', null, '2020-12-01');
INSERT INTO `send_green_thr_comapny_info` VALUES ('0700001766', '杭州分行', '永兴达实业有限公司', '350128223', '高兴江', '1140000000', '330502', '7212', 'D0020007', 'D0030004', '投资与资产管理(2017)', null, 'D0010001', '380000000', null, '2020-12-01');
INSERT INTO `send_green_thr_comapny_info` VALUES ('0700002173', '杭州分行', '中机国能安吉光伏发电有限公司', 'MA28C1Y02', '姜慧', '258483960', '330523', '4416', 'D0020001', 'D0030004', '太阳能发电(2017)', null, 'D0010001', '86161320', null, '2020-12-01');
INSERT INTO `send_green_thr_comapny_info` VALUES ('0700004509', '杭州分行', '德清恒创建设发展有限公司', '087360729', '姚骏杰', '375000000', '330521', '7810', 'D0020001', 'D0030002', '市政设施管理(2017)', null, 'D0010001', '125000000', null, '2020-12-01');
INSERT INTO `send_green_thr_comapny_info` VALUES ('0800000031', '杭州分行', '安吉兴梅绿化工程有限公司', '562377168', '吴传薇', '150000000', '330523', '7810', 'D0020001', 'D0030002', '市政设施管理(2017)', null, 'D0010001', '50000000', null, '2020-12-01');
INSERT INTO `send_green_thr_comapny_info` VALUES ('0800000052', '杭州分行', '安吉天赋城乡开发建设有限公司', '079738744', '张亚锋', '150000000', '330523', '7810', 'D0020001', 'D0030003', '市政设施管理(2017)', null, 'D0010001', '50000000', null, '2020-12-01');
INSERT INTO `send_green_thr_comapny_info` VALUES ('0800001006', '杭州分行', '长兴永成建设发展有限公司', '056876095', '李琦', '75000000', '330522', '4899', 'D0020001', 'D0030002', '其他土木工程建筑施工(2017)', null, 'D0010001', '25000000', null, '2020-12-01');
INSERT INTO `send_green_thr_comapny_info` VALUES ('0800002407', '杭州分行', '湖州吴兴西山漾建设投资有限公司', '062014205', '宋鑫', '207480000', '330502', '5021', 'D0020001', 'D0030002', '市政设施管理(2017)', null, 'D0010001', '69160000', null, '2020-12-01');
INSERT INTO `send_green_thr_comapny_info` VALUES ('0800002738', '杭州分行', '安吉县新农村建设发展总公司', '562384886', '周斌', '240000000', '330523', '7690', 'D0020001', 'D0030002', '其他水利管理业(2017)', null, 'D0010001', '80000000', null, '2020-12-01');
INSERT INTO `send_green_thr_comapny_info` VALUES ('0900001349', '杭州分行', '安吉县民生村镇建设有限公司', '562392384', '方亮', '370200000', '330523', '7810', 'D0020001', 'D0030003', '市政设施管理(2017)', null, 'D0010001', '123400000', null, '2020-12-01');
INSERT INTO `send_green_thr_comapny_info` VALUES ('0900001365', '杭州分行', '安吉县天子湖农业综合开发有限公司', '754928171', '张家喜', '814200000', '330523', '0212', 'D0020001', 'D0030002', '林木育苗(2017)', null, 'D0010001', '271400000', null, '2020-12-01');
INSERT INTO `send_green_thr_comapny_info` VALUES ('1000000291', '杭州分行', '长兴泗安惠农农业开发有限公司', '566955666', '李仁健', '75000000', '330522', '0212', 'D0020001', 'D0030001', '林木育苗(2017)', null, 'D0010001', '25000000', null, '2020-12-01');
INSERT INTO `send_green_thr_comapny_info` VALUES ('1000001007', '杭州分行', '德清县城市资产经营管理有限公司', '059561363', '张毅平', '285000000', '330521', '7810', 'D0020001', 'D0030002', '市政设施管理(2017)', null, 'D0010001', '95000000', null, '2020-12-01');
INSERT INTO `send_green_thr_comapny_info` VALUES ('1000001271', '杭州分行', '德清县新艺绿化有限公司', '096770439', '沈斌', '90000000', '330521', '7840', 'D0020001', 'D0030003', '绿化管理(2017)', null, 'D0010001', '30000000', null, '2020-12-01');
INSERT INTO `send_green_thr_comapny_info` VALUES ('1000001400', '杭州分行', '湖州春语建设有限公司', '762500992', '周勤明', '180000000', '330503', '7810', 'D0020001', 'D0030003', '市政设施管理(2017)', null, 'D0010001', '60000000', null, '2020-12-01');
INSERT INTO `send_green_thr_comapny_info` VALUES ('1000001800', '杭州分行', '湖州协鑫环保热电有限公司', '753036438', '杨龙', '126000000', '330503', '4430', 'D0020007', 'D0030002', '热力生产和供应(2017)', null, 'D0010001', '42000000', null, '2020-12-01');
INSERT INTO `send_green_thr_comapny_info` VALUES ('1000001924', '杭州分行', '德清县干山水务有限公司', '704461470', '邓杏林', '75000000', '330521', '4610', 'D0020001', 'D0030003', '自来水生产和供应(2017)', null, 'D0010001', '25000000', null, '2020-12-01');
INSERT INTO `send_green_thr_comapny_info` VALUES ('1000002742', '杭州分行', '德清防风文化旅游发展有限公司', 'MA28C2J26', '杭成', '900000000', '330521', '7869', 'D0020001', 'D0030004', '其他游览景区管理(2017)', null, 'D0010001', '300000000', null, '2020-12-01');
INSERT INTO `send_green_thr_comapny_info` VALUES ('1100000199', '杭州分行', '长兴宏达水利建设发展有限公司', '594383116', '王培强', '450000000', '330522', '4821', 'D0020001', 'D0030002', '水源及供水设施工程建筑(2017)', null, 'D0010001', '150000000', null, '2020-12-01');
INSERT INTO `send_green_thr_comapny_info` VALUES ('1100000449', '杭州分行', '湖州南浔振浔污水处理有限公司', '784402437', '朱慧斌', '300000000', '330503', '4620', 'D0020001', 'D0030003', '污水处理及其再生利用(2017)', null, 'D0010001', '100000000', null, '2020-12-01');
INSERT INTO `send_green_thr_comapny_info` VALUES ('1100000809', '杭州分行', '安吉新城新农村综合开发有限公司', '575329202', '任舒婷', '300000000', '330523', '7810', 'D0020001', 'D0030003', '市政设施管理(2017)', null, 'D0010001', '100000000', null, '2020-12-01');
INSERT INTO `send_green_thr_comapny_info` VALUES ('1100000941', '杭州分行', '湖州南太湖现代农业综合区开发有限公司', '064159512', '倪莹', '2550000000', '330502', '7810', 'D0020001', 'D0030002', '市政设施管理(2017)', null, 'D0010001', '850000000', null, '2020-12-01');
INSERT INTO `send_green_thr_comapny_info` VALUES ('1100000982', '杭州分行', '湖州南浔城投市政绿化工程有限公司', '562363065', '谈国斌', '120000000', '330503', '7840', 'D0020001', 'D0030003', '绿化管理(2017)', null, 'D0010001', '40000000', null, '2020-12-01');
INSERT INTO `send_green_thr_comapny_info` VALUES ('1100001073', '杭州分行', '湖州织里园林绿化管理有限公司', '075335016', '倪建明', '90000000', '330502', '7840', 'D0020001', 'D0030002', '绿化管理(2017)', null, 'D0010001', '30000000', null, '2020-12-01');
INSERT INTO `send_green_thr_comapny_info` VALUES ('1100001187', '杭州分行', '德清经济开发区市政服务有限公司', '072851605', '莫兴强', '90000000', '330521', '7810', 'D0020001', 'D0030002', '市政设施管理(2017)', null, 'D0010001', '30000000', null, '2020-12-01');
INSERT INTO `send_green_thr_comapny_info` VALUES ('1100001380', '杭州分行', '德清县临杭新农村建设投资有限公司', '559660536', '张夏', '300000000', '330521', '7810', 'D0020001', 'D0030004', '市政设施管理(2017)', null, 'D0010001', '100000000', null, '2020-12-01');
INSERT INTO `send_green_thr_comapny_info` VALUES ('1100001523', '杭州分行', '安吉七彩灵峰林业发展有限公司', '350234472', '郭顺峰', '504000000', '330523', '0190', 'D0020001', 'D0030002', '其他农业(2017)', null, 'D0010001', '168000000', null, '2020-12-01');
INSERT INTO `send_green_thr_comapny_info` VALUES ('1100001899', '杭州分行', '德清盛杭建材有限公司', '055546094', '姚慧高', '90000000', '330521', '5165', 'D0020001', 'D0030003', '市政设施管理(2017)', null, 'D0010001', '30000000', null, '2020-12-01');
INSERT INTO `send_green_thr_comapny_info` VALUES ('1100002057', '杭州分行', '浙江安吉新地园林工程有限公司', '762534949', '程浩', '450000000', '330523', '4891', 'D0020001', 'D0030002', '园林绿化工程施工(2017)', null, 'D0010001', '150000000', null, '2020-12-01');
INSERT INTO `send_green_thr_comapny_info` VALUES ('1100002704', '杭州分行', '安吉紫梅实业有限公司', '554772539', '唐青青', '336000000', '330523', '7810', 'D0020001', 'D0030003', '市政设施管理(2017)', null, 'D0010001', '112000000', null, '2020-12-01');
INSERT INTO `send_green_thr_comapny_info` VALUES ('1100003197', '杭州分行', '浙江安吉广和建设有限公司', '753978513', '程浩', '600000000', '330523', '4813', 'D0020001', 'D0030002', '市政道路工程建筑(2017)', null, 'D0010001', '200000000', null, '2020-12-01');
INSERT INTO `send_green_thr_comapny_info` VALUES ('1100003702', '杭州分行', '浙江天昊建设发展有限公司', '058317369', '陈佳妍', '285000000', '330523', '7810', 'D0020001', 'D0030003', '市政设施管理(2017)', null, 'D0010001', '95000000', null, '2020-12-01');
INSERT INTO `send_green_thr_comapny_info` VALUES ('1200000770', '杭州分行', '浙江湖州临杭城镇化建设集团有限公司', '076216908', '陆菲', '360000000', '330502', '7810', 'D0020001', 'D0030004', '市政设施管理(2017)', null, 'D0010001', '120000000', null, '2020-12-01');
INSERT INTO `send_green_thr_comapny_info` VALUES ('1200000846', '杭州分行', '德清县下渚湖街道新农村发展有限公司', 'MA28CAPK3', '任贵洪', '180000000', '330521', '7810', 'D0020001', 'D0030002', '市政设施管理(2017)', null, 'D0010001', '60000000', null, '2020-12-01');
INSERT INTO `send_green_thr_comapny_info` VALUES ('1200001427', '杭州分行', '安吉嘉豪建设有限公司', '587784456', '张凌', '394200000', '330523', '7810', 'D0020001', 'D0030003', '市政设施管理(2017)', null, 'D0010001', '131400000', null, '2020-12-01');
INSERT INTO `send_green_thr_comapny_info` VALUES ('1200001489', '杭州分行', '德清县康城林业科技有限公司', '074016611', '蓝晓芳', '96000000', '330521', '7840', 'D0020001', 'D0030002', '绿化管理(2017)', null, 'D0010001', '32000000', null, '2020-12-01');
INSERT INTO `send_green_thr_comapny_info` VALUES ('1200001697', '杭州分行', '德清县德城园林绿化工程服务有限公司', '704461382', '戚昱超', '450000000', '330521', '5090', 'D0020001', 'D0030002', '市政设施管理(2017)', null, 'D0010001', '150000000', null, '2020-12-01');
INSERT INTO `send_green_thr_comapny_info` VALUES ('1200001710', '杭州分行', '长兴恒途实业有限公司', '598500674', '宋耀为', '900000000', '330522', '7830', 'D0020001', 'D0030002', '城乡市容管理(2017)', null, 'D0010001', '300000000', null, '2020-12-01');
INSERT INTO `send_green_thr_comapny_info` VALUES ('1200002247', '杭州分行', '湖州南浔城市投资发展集团有限公司', '058316497', '虞岱', '747990000', '330503', '7810', 'D0020001', 'D0030003', '市政设施管理(2017)', null, 'D0010001', '249330000', null, '2020-12-01');
INSERT INTO `send_green_thr_comapny_info` VALUES ('1200003493', '杭州分行', '德清县康益自来水有限公司', '554028312', '沈天富', '132000000', '330521', '4610', 'D0020001', 'D0030003', '自来水生产和供应(2017)', null, 'D0010001', '44000000', null, '2020-12-01');
INSERT INTO `send_green_thr_comapny_info` VALUES ('1200003629', '杭州分行', '安吉县天子湖新农村建设开发有限公司', '579316847', '斯晓', '300000000', '330523', '4790', 'D0020001', 'D0030002', '其他房屋建筑业(2017)', null, 'D0010001', '100000000', null, '2020-12-01');
INSERT INTO `send_green_thr_comapny_info` VALUES ('1200003681', '杭州分行', '浙江合港建设有限公司', 'MA2B4TQL9', '唐青青', '315000000', '330523', '7810', 'D0020001', 'D0030003', '市政设施管理(2017)', null, 'D0010001', '105000000', null, '2020-12-01');

-- ----------------------------
-- Table structure for `send_green_thr_credit_company_info`
-- ----------------------------
DROP TABLE IF EXISTS `send_green_thr_credit_company_info`;
CREATE TABLE `send_green_thr_credit_company_info` (
  `customerNo` varchar(200) DEFAULT NULL COMMENT '报送机构内部客户统一编号',
  `customerName` varchar(200) DEFAULT NULL COMMENT '企业名称',
  `unifiedSocialCreditCd` varchar(200) DEFAULT NULL COMMENT '统一社会信用代码',
  `legalPerson` varchar(200) DEFAULT NULL COMMENT '法定代表人',
  `registeredAmount` varchar(200) DEFAULT NULL COMMENT '注册资本（元）',
  `registeredAreaCd` varchar(200) DEFAULT NULL COMMENT '注册地区',
  `foundedDate` varchar(200) DEFAULT NULL COMMENT '成立日期',
  `businessScope` varchar(200) DEFAULT NULL COMMENT '经营范围',
  `majorBusiness` varchar(200) DEFAULT NULL COMMENT '主营业务',
  `industryCd` varchar(200) DEFAULT NULL COMMENT '所属行业',
  `companyTypeCd` varchar(200) DEFAULT NULL COMMENT '企业性质',
  `companySizeCd` varchar(200) DEFAULT NULL COMMENT '企业规模',
  `employeeNumber` varchar(200) DEFAULT NULL COMMENT '从业人数',
  `totalAssets` varchar(200) DEFAULT NULL COMMENT '资产总额',
  `operatingIncome` varchar(200) DEFAULT NULL COMMENT '营业收入',
  `shareholderName` varchar(200) DEFAULT NULL COMMENT '股东名称',
  `capitalContributionAmount` varchar(200) DEFAULT NULL COMMENT '出资额',
  `capitalContributionProportion` varchar(200) DEFAULT NULL COMMENT '出资比例',
  `basicDepositBankFlag` varchar(200) DEFAULT NULL COMMENT '是否企业基本账户所属机构',
  `basicDepositAccount` varchar(200) DEFAULT NULL COMMENT '企业基本账户账号',
  `basicDepositBankName` varchar(200) DEFAULT NULL COMMENT '企业基本账户开户行名称',
  `basicDepositBankCd` varchar(200) DEFAULT NULL COMMENT '企业基本账户开户行金融机构代码',
  `unifiedCreditFlag` varchar(200) DEFAULT NULL COMMENT '统一授信标志',
  `creditLimit` varchar(200) DEFAULT NULL COMMENT '授信总金额（元）',
  `organization` varchar(200) DEFAULT NULL COMMENT '机构',
  `gdate` varchar(200) DEFAULT NULL COMMENT '增量日期 yyyyMMdd'
) ENGINE=InnoDB DEFAULT CHARSET=utf8;

-- ----------------------------
-- Records of send_green_thr_credit_company_info
-- ----------------------------
INSERT INTO `send_green_thr_credit_company_info` VALUES ('0100000005', '德清桃源纪念园开发有限公司', '563305553', '边悦锟', '319095000', '330521', '20100930', '殡葬服务(2017)', '殡葬服务(2017)', '8080', '20030003', '20040001', '10', '212730000', '5000.0000', '德清县神通投资有限公司', '106365000', '0.20', null, null, '湖州德清支行', 'C1030433016639', 'D0010001', '106,365,000', null, null);
INSERT INTO `send_green_thr_credit_company_info` VALUES ('0100000574', '湖州市织里市政工程公司', '147021869', '潘全峰', '60000000', '330502', '19930909', '市政设施管理(2017)', '市政设施管理(2017)', '7810', '20030001', '20040002', '158', '40000000', '560.0000', '湖州市吴兴区织里镇便民服务中心', '20000000', '1.00', null, null, '湖州贷款中心', 'C1030433016387', 'D0010001', '20,000,000', null, null);
INSERT INTO `send_green_thr_credit_company_info` VALUES ('0100002824', '浙江湖州众创投资建设有限公司', 'MA29JHFQ7', '沈雪江', '724980000', '330503', '20170502', '投资与资产管理(2017)', '投资与资产管理(2017)', '7212', '20030001', '20040001', '10', '483320000', '20000.0000', '湖州市南浔区财政局', '241660000', '0.75', null, null, '湖州贷款中心', 'C1030433016387', 'D0010001', '241,660,000', null, null);
INSERT INTO `send_green_thr_credit_company_info` VALUES ('0200000221', '湖州南浔交通水利投资建设集团有限公司', '570593004', '闻爱祥', '300000000', '330503', '20110317', '市政设施管理(2017)', '市政设施管理(2017)', '7810', '20030001', '20040001', '30', '200000000', '100000.0000', '湖州市南浔区财政局', '100000000', '1.00', null, null, '湖州贷款中心', 'C1030433016387', 'D0010001', '100,000,000', null, null);
INSERT INTO `send_green_thr_credit_company_info` VALUES ('0200000588', '湖州新城公用工程有限公司', '256377055', '孙坚勇', '390000000', '330502', '19961104', '市政道路工程建筑(2017)', '市政道路工程建筑(2017)', '4813', '20030001', '20040003', '151', '260000000', '20000.0000', '湖州经济技术开发区公用事业管理处', '130000000', '1.00', null, null, '湖州贷款中心', 'C1030433016387', 'D0010001', '130,000,000', null, null);
INSERT INTO `send_green_thr_credit_company_info` VALUES ('0200000646', '德清临杭投资发展有限公司', 'MA28C1954', '沈祖定', '420000000', '330521', '20151106', '市政设施管理(2017)', '市政设施管理(2017)', '7810', '20030001', '20040001', '12', '280000000', '12000.0000', '浙江临杭物流发展有限公司', '140000000', '1.00', null, null, '湖州德清支行', 'C1030433016639', 'D0010001', '140,000,000', null, null);
INSERT INTO `send_green_thr_credit_company_info` VALUES ('0200002347', '浙江捷达科技有限公司', 'MA28C4DA9', '胡子荣', '153000000', '330523', '20170127', '化学药品制剂制造(2017)', '化学药品制剂制造(2017)', '2720', '20030003', '20040002', '316', '102000000', '3000.0000', '上海隆立投资有限公司', '51000000', '0.70', null, null, '湖州安吉绿色支行', 'C1030433016593', 'D0010001', '51,000,000', null, null);
INSERT INTO `send_green_thr_credit_company_info` VALUES ('0300000958', '长兴清泉水务有限公司', '577717452', '钱国平', '600000000', '330522', '20110627', '市政设施管理(2017)', '市政设施管理(2017)', '7810', '20030001', '20040002', '105', '400000000', '17000.0000', '长兴城市建设投资集团有限公司', '200000000', '1.00', null, null, '湖州长兴支行', 'C1030433016478', 'D0010001', '200,000,000', null, null);
INSERT INTO `send_green_thr_credit_company_info` VALUES ('0300001495', '德清鼎成置业有限公司', 'MA2D11RK6', '陈剑弘', '885000000', '330521', '20191204', '房地产开发经营(2017)', '房地产开发经营(2017)', '7010', '20030003', '20040004', '10', '590000000', '30000.0000', '杭州祥瑜投资管理有限公司', '295000000', '1.00', null, null, '湖州德清支行', 'C1030433016639', 'D0010001', '295,000,000', null, null);
INSERT INTO `send_green_thr_credit_company_info` VALUES ('0300003878', '农丰源股份有限公司', '693606848', '李文塔', '131250000', '330522', '20090810', '其他游览景区管理(2017)', '其他游览景区管理(2017)', '7869', '20030001', '20040001', '10', '87500000', '41700.0000', '长兴县国有资产经营总公司', '43750000', '0.38', null, null, '湖州长兴支行', 'C1030433016478', 'D0010001', '43,750,000', null, null);
INSERT INTO `send_green_thr_credit_company_info` VALUES ('0400002614', '长兴南太湖投资开发有限公司', '684525886', '单军杰', '450000000', '330522', '20090204', '市政设施管理(2017)', '市政设施管理(2017)', '7810', '20030001', '20040001', '50', '300000000', '47800.0000', '长兴交通投资集团有限公司', '150000000', '0.84', null, null, '湖州长兴支行', 'C1030433016478', 'D0010001', '150,000,000', null, null);
INSERT INTO `send_green_thr_credit_company_info` VALUES ('0400003062', '湖州荣骅电子信息产业园建设开发有限公司', 'MA28CMWX7', '施卓良', '600000000', '330502', '20161216', '市政设施管理(2017)', '市政设施管理(2017)', '7810', '20030001', '20040002', '100', '400000000', '5000.0000', '浙江湖州环太湖集团有限公司', '200000000', '0.60', null, null, '湖州贷款中心', 'C1030433016387', 'D0010001', '200,000,000', null, null);
INSERT INTO `send_green_thr_credit_company_info` VALUES ('0400003078', '湖州荣源科技城建设开发有限公司', 'MA28CMWU2', '施卓良', '300000000', '330502', '20161216', '市政设施管理(2017)', '市政设施管理(2017)', '7810', '20030001', '20040002', '110', '200000000', '5000.0000', '浙江湖州环太湖集团有限公司', '100000000', '0.60', null, null, '湖州贷款中心', 'C1030433016387', 'D0010001', '100,000,000', null, null);
INSERT INTO `send_green_thr_credit_company_info` VALUES ('0400004637', '浙江天能电源材料有限公司', '691275440', '张开红', '600000000', '330522', '20090702', '金属废料和碎屑加工处理(2017)', '金属废料和碎屑加工处理(2017)', '4210', '20030003', '20040002', '312', '400000000', '30000.0000', '浙江天能资源循环科技有限公司', '200000000', '1.00', null, null, '湖州长兴支行', 'C1030433016478', 'D0010001', '200,000,000', null, null);
INSERT INTO `send_green_thr_credit_company_info` VALUES ('0500000249', '浙江长兴永盛水利建设开发有限公司', '082908994', '詹福根', '294000000', '330522', '20131108', '水资源管理(2017)', '水资源管理(2017)', '7620', '20030001', '20040002', '164', '196000000', '10000.0000', '长兴经财实业投资有限公司', '98000000', '1.00', null, null, '湖州长兴支行', 'C1030433016478', 'D0010001', '98,000,000', null, null);
INSERT INTO `send_green_thr_credit_company_info` VALUES ('0500000450', '泰玛士矿业（湖州）有限公司', '75493028X', '李国强', '180000000', '330502', '20031020', '建筑装饰用石开采(2017)', '建筑装饰用石开采(2017)', '1012', '20030005', '20040001', '207', '120000000', '6165.0000', '永兴达控股集团有限公司', '60000000', '0.51', null, null, '湖州贷款中心', 'C1030433016387', 'D0010001', '60,000,000', null, null);
INSERT INTO `send_green_thr_credit_company_info` VALUES ('0500000450', '泰玛士矿业（湖州）有限公司', '75493028X', '李国强', '180000000', '330502', '20031020', '建筑装饰用石开采(2017)', '建筑装饰用石开采(2017)', '1012', '20030005', '20040001', '207', '120000000', '6165.0000', '永兴达实业有限公司', '60000000', '0.51', null, null, '湖州贷款中心', 'C1030433016387', 'D0010001', '60,000,000', null, null);
INSERT INTO `send_green_thr_credit_company_info` VALUES ('0500001393', '浙江安吉修竹绿化工程有限公司', '704472583', '方玉平', '424980000', '330523', '19981216', '其他未列明建筑业(2017)', '其他未列明建筑业(2017)', '5090', '20030001', '20040002', '308', '283320000', '62000.0000', '浙江安吉国控建设发展集团有限公司', '141660000', '1.00', null, null, '湖州安吉绿色支行', 'C1030433016593', 'D0010001', '141,660,000', null, null);
INSERT INTO `send_green_thr_credit_company_info` VALUES ('0600000216', '湖州市政工程有限公司', '471172378', '沈斌龙', '60000000', '330502', '19920409', '市政道路工程建筑(2017)', '市政道路工程建筑(2017)', '4813', '20030003', '20040002', '136', '40000000', '5096.0000', '湖州家佳装潢有限公司', '20000000', '1.00', null, null, '湖州贷款中心', 'C1030433016387', 'D0010001', '20,000,000', null, null);
INSERT INTO `send_green_thr_credit_company_info` VALUES ('0600000437', '安吉临港经济区开发建设总公司', '692356840', '窦长胜', '411360000', '330523', '20090715', '市政设施管理(2017)', '市政设施管理(2017)', '7810', '20030001', '20040001', '35', '274240000', '12000.0000', '安吉县人民政府办公室', '137120000', '1.00', null, null, '湖州安吉绿色支行', 'C1030433016593', 'D0010001', '137,120,000', null, null);
INSERT INTO `send_green_thr_credit_company_info` VALUES ('0600000437', '安吉临港经济区开发建设总公司', '692356840', '窦长胜', '411360000', '330523', '20090715', '市政设施管理(2017)', '市政设施管理(2017)', '7810', '20030001', '20040001', '35', '274240000', '12000.0000', '安吉县人民政府', '137120000', '1.00', null, null, '湖州安吉绿色支行', 'C1030433016593', 'D0010001', '137,120,000', null, null);
INSERT INTO `send_green_thr_credit_company_info` VALUES ('0600001656', '长兴远方的家旅游商品有限公司', 'MA28CUR82', '周新凤', '150000000', '330522', '20170116', '建材批发(2017)', '建材批发(2017)', '5165', '20030001', '20040002', '52', '100000000', '1000.0000', '长兴文化旅游发展集团有限公司', '50000000', '1.00', null, null, '湖州长兴支行', 'C1030433016478', 'D0010001', '50,000,000', null, null);
INSERT INTO `send_green_thr_credit_company_info` VALUES ('0600002183', '湖州市交通投资集团有限公司', '146975986', '楼秋红', '1800000000', '330502', '19940718', '其他未列明商务服务业(2017)', '其他未列明商务服务业(2017)', '7299', '20030001', '20040003', '909', '1200000000', '500000.0000', '湖州市人民政府国有资产监督管理委员会', '600000000', '0.90', null, null, '湖州贷款中心', 'C1030433016387', 'D0010001', '600,000,000', null, null);
INSERT INTO `send_green_thr_credit_company_info` VALUES ('0600002183', '湖州市交通投资集团有限公司', '146975986', '楼秋红', '1800000000', '330502', '19940718', '其他未列明商务服务业(2017)', '其他未列明商务服务业(2017)', '7299', '20030001', '20040003', '909', '1200000000', '500000.0000', '湖州市人民政府国有资产监督管理委员会', '600000000', '1.00', null, null, '湖州贷款中心', 'C1030433016387', 'D0010001', '600,000,000', null, null);
INSERT INTO `send_green_thr_credit_company_info` VALUES ('0600002310', '德清县交通工程建设有限公司', '757083135', '王克华', '81000000', '330521', '20031210', '公路工程建筑(2017)', '公路工程建筑(2017)', '4812', '20030001', '20040002', '100', '54000000', '2994.8800', '浙江省德清县交通水利投资集团有限公司', '27000000', '1.00', null, null, '湖州德清支行', 'C1030433016639', 'D0010001', '27,000,000', null, null);
INSERT INTO `send_green_thr_credit_company_info` VALUES ('0600006647', '长兴图兴贸易有限公司', 'MA2B52XU9', '吴志华', '267000000', '330522', '20180813', '金属及金属矿批发(2017)', '金属及金属矿批发(2017)', '5164', '20030001', '20040001', '6', '178000000', '10000.0000', '浙江长兴太湖图影旅游发展有限公司', '89000000', '1.00', null, null, '湖州长兴支行', 'C1030433016478', 'D0010001', '89,000,000', null, null);
INSERT INTO `send_green_thr_credit_company_info` VALUES ('0700001497', '安吉丰陵燃气有限公司', '147237512', '潘国平', '60000000', '330523', '19900410', '生活用燃料零售(2017)', '生活用燃料零售(2017)', '5296', '20030003', '20040002', '58', '40000000', '2250.0000', '潘国平', '20000000', '0.80', null, null, '湖州安吉绿色支行', 'C1030433016593', 'D0010001', '20,000,000', null, null);
INSERT INTO `send_green_thr_credit_company_info` VALUES ('0700001766', '永兴达实业有限公司', '350128223', '高兴江', '1140000000', '330502', '20150729', '投资与资产管理(2017)', '投资与资产管理(2017)', '7212', '20030003', '20040004', '7', '760000000', '30800.0000', '高兴江', '380000000', '0.65', null, null, '湖州贷款中心', 'C1030433016387', 'D0010001', '380,000,000', null, null);
INSERT INTO `send_green_thr_credit_company_info` VALUES ('0700002173', '中机国能安吉光伏发电有限公司', 'MA28C1Y02', '姜慧', '258483960', '330523', '20151124', '太阳能发电(2017)', '太阳能发电(2017)', '4416', '20030001', '20040004', '10', '172322640', '5000.0000', '中机国能电力集团有限公司', '86161320', '1.00', null, null, '湖州安吉绿色支行', 'C1030433016593', 'D0010001', '86,161,320', null, null);
INSERT INTO `send_green_thr_credit_company_info` VALUES ('0700004509', '德清恒创建设发展有限公司', '087360729', '姚骏杰', '375000000', '330521', '20131217', '市政设施管理(2017)', '市政设施管理(2017)', '7810', '20030001', '20040002', '103', '250000000', '10000.0000', '德清恒丰建设发展有限公司', '125000000', '1.00', null, null, '湖州德清支行', 'C1030433016639', 'D0010001', '125,000,000', null, null);
INSERT INTO `send_green_thr_credit_company_info` VALUES ('0800000031', '安吉兴梅绿化工程有限公司', '562377168', '吴传薇', '150000000', '330523', '20100919', '市政设施管理(2017)', '市政设施管理(2017)', '7810', '20030001', '20040002', '121', '100000000', '12000.0000', '安吉紫梅实业有限公司', '50000000', '1.00', null, null, '湖州安吉绿色支行', 'C1030433016593', 'D0010001', '50,000,000', null, null);
INSERT INTO `send_green_thr_credit_company_info` VALUES ('0800000052', '安吉天赋城乡开发建设有限公司', '079738744', '冯勇', '150000000', '330523', '20131009', '市政设施管理(2017)', '市政设施管理(2017)', '7810', '20030001', '20040001', '15', '100000000', '10000.0000', '安吉新农村建设有限公司', '50000000', '1.00', null, null, '湖州安吉绿色支行', 'C1030433016593', 'D0010001', '50,000,000', null, null);
INSERT INTO `send_green_thr_credit_company_info` VALUES ('0800001006', '长兴永成建设发展有限公司', '056876095', '李琦', '75000000', '330522', '20121109', '其他土木工程建筑施工(2017)', '其他土木工程建筑施工(2017)', '4899', '20030001', '20040002', '25', '50000000', '15000.0000', '长兴丽城建设发展有限公司', '25000000', '1.00', null, null, '湖州长兴支行', 'C1030433016478', 'D0010001', '25,000,000', null, null);
INSERT INTO `send_green_thr_credit_company_info` VALUES ('0800002407', '湖州吴兴西山漾建设投资有限公司', '062014205', '宋鑫', '207480000', '330502', '20130128', '市政设施管理(2017)', '市政设施管理(2017)', '5021', '20030001', '20040002', '100', '138320000', '10000.0000', '湖州吴兴交通旅游集团有限公司', '69160000', '1.00', null, null, '湖州贷款中心', 'C1030433016387', 'D0010001', '69,160,000', null, null);
INSERT INTO `send_green_thr_credit_company_info` VALUES ('0800002407', '湖州吴兴西山漾建设投资有限公司', '062014205', '宋鑫', '207480000', '330502', '20130128', '市政设施管理(2017)', '市政设施管理(2017)', '5021', '20030001', '20040002', '100', '138320000', '10000.0000', '湖州吴兴交通旅游投资发展集团有限公司', '69160000', '1.00', null, null, '湖州贷款中心', 'C1030433016387', 'D0010001', '69,160,000', null, null);
INSERT INTO `send_green_thr_credit_company_info` VALUES ('0800002738', '安吉县新农村建设发展总公司', '562384886', '周斌', '240000000', '330523', '20100919', '其他水利管理业(2017)', '其他水利管理业(2017)', '7690', '20030001', '20040002', '200', '160000000', '12000.0000', '安吉县人民政府办公室', '80000000', '1.00', null, null, '湖州安吉绿色支行', 'C1030433016593', 'D0010001', '80,000,000', null, null);
INSERT INTO `send_green_thr_credit_company_info` VALUES ('0800002738', '安吉县新农村建设发展总公司', '562384886', '周斌', '240000000', '330523', '20100919', '其他水利管理业(2017)', '其他水利管理业(2017)', '7690', '20030001', '20040002', '200', '160000000', '12000.0000', '安吉县人民政府', '80000000', '1.00', null, null, '湖州安吉绿色支行', 'C1030433016593', 'D0010001', '80,000,000', null, null);
INSERT INTO `send_green_thr_credit_company_info` VALUES ('0900001349', '安吉县民生村镇建设有限公司', '562392384', '方亮', '370200000', '330523', '20100927', '市政设施管理(2017)', '市政设施管理(2017)', '7810', '20030001', '20040001', '99', '246800000', '10000.0000', '安吉县新农村建设发展总公司', '123400000', '1.00', null, null, '湖州安吉绿色支行', 'C1030433016593', 'D0010001', '123,400,000', null, null);
INSERT INTO `send_green_thr_credit_company_info` VALUES ('0900001365', '安吉县天子湖农业综合开发有限公司', '754928171', '张家喜', '814200000', '330523', '20030526', '林木育苗(2017)', '林木育苗(2017)', '0212', '20030001', '20040002', '3', '542800000', '2000.0000', '湖州省际承接产业转移示范区安吉分区管理委员会', '271400000', '1.00', null, null, '湖州安吉绿色支行', 'C1030433016593', 'D0010001', '271,400,000', null, null);
INSERT INTO `send_green_thr_credit_company_info` VALUES ('1000000291', '长兴泗安惠农农业开发有限公司', '566955666', '李仁健', '75000000', '330522', '20101214', '林木育苗(2017)', '林木育苗(2017)', '0212', '20030001', '20040003', '15', '50000000', '1000.0000', '长兴永隆建设发展有限公司', '25000000', '1.00', null, null, '湖州长兴支行', 'C1030433016478', 'D0010001', '25,000,000', null, null);
INSERT INTO `send_green_thr_credit_company_info` VALUES ('1000001007', '德清县城市资产经营管理有限公司', '059561363', '张毅平', '285000000', '330521', '20121214', '市政设施管理(2017)', '市政设施管理(2017)', '7810', '20030001', '20040002', '106', '190000000', '30000.0000', '德清县恒达建设发展有限公司', '95000000', '1.00', null, null, '湖州德清支行', 'C1030433016639', 'D0010001', '95,000,000', null, null);
INSERT INTO `send_green_thr_credit_company_info` VALUES ('1000001271', '德清县新艺绿化有限公司', '096770439', '沈斌', '90000000', '330521', '20140326', '绿化管理(2017)', '绿化管理(2017)', '7840', '20030001', '20040001', '15', '60000000', '5000.0000', '浙江德清金开城市开发建设有限公司', '30000000', '1.00', null, null, '湖州德清支行', 'C1030433016639', 'D0010001', '30,000,000', null, null);
INSERT INTO `send_green_thr_credit_company_info` VALUES ('1000001400', '湖州春语建设有限公司', '762500992', '周勤明', '180000000', '330503', '20040512', '市政设施管理(2017)', '市政设施管理(2017)', '7810', '20030001', '20040001', '15', '120000000', '6000.0000', '浙江湖州南浔经济建设开发有限公司', '60000000', '1.00', null, null, '湖州贷款中心', 'C1030433016387', 'D0010001', '60,000,000', null, null);
INSERT INTO `send_green_thr_credit_company_info` VALUES ('1000001800', '湖州协鑫环保热电有限公司', '753036438', '杨龙', '126000000', '330503', '20040730', '热力生产和供应(2017)', '热力生产和供应(2017)', '4430', '20030003', '20040002', '333', '84000000', '8607.5200', '杭州鑫科能源管理合伙企业（有限合伙）', '42000000', '0.95', null, null, '湖州贷款中心', 'C1030433016387', 'D0010001', '42,000,000', null, null);
INSERT INTO `send_green_thr_credit_company_info` VALUES ('1000001924', '德清县干山水务有限公司', '704461470', '邓杏林', '75000000', '330521', '19950505', '自来水生产和供应(2017)', '自来水生产和供应(2017)', '4610', '20030001', '20040001', '112', '50000000', '1000.0000', '浙江德清金开水务有限公司', '25000000', '1.00', null, null, '湖州德清支行', 'C1030433016639', 'D0010001', '25,000,000', null, null);
INSERT INTO `send_green_thr_credit_company_info` VALUES ('1000002742', '德清防风文化旅游发展有限公司', 'MA28C2J26', '杭成', '900000000', '330521', '20151208', '其他游览景区管理(2017)', '其他游览景区管理(2017)', '7869', '20030001', '20040004', '7', '600000000', '20000.0000', '德清县下渚湖湿地旅游发展有限公司', '300000000', '1.00', null, null, '湖州德清支行', 'C1030433016639', 'D0010001', '300,000,000', null, null);
INSERT INTO `send_green_thr_credit_company_info` VALUES ('1100000199', '长兴宏达水利建设发展有限公司', '594383116', '王培强', '450000000', '330522', '20120419', '水源及供水设施工程建筑(2017)', '水源及供水设施工程建筑(2017)', '4821', '20030001', '20040002', '30', '300000000', '27000.0000', '浙江长兴经开建设开发有限公司', '150000000', '1.00', null, null, '湖州长兴支行', 'C1030433016478', 'D0010001', '150,000,000', null, null);
INSERT INTO `send_green_thr_credit_company_info` VALUES ('1100000449', '湖州南浔振浔污水处理有限公司', '784402437', '朱慧斌', '300000000', '330503', '20051229', '污水处理及其再生利用(2017)', '污水处理及其再生利用(2017)', '4620', '20030001', '20040001', '126', '200000000', '1600.0000', '湖州南浔城市投资发展集团有限公司', '100000000', '1.00', null, null, '湖州贷款中心', 'C1030433016387', 'D0010001', '100,000,000', null, null);
INSERT INTO `send_green_thr_credit_company_info` VALUES ('1100000809', '安吉新城新农村综合开发有限公司', '575329202', '任舒婷', '300000000', '330523', '20110524', '市政设施管理(2017)', '市政设施管理(2017)', '7810', '20030001', '20040001', '67', '200000000', '12000.0000', '浙江天子湖实业投资有限公司', '100000000', '1.00', null, null, '湖州安吉绿色支行', 'C1030433016593', 'D0010001', '100,000,000', null, null);
INSERT INTO `send_green_thr_credit_company_info` VALUES ('1100000941', '湖州南太湖现代农业综合区开发有限公司', '064159512', '倪莹', '2550000000', '330502', '20130319', '市政设施管理(2017)', '市政设施管理(2017)', '7810', '20030001', '20040002', '100', '1700000000', '28000.0000', '湖州申太建设发展有限公司', '850000000', '1.00', null, null, '湖州贷款中心', 'C1030433016387', 'D0010001', '850,000,000', null, null);
INSERT INTO `send_green_thr_credit_company_info` VALUES ('1100000982', '湖州南浔城投市政绿化工程有限公司', '562363065', '谈国斌', '120000000', '330503', '20100908', '绿化管理(2017)', '绿化管理(2017)', '7840', '20030001', '20040001', '18', '80000000', '21500.0000', '湖州南浔振浔污水处理有限公司', '40000000', '1.00', null, null, '湖州贷款中心', 'C1030433016387', 'D0010001', '40,000,000', null, null);
INSERT INTO `send_green_thr_credit_company_info` VALUES ('1100001073', '湖州织里园林绿化管理有限公司', '075335016', '倪建明', '90000000', '330502', '20130802', '绿化管理(2017)', '绿化管理(2017)', '7840', '20030001', '20040002', '135', '60000000', '6000.0000', '湖州市织里房地产开发公司', '30000000', '1.00', null, null, '湖州贷款中心', 'C1030433016387', 'D0010001', '30,000,000', null, null);
INSERT INTO `send_green_thr_credit_company_info` VALUES ('1100001187', '德清经济开发区市政服务有限公司', '072851605', '莫兴强', '90000000', '330521', '20130621', '市政设施管理(2017)', '市政设施管理(2017)', '7810', '20030001', '20040002', '120', '60000000', '65000.0000', '湖州莫干山高新集团有限公司', '30000000', '1.00', null, null, '湖州德清支行', 'C1030433016639', 'D0010001', '30,000,000', null, null);
INSERT INTO `send_green_thr_credit_company_info` VALUES ('1100001380', '德清县临杭新农村建设投资有限公司', '559660536', '张夏', '300000000', '330521', '20100729', '市政设施管理(2017)', '市政设施管理(2017)', '7810', '20030001', '20040004', '3', '200000000', '32000.0000', '德清联创科技新城建设有限公司', '100000000', '1.00', null, null, '湖州德清支行', 'C1030433016639', 'D0010001', '100,000,000', null, null);
INSERT INTO `send_green_thr_credit_company_info` VALUES ('1100001523', '安吉七彩灵峰林业发展有限公司', '350234472', '郭顺峰', '504000000', '330523', '20150731', '其他农业(2017)', '其他农业(2017)', '0190', '20030001', '20040002', '5', '336000000', '15000.0000', '安吉七彩灵峰乡村旅游投资有限公司', '168000000', '1.00', null, null, '湖州安吉绿色支行', 'C1030433016593', 'D0010001', '168,000,000', null, null);
INSERT INTO `send_green_thr_credit_company_info` VALUES ('1100001556', '德清县康益自来水有限公司', '554028312', '沈天富', '132000000', '330521', '20100419', '自来水生产和供应(2017)', '自来水生产和供应(2017)', '4610', '20030001', '20040001', '126', '88000000', '1200.0000', '浙江德清金开水务有限公司', '44000000', '1.00', null, null, '湖州德清支行', 'C1030433016639', 'D0010001', '44,000,000', null, null);
INSERT INTO `send_green_thr_credit_company_info` VALUES ('1100001899', '德清盛杭建材有限公司', '055546094', '姚慧高', '90000000', '330521', '20121030', '市政设施管理(2017)', '市政设施管理(2017)', '5165', '20030001', '20040001', '10', '60000000', '1000.0000', '浙江临杭物流发展有限公司', '30000000', '1.00', null, null, '湖州德清支行', 'C1030433016639', 'D0010001', '30,000,000', null, null);
INSERT INTO `send_green_thr_credit_company_info` VALUES ('1100002057', '浙江安吉新地园林工程有限公司', '762534949', '程浩', '450000000', '330523', '20040511', '园林绿化工程施工(2017)', '园林绿化工程施工(2017)', '4891', '20030001', '20040002', '18', '300000000', '3000.0000', '安吉舜嘉建设有限公司', '150000000', '1.00', null, null, '湖州安吉绿色支行', 'C1030433016593', 'D0010001', '150,000,000', null, null);
INSERT INTO `send_green_thr_credit_company_info` VALUES ('1100002704', '安吉紫梅实业有限公司', '554772539', '唐青青', '336000000', '330523', '20100507', '市政设施管理(2017)', '市政设施管理(2017)', '7810', '20030001', '20040001', '30', '224000000', '32000.0000', '浙江天子湖实业投资有限公司', '112000000', '', null, null, '湖州安吉绿色支行', 'C1030433016593', 'D0010001', '112,000,000', null, null);
INSERT INTO `send_green_thr_credit_company_info` VALUES ('1100003197', '浙江安吉广和建设有限公司', '753978513', '程浩', '600000000', '330523', '20030910', '市政道路工程建筑(2017)', '市政道路工程建筑(2017)', '4813', '20030001', '20040002', '145', '400000000', '12000.0000', '安吉舜嘉建设有限公司', '200000000', '1.00', null, null, '湖州安吉绿色支行', 'C1030433016593', 'D0010001', '200,000,000', null, null);
INSERT INTO `send_green_thr_credit_company_info` VALUES ('1100003702', '浙江天昊建设发展有限公司', '058317369', '陈佳妍', '285000000', '330523', '20121126', '市政设施管理(2017)', '市政设施管理(2017)', '7810', '20030001', '20040001', '13', '190000000', '40000.0000', '浙江天子湖实业投资有限公司', '95000000', '1.00', null, null, '湖州安吉绿色支行', 'C1030433016593', 'D0010001', '95,000,000', null, null);
INSERT INTO `send_green_thr_credit_company_info` VALUES ('1200000770', '浙江湖州临杭城镇化建设集团有限公司', '076216908', '陆菲', '360000000', '330502', '20130816', '市政设施管理(2017)', '市政设施管理(2017)', '7810', '20030001', '20040004', '3', '240000000', '30000.0000', '湖州南浔旅游投资发展集团有限公司', '120000000', '1.00', null, null, '湖州贷款中心', 'C1030433016387', 'D0010001', '120,000,000', null, null);
INSERT INTO `send_green_thr_credit_company_info` VALUES ('1200000846', '德清县下渚湖街道新农村发展有限公司', 'MA28CAPK3', '任贵洪', '180000000', '330521', '20160614', '市政设施管理(2017)', '市政设施管理(2017)', '7810', '20030001', '20040002', '102', '120000000', '2000.0000', '德清县文化旅游控股有限公司', '60000000', '1.00', null, null, '湖州德清支行', 'C1030433016639', 'D0010001', '60,000,000', null, null);
INSERT INTO `send_green_thr_credit_company_info` VALUES ('1200001427', '安吉嘉豪建设有限公司', '587784456', '张凌', '394200000', '330523', '20111221', '市政设施管理(2017)', '市政设施管理(2017)', '7810', '20030001', '20040001', '10', '262800000', '123200.0000', '浙江安吉经济开发区管理委员会', '131400000', '1.00', null, null, '湖州安吉绿色支行', 'C1030433016593', 'D0010001', '131,400,000', null, null);
INSERT INTO `send_green_thr_credit_company_info` VALUES ('1200001489', '德清县康城林业科技有限公司', '074016611', '蓝晓芳', '96000000', '330521', '20130717', '绿化管理(2017)', '绿化管理(2017)', '7840', '20030001', '20040002', '103', '64000000', '7000.0000', '德清县新农村建设投资有限公司', '32000000', '1.00', null, null, '湖州德清支行', 'C1030433016639', 'D0010001', '32,000,000', null, null);
INSERT INTO `send_green_thr_credit_company_info` VALUES ('1200001697', '德清县德城园林绿化工程服务有限公司', '704461382', '戚昱超', '450000000', '330521', '19991105', '市政设施管理(2017)', '市政设施管理(2017)', '5090', '20030001', '20040002', '114', '300000000', '15000.0000', '德清县恒达建设发展有限公司', '150000000', '1.00', null, null, '湖州德清支行', 'C1030433016639', 'D0010001', '150,000,000', null, null);
INSERT INTO `send_green_thr_credit_company_info` VALUES ('1200001710', '长兴恒途实业有限公司', '598500674', '宋耀为', '900000000', '330522', '20120611', '城乡市容管理(2017)', '城乡市容管理(2017)', '7830', '20030001', '20040002', '102', '600000000', '21000.0000', '长兴建鑫商业经营管理有限公司', '300000000', '1.00', null, null, '湖州长兴支行', 'C1030433016478', 'D0010001', '300,000,000', null, null);
INSERT INTO `send_green_thr_credit_company_info` VALUES ('1200002247', '湖州南浔城市投资发展集团有限公司', '058316497', '虞岱', '747990000', '330503', '20121127', '市政设施管理(2017)', '市政设施管理(2017)', '7810', '20030001', '20040001', '10', '498660000', '25000.0000', '湖州市南浔区国有资产投资控股有限责任公司', '249330000', '1.00', null, null, '湖州贷款中心', 'C1030433016387', 'D0010001', '249,330,000', null, null);
INSERT INTO `send_green_thr_credit_company_info` VALUES ('1200003629', '安吉县天子湖新农村建设开发有限公司', '579316847', '斯晓', '300000000', '330523', '20110715', '其他房屋建筑业(2017)', '其他房屋建筑业(2017)', '4790', '20030001', '20040002', '15', '200000000', '12000.0000', '浙江天子湖实业投资有限公司', '100000000', '1.00', null, null, '湖州安吉绿色支行', 'C1030433016593', 'D0010001', '100,000,000', null, null);
INSERT INTO `send_green_thr_credit_company_info` VALUES ('1200003681', '浙江合港建设有限公司', 'MA2B4TQL9', '唐青青', '315000000', '330523', '20180703', '市政设施管理(2017)', '市政设施管理(2017)', '7810', '20030001', '20040001', '25', '210000000', '30807.0000', '安吉紫梅实业有限公司', '105000000', '1.00', null, null, '湖州安吉绿色支行', 'C1030433016593', 'D0010001', '105,000,000', null, null);

-- ----------------------------
-- Table structure for `send_green_thr_credit_info`
-- ----------------------------
DROP TABLE IF EXISTS `send_green_thr_credit_info`;
CREATE TABLE `send_green_thr_credit_info` (
  `organization` varchar(200) DEFAULT NULL COMMENT '机构 ',
  `businessTypeCd` varchar(200) DEFAULT NULL COMMENT '报送业务场景',
  `businessDate` varchar(200) DEFAULT NULL COMMENT '业务日期',
  `letterCreditNo` varchar(200) DEFAULT NULL COMMENT '信用证编号',
  `contractNo` varchar(200) DEFAULT NULL COMMENT '合同号',
  `businessOrg` varchar(200) DEFAULT NULL COMMENT '业务发生机构',
  `customerNo` varchar(200) DEFAULT NULL COMMENT '客户统一编号',
  `letterCreditAmount` varchar(200) DEFAULT NULL COMMENT '信用证金额',
  `letterCreditBalance` varchar(200) DEFAULT NULL COMMENT '信用证余额',
  `issueDate` varchar(200) DEFAULT NULL COMMENT '信用证开证日期',
  `expiringDate` varchar(200) DEFAULT NULL COMMENT '信用证到期日期',
  `closeDate` varchar(200) DEFAULT NULL COMMENT '信用证闭卷日期',
  `revocationDate` varchar(200) DEFAULT NULL COMMENT '信用证撤销日期',
  `termTypeCd` varchar(200) DEFAULT NULL COMMENT '信用证期限类型',
  `fiveLevelCd` varchar(200) DEFAULT NULL COMMENT '资产风险分类',
  `guaranteeMethodCd` varchar(200) DEFAULT NULL COMMENT '担保方式',
  `marginLevel` varchar(200) DEFAULT NULL COMMENT '保证金比例',
  `greenDecidedDate` varchar(200) DEFAULT NULL COMMENT '绿色认定日期',
  `cbrcGreenClass` varchar(200) DEFAULT NULL COMMENT '银保监会绿色认定分类代码',
  `isEnvironmentalInterest` varchar(200) DEFAULT NULL COMMENT '是否环境权益融资',
  `environmentalInterestCd` varchar(200) DEFAULT NULL COMMENT '环境权益融资分类',
  `gdate` varchar(200) DEFAULT NULL COMMENT '增量日期 yyyyMMdd'
) ENGINE=InnoDB DEFAULT CHARSET=utf8;

-- ----------------------------
-- Records of send_green_thr_credit_info
-- ----------------------------
INSERT INTO `send_green_thr_credit_info` VALUES ('杭州分行', 'D0080031', '20200923', '25452000000018592', 'HUZ1010120200053', 'B0008S333050002', '0800000052', '50,000,000', '50,000,000.', '20201201', '20230922', null, null, 'D0200002', 'D0150001', 'D0130003', '0', '20200820', 'CBIRCGC20B05060500', 'D0010002', null, '2020-11-23');
INSERT INTO `send_green_thr_credit_info` VALUES ('杭州分行', 'D0080033', '20190109', '25452000000011198', 'HUZ1010120190001', 'B0008S333050002', '1100002057', '100,000,000', '98,660,000.', '20201201', '20211226', null, null, 'D0200002', 'D0150001', 'D0130003', '0', '20181206', 'CBIRCGC20B05060400', 'D0010002', null, '2020-11-23');
INSERT INTO `send_green_thr_credit_info` VALUES ('杭州分行', 'D0080033', '20141120', '25451000000000944', 'HUZ0710220140062', 'B0008S333050001', '0300003878', '50,000,000', '21,875,000.', '20201201', '20241120', null, null, 'D0200002', 'D0150001', 'D0130003', '0', '20140822', 'CBIRCGC20B01060200', 'D0010002', null, '2020-11-23');
INSERT INTO `send_green_thr_credit_info` VALUES ('杭州分行', 'D0080030', '20200106', '25456000000008353', 'HUZ1230220200003', 'B0008S333050006', '1200000846', '54,000,000', '53,401,500.', '20200106', '20210104', null, null, 'D0200002', 'D0150001', 'D0130002', '0', '20200106', 'CBIRCGC20B05060100', 'D0010002', null, '2020-11-23');
INSERT INTO `send_green_thr_credit_info` VALUES ('杭州分行', 'D0080030', '20160701', '25452000000002570', 'HUZ1010220160028', 'B0008S333050002', '1100002704', '70,000,000', '33,600,000.', '20201201', '20210701', null, null, 'D0200002', 'D0150001', 'D0130003', '0', '20151212', 'CBIRCGC20B04030200', 'D0010002', null, '2020-11-23');
INSERT INTO `send_green_thr_credit_info` VALUES ('杭州分行', 'D0080030', '20190312', '25497000000042471', 'HUZ0510220190010', 'B0008L333050001', '0100002824', '100,000,000', '95,830,000.', '20190312', '20270131', null, null, 'D0200002', 'D0150001', 'D0130001', '0', '20190312', 'CBIRCGC20B02010201', 'D0010002', null, '2020-11-23');
INSERT INTO `send_green_thr_credit_info` VALUES ('杭州分行', 'D0080032', '20200306', '25452000000015705', 'HUZ1010120200018', 'B0008S333050002', '0200002347', '15,000,000', '15,000,000.', '20201201', '20210306', null, null, 'D0200002', 'D0150001', 'D0130001', '0', '20200305', 'CBIRCGC20B02020100', 'D0010002', null, '2020-11-23');
INSERT INTO `send_green_thr_credit_info` VALUES ('杭州分行', 'D0080030', '20200225', '25452000000015625', 'HUZ1030220200012', 'B0008S333050002', '1200003681', '50,000,000', '49,229,444.65', '20200225', '20210224', null, null, 'D0200002', 'D0150001', 'D0130002', '0', '20200225', 'CBIRCGC20B05060400', 'D0010002', null, '2020-11-23');
INSERT INTO `send_green_thr_credit_info` VALUES ('杭州分行', 'D0080030', '20161230', '25497000000021563', 'HUZ0410220160027', 'B0008L333050001', '1200002247', '240,000,000', '207,000,000.', '20201201', '20211230', null, null, 'D0200002', 'D0150001', 'D0130003', '0', '20200611', 'CBIRCGC20B01060200', 'D0010002', null, '2020-11-23');
INSERT INTO `send_green_thr_credit_info` VALUES ('杭州分行', 'D0080033', '20190920', '25497000000047253', 'HUZ0310120190137', 'B0008L333050001', '0700001766', '111,000,000', '110,100,000.', '20201201', '20220920', null, null, 'D0200002', 'D0150001', 'D0130002', '0', '20200721', 'CBIRCGC20B01070200', 'D0010002', null, '2020-11-23');
INSERT INTO `send_green_thr_credit_info` VALUES ('杭州分行', 'D0080033', '20160826', '25456000000000965', 'HUZ1210220160031', 'B0008S333050006', '0200000646', '100,000,000', '60,000,000.', '20201201', '20210826', null, null, 'D0200002', 'D0150001', 'D0130003', '0', '20160411', 'CBIRCGC20B05030104', 'D0010002', null, '2020-11-23');
INSERT INTO `send_green_thr_credit_info` VALUES ('杭州分行', 'D0080030', '20151127', '25456000000000148', 'HUZ1210220150012', 'B0008S333050006', '1000001007', '50,000,000', '20,000,000.', '20151127', '20201115', null, null, 'D0200002', 'D0150001', 'D0130003', '0', '20151127', 'CBIRCGC20B01060200', 'D0010002', null, '2020-11-23');
INSERT INTO `send_green_thr_credit_info` VALUES ('杭州分行', 'D0080030', '20151225', '25456000000000239', 'HUZ1210220150027', 'B0008S333050006', '1100001380', '250,000,000', '100,000,000.', '20151225', '20201215', null, null, 'D0200002', 'D0150001', 'D0130003', '0', '20151225', 'CBIRCGC20B01060200', 'D0010002', null, '2020-11-23');
INSERT INTO `send_green_thr_credit_info` VALUES ('杭州分行', 'D0080032', '20200515', '25456000000008976', 'HUZ1210220200033', 'B0008S333050006', '1000002742', '240,000,000', '240,000,000.', '20201201', '20270423', null, null, 'D0200002', 'D0150001', 'D0130001', '0', '20200325', 'CBIRCGC20B01061200', 'D0010002', null, '2020-11-23');
INSERT INTO `send_green_thr_credit_info` VALUES ('杭州分行', 'D0080030', '20170103', '25452000000004351', 'HUZ1010220160061', 'B0008S333050002', '0600000437', '100,000,000', '73,580,000.', '20201201', '20220103', null, null, 'D0200002', 'D0150001', 'D0130003', '0', '20160725', 'CBIRCGC20B05050400', 'D0010002', null, '2020-11-23');
INSERT INTO `send_green_thr_credit_info` VALUES ('杭州分行', 'D0080030', '20151225', '25456000000000240', 'HUZ1210220150025', 'B0008S333050006', '0700004509', '250,000,000', '80,000,000.', '20151225', '20201225', null, null, 'D0200002', 'D0150001', 'D0130003', '0', '20151225', 'CBIRCGC20B01060200', 'D0010002', null, '2020-11-23');
INSERT INTO `send_green_thr_credit_info` VALUES ('杭州分行', 'D0080030', '20200619', '25451000000019388', 'HUZ0710120200037', 'B0008S333050001', '0600001656', '50,000,000', '50,000,000.', '20201201', '20201218', null, null, 'D0200002', 'D0150001', 'D0130002', '0', '20200615', 'CBIRCGC20B01011400', 'D0010002', null, '2020-11-23');
INSERT INTO `send_green_thr_credit_info` VALUES ('杭州分行', 'D0080030', '20200225', '25451000000017915', 'HUZ0730220200018', 'B0008S333050001', '1200001710', '150,000,000', '147,160,000.', '20200225', '20210220', null, null, 'D0200002', 'D0150001', 'D0130002', '0', '20200225', 'CBIRCGC20B04031200', 'D0010002', null, '2020-11-23');
INSERT INTO `send_green_thr_credit_info` VALUES ('杭州分行', 'D0080030', '20160701', '25452000000002581', 'HUZ1010220160031', 'B0008S333050002', '1200001427', '20,000,000', '7,860,000.', '20201201', '20210701', null, null, 'D0200002', 'D0150001', 'D0130003', '0', '20160122', 'CBIRCGC20B04030200', 'D0010002', null, '2020-11-23');
INSERT INTO `send_green_thr_credit_info` VALUES ('杭州分行', 'D0080030', '20161019', '25452000000003391', 'HUZ1010220160045', 'B0008S333050002', '0500001393', '50,000,000', '26,660,000.', '20201201', '20211019', null, null, 'D0200002', 'D0150001', 'D0130003', '0', '20160714', 'CBIRCGC20B01060100', 'D0010002', null, '2020-11-23');
INSERT INTO `send_green_thr_credit_info` VALUES ('杭州分行', 'D0080032', '20180105', '25452000000007352', 'HUZ1010120180001', 'B0008S333050002', '1100003197', '200,000,000', '180,000,000.', '20201201', '20201227', null, null, 'D0200002', 'D0150001', 'D0130001', '0', '20171221', 'CBIRCGC20B05060400', 'D0010002', null, '2020-11-23');
INSERT INTO `send_green_thr_credit_info` VALUES ('杭州分行', 'D0080030', '20200113', '25456000000008433', 'HUZ1210120200014', 'B0008S333050006', '1200001489', '25,000,000', '25,000,000.', '20201201', '20210113', null, null, 'D0200002', 'D0150001', 'D0130003', '0', '20191226', 'CBIRCGC20B04010300', 'D0010002', null, '2020-11-23');
INSERT INTO `send_green_thr_credit_info` VALUES ('杭州分行', 'D0080031', '20200910', '25452000000018467', 'HUZ1010120200050', 'B0008S333050002', '0700001497', '5,000,000', '5,000,000.', '20201201', '20210910', null, null, 'D0200002', 'D0150001', 'D0130002', '0', '20200904', 'CBIRCGC20B03040500', 'D0010002', null, '2020-11-23');
INSERT INTO `send_green_thr_credit_info` VALUES ('杭州分行', 'D0080033', '20180108', '25456000000003682', 'HUZ1210120170094', 'B0008S333050006', '1200001697', '30,000,000', '29,000,000.', '20201201', '20210108', null, null, 'D0200002', 'D0150001', 'D0130003', '0', '20170125', 'CBIRCGC20B05060400', 'D0010002', null, '2020-11-23');
INSERT INTO `send_green_thr_credit_info` VALUES ('杭州分行', 'D0080033', '20190911', '25451000000015690', 'HUZ0710220190052', 'B0008S333050001', '0300000958', '50,000,000', '50,000,000.', '20201201', '20270520', null, null, 'D0200002', 'D0150001', 'D0130003', '0', '20200324', 'CBIRCGC20B02040200', 'D0010002', null, '2020-11-23');
INSERT INTO `send_green_thr_credit_info` VALUES ('杭州分行', 'D0080031', '20200731', '25456000000009583', 'HUZ1210120200045', 'B0008S333050006', '1100001899', '30,000,000', '30,000,000.', '20201201', '20210729', null, null, 'D0200002', 'D0150001', 'D0130003', '0', '20200703', 'CBIRCGC20B01011400', 'D0010002', null, '2020-11-23');
INSERT INTO `send_green_thr_credit_info` VALUES ('杭州分行', 'D0080030', '20161115', '25452000000003776', 'HUZ1010220160048', 'B0008S333050002', '1100003702', '50,000,000', '25,000,000.', '20201201', '20211115', null, null, 'D0200002', 'D0150001', 'D0130003', '0', '20151212', 'CBIRCGC20B04030200', 'D0010002', null, '2020-11-23');
INSERT INTO `send_green_thr_credit_info` VALUES ('杭州分行', 'D0080030', '20191108', '25451000000016467', 'HUZ0710120190062', 'B0008S333050001', '1000000291', '25,000,000', '25,000,000.', '20191108', '20201108', null, null, 'D0200002', 'D0150001', 'D0130003', '0', '20191108', 'CBIRCGC20B04010300', 'D0010002', null, '2020-11-23');
INSERT INTO `send_green_thr_credit_info` VALUES ('杭州分行', 'D0080032', '20191030', '25497000000047593', 'HUZ0310120190136', 'B0008L333050001', '0700001766', '269,000,000', '166,870,000.', '20201201', '20221030', null, null, 'D0200002', 'D0150001', 'D0130002', '0', '20200721', 'CBIRCGC20B01070200', 'D0010002', null, '2020-11-23');
INSERT INTO `send_green_thr_credit_info` VALUES ('杭州分行', 'D0080033', '20160108', '25497000000013450', 'HUZ0510220150069', 'B0008L333050001', '0800002407', '275,000,000', '69,160,000.', '20201201', '20210108', null, null, 'D0200002', 'D0150001', 'D0130003', '0', '20151011', 'CBIRCGC20B05030101', 'D0010002', null, '2020-11-23');
INSERT INTO `send_green_thr_credit_info` VALUES ('杭州分行', 'D0080030', '20160108', '25452000000001644', 'HUZ1010220160002', 'B0008S333050002', '1100002704', '100,000,000', '40,000,000.', '20201201', '20210105', null, null, 'D0200002', 'D0150001', 'D0130003', '0', '20151212', 'CBIRCGC20B04030200', 'D0010002', null, '2020-11-23');
INSERT INTO `send_green_thr_credit_info` VALUES ('杭州分行', 'D0080030', '20161216', '25452000000003878', 'HUZ1010220160052', 'B0008S333050002', '0900001349', '10,000,000', '5,200,000.', '20201201', '20211216', null, null, 'D0200002', 'D0150001', 'D0130003', '0', '20161114', 'CBIRCGC20B04030500', 'D0010002', null, '2020-11-23');
INSERT INTO `send_green_thr_credit_info` VALUES ('杭州分行', 'D0080030', '20151120', '25451000000001574', 'HUZ0710220150087', 'B0008S333050001', '0800001006', '100,000,000', '25,000,000.', '20151120', '20201015', null, null, 'D0200002', 'D0150001', 'D0130001', '0', '20151120', 'CBIRCGC20B01061200', 'D0010002', null, '2020-11-23');
INSERT INTO `send_green_thr_credit_info` VALUES ('杭州分行', 'D0080030', '20200515', '25456000000008932', 'HUZ1210120200034', 'B0008S333050006', '1000001924', '25,000,000', '25,000,000.', '20200515', '20201114', null, null, 'D0200002', 'D0150001', 'D0130003', '0', '20200515', 'CBIRCGC20B01061200', 'D0010002', null, '2020-11-23');
INSERT INTO `send_green_thr_credit_info` VALUES ('杭州分行', 'D0080030', '20180427', '25497000000034414', 'HUZ0510120180004', 'B0008L333050001', '0200000221', '10,000,000', '9,000,000.', '20201201', '20210427', null, null, 'D0200002', 'D0150001', 'D0130003', '0', '20201112', 'CBIRCGC20B04030900', 'D0010002', null, '2020-11-23');
INSERT INTO `send_green_thr_credit_info` VALUES ('杭州分行', 'D0080030', '20170103', '25452000000004340', 'HUZ1010220160055', 'B0008S333050002', '0900001349', '150,000,000', '88,200,000.', '20201201', '20220103', null, null, 'D0200002', 'D0150001', 'D0130003', '0', '20161114', 'CBIRCGC20B04030500', 'D0010002', null, '2020-11-23');
INSERT INTO `send_green_thr_credit_info` VALUES ('杭州分行', 'D0080030', '20171130', '25456000000003489', 'HUZ1210120170088', 'B0008S333050006', '1200001697', '40,000,000', '38,650,000.', '20171130', '20201130', null, null, 'D0200002', 'D0150001', 'D0130003', '0', '20171130', 'CBIRCGC20B05060400', 'D0010002', null, '2020-11-23');
INSERT INTO `send_green_thr_credit_info` VALUES ('杭州分行', 'D0080030', '20191129', '25456000000008193', 'HUZ1210120190089', 'B0008S333050006', '1100001187', '30,000,000', '30,000,000.', '20191129', '20201128', null, null, 'D0200002', 'D0150001', 'D0130003', '0', '20191129', 'CBIRCGC20B05060400', 'D0010002', null, '2020-11-23');
INSERT INTO `send_green_thr_credit_info` VALUES ('杭州分行', 'D0080033', '20180131', '25456000000003886', 'HUZ1210220180018', 'B0008S333050006', '0100000005', '17,700,000', '16,675,000.', '20201201', '20250131', null, null, 'D0200002', 'D0150001', 'D0130003', '0', '20190604', 'CBIRCGC20B01061200', 'D0010002', null, '2020-11-23');
INSERT INTO `send_green_thr_credit_info` VALUES ('杭州分行', 'D0080030', '20160108', '25497000000013472', 'HUZ0410220160001', 'B0008L333050001', '1200000770', '195,000,000', '117,000,000.', '20201201', '20210108', null, null, 'D0200002', 'D0150001', 'D0130003', '0', '20170118', 'CBIRCGC20B04030200', 'D0010002', null, '2020-11-23');
INSERT INTO `send_green_thr_credit_info` VALUES ('杭州分行', 'D0080033', '20160119', '25452000000001757', 'HUZ1010220160006', 'B0008S333050002', '1100003702', '50,000,000', '20,000,000.', '20201201', '20210115', null, null, 'D0200002', 'D0150001', 'D0130003', '0', '20151212', 'CBIRCGC20B04030200', 'D0010002', null, '2020-11-23');
INSERT INTO `send_green_thr_credit_info` VALUES ('杭州分行', 'D0080033', '20191129', '25456000000008217', 'HUZ1210220190088', 'B0008S333050006', '0100000005', '27,000,000', '27,000,000.', '20201201', '20261127', null, null, 'D0200002', 'D0150001', 'D0130003', '0', '20190604', 'CBIRCGC20B01061200', 'D0010002', null, '2020-11-23');
INSERT INTO `send_green_thr_credit_info` VALUES ('杭州分行', 'D0080030', '20191023', '25497000000047504', 'HUZ0310120190148', 'B0008L333050001', '0500000450', '30,000,000', '30,000,000.', '20191023', '20201023', null, null, 'D0200002', 'D0150001', 'D0130003', '0', '20191023', 'CBIRCGC20B01030100', 'D0010002', null, '2020-11-23');
INSERT INTO `send_green_thr_credit_info` VALUES ('杭州分行', 'D0080033', '20160108', '25497000000013507', 'HUZ0310220160008', 'B0008L333050001', '1100000941', '175,000,000', '100,000,000.', '20201201', '20210108', null, null, 'D0200002', 'D0150001', 'D0130003', '0', '20151119', 'CBIRCGC20B04030900', 'D0010002', null, '2020-11-23');
INSERT INTO `send_green_thr_credit_info` VALUES ('杭州分行', 'D0080030', '20200119', '25452000000015546', 'HUZ1010120200007', 'B0008S333050002', '0800000031', '12,000,000', '12,000,000.', '20200119', '20201028', null, null, 'D0200002', 'D0150001', 'D0130001', '0', '20200119', 'CBIRCGC20B05060200', 'D0010002', null, '2020-11-23');
INSERT INTO `send_green_thr_credit_info` VALUES ('杭州分行', 'D0080033', '20151223', '25456000000000193', 'HUZ1210220150016', 'B0008S333050006', '1000001007', '150,000,000', '45,000,000.', '20201201', '20201223', null, null, 'D0200002', 'D0150001', 'D0130003', '0', '20151030', 'CBIRCGC20B01060200', 'D0010002', null, '2020-11-23');
INSERT INTO `send_green_thr_credit_info` VALUES ('杭州分行', 'D0080031', '20200623', '25497000000051780', 'HUZ0410120200055', 'B0008L333050001', '0400003062', '98,000,000', '98,000,000.', '20201201', '20201223', null, null, 'D0200002', 'D0150001', 'D0130002', '0', '20200507', 'CBIRCGC20B01011400', 'D0010002', null, '2020-11-23');
INSERT INTO `send_green_thr_credit_info` VALUES ('杭州分行', 'D0080030', '20191128', '25452000000014575', 'HUZ1010120190091', 'B0008S333050002', '0200002347', '5,000,000', '5,000,000.', '20191128', '20201128', null, null, 'D0200002', 'D0150001', 'D0130001', '0', '20191128', 'CBIRCGC20B02020100', 'D0010002', null, '2020-11-23');
INSERT INTO `send_green_thr_credit_info` VALUES ('杭州分行', 'D0080031', '20200629', '25497000000052003', 'HUZ0310120200064', 'B0008L333050001', '0600002183', '300,000,000', '300,000,000.', '20201201', '20210629', null, null, 'D0200002', 'D0150001', 'D0130004', '0', '20200628', 'CBIRCGC20B01011400', 'D0010002', null, '2020-11-23');
INSERT INTO `send_green_thr_credit_info` VALUES ('杭州分行', 'D0080030', '20170407', '25452000000005184', 'HUZ1010220170023', 'B0008S333050002', '0900001365', '100,000,000', '80,700,000.', '20201201', '20220407', null, null, 'D0200002', 'D0150001', 'D0130003', '0', '20161222', 'CBIRCGC20B04030500', 'D0010002', null, '2020-11-23');
INSERT INTO `send_green_thr_credit_info` VALUES ('杭州分行', 'D0080030', '20170210', '25452000000004667', 'HUZ1010220170008', 'B0008S333050002', '0600000437', '50,000,000', '36,770,000.', '20201201', '20220210', null, null, 'D0200002', 'D0150001', 'D0130003', '0', '20160725', 'CBIRCGC20B05050400', 'D0010002', null, '2020-11-23');
INSERT INTO `send_green_thr_credit_info` VALUES ('杭州分行', 'D0080031', '20200623', '25497000000051791', 'HUZ0410120200054', 'B0008L333050001', '0400003078', '98,000,000', '98,000,000.', '20201201', '20201223', null, null, 'D0200002', 'D0150001', 'D0130002', '0', '20200507', 'CBIRCGC20B01011400', 'D0010002', null, '2020-11-23');
INSERT INTO `send_green_thr_credit_info` VALUES ('杭州分行', 'D0080033', '20200415', '25456000000008794', 'HUZ1210220200031', 'B0008S333050006', '0300001495', '200,000,000', '197,000,000.', '20201201', '20230408', null, null, 'D0200002', 'D0150001', 'D0130001', '0', '20200331', 'CBIRCGC20B05010200', 'D0010002', null, '2020-11-23');
INSERT INTO `send_green_thr_credit_info` VALUES ('杭州分行', 'D0080031', '20200701', '25456000000009356', 'HUZ1210120200039', 'B0008S333050006', '0600002310', '27,000,000', '27,000,000.', '20201201', '20210701', null, null, 'D0200002', 'D0150001', 'D0130003', '0', '20201201', 'CBIRCGC20B05060400', 'D0010002', null, '2020-11-23');
INSERT INTO `send_green_thr_credit_info` VALUES ('杭州分行', 'D0080030', '20200619', '25451000000019377', 'HUZ0710120200036', 'B0008S333050001', '0500000249', '97,000,000', '97,000,000.', '20201201', '20201218', null, null, 'D0200002', 'D0150001', 'D0130002', '0', '20200610', 'CBIRCGC20B05030105', 'D0010002', null, '2020-11-23');
INSERT INTO `send_green_thr_credit_info` VALUES ('杭州分行', 'D0080031', '20200624', '25451000000019515', 'HUZZX0210120200080', 'B0008S333050001', '', '88,200,000', '88,200,000.', '20201201', '20201224', null, null, 'D0200002', 'D0150001', 'D0130002', '0', '20200624', 'CBIRCGC20B01070200', 'D0010002', null, '2020-11-23');
INSERT INTO `send_green_thr_credit_info` VALUES ('杭州分行', 'D0080030', '20161020', '25452000000003404', 'HUZ1010220160046', 'B0008S333050002', '0600000437', '50,000,000', '26,770,000.', '20201201', '20211020', null, null, 'D0200002', 'D0150001', 'D0130003', '0', '20160725', 'CBIRCGC20B05050400', 'D0010002', null, '2020-11-23');
INSERT INTO `send_green_thr_credit_info` VALUES ('杭州分行', 'D0080030', '20160108', '25452000000001622', 'HUZ1010220150045', 'B0008S333050002', '0800002738', '30,000,000', '10,000,000.', '20201201', '20210108', null, null, 'D0200002', 'D0150001', 'D0130003', '0', '20151011', 'CBIRCGC20B05030105', 'D0010002', null, '2020-11-23');
INSERT INTO `send_green_thr_credit_info` VALUES ('杭州分行', 'D0080030', '20170224', '25497000000023026', 'HUZ0410220170001', 'B0008L333050001', '1200002247', '50,000,000', '42,330,000.', '20201201', '20220224', null, null, 'D0200002', 'D0150001', 'D0130003', '0', '20200611', 'CBIRCGC20B01060200', 'D0010002', null, '2020-11-23');
INSERT INTO `send_green_thr_credit_info` VALUES ('杭州分行', 'D0080033', '20160108', '25452000000001633', 'HUZ1010220150046', 'B0008S333050002', '1100001523', '200,000,000', '168,000,000.', '20201201', '20240104', null, null, 'D0200002', 'D0150001', 'D0130003', '0', '20151228', 'CBIRCGC20B04020400', 'D0010002', null, '2020-11-23');
INSERT INTO `send_green_thr_credit_info` VALUES ('杭州分行', 'D0080032', '20190131', '25497000000041909', 'HUZ0510220190009', 'B0008L333050001', '0100002824', '100,000,000', '95,830,000.', '20201201', '20270131', null, null, 'D0200002', 'D0150001', 'D0130001', '0', '20201026', 'CBIRCGC20B02010201', 'D0010002', null, '2020-11-23');
INSERT INTO `send_green_thr_credit_info` VALUES ('杭州分行', 'D0080030', '20200113', '25456000000008444', 'HUZ1230220200013', 'B0008S333050006', '1200003493', '20,000,000', '19,773,333.09', '20200113', '20210111', null, null, 'D0200002', 'D0150001', 'D0130002', '0', '20200113', 'CBIRCGC20B01061200', 'D0010002', null, '2020-11-23');
INSERT INTO `send_green_thr_credit_info` VALUES ('杭州分行', 'D0080032', '20191209', '25452000000014789', 'HUZ1010120190105', 'B0008S333050002', '0200002347', '10,000,000', '10,000,000.', '20201201', '20201209', null, null, 'D0200002', 'D0150001', 'D0130001', '0', '20200305', 'CBIRCGC20B02020100', 'D0010002', null, '2020-11-23');
INSERT INTO `send_green_thr_credit_info` VALUES ('杭州分行', 'D0080030', '20160729', '25452000000002820', 'HUZ1010220160038', 'B0008S333050002', '1100003702', '30,000,000', '15,000,000.', '20201201', '20210729', null, null, 'D0200002', 'D0150001', 'D0130003', '0', '20151212', 'CBIRCGC20B04030200', 'D0010002', null, '2020-11-23');
INSERT INTO `send_green_thr_credit_info` VALUES ('杭州分行', 'D0080032', '20190104', '25452000000011085', 'HUZ1010120180079', 'B0008S333050002', '1100002057', '50,000,000', '48,260,000.', '20201201', '20211226', null, null, 'D0200002', 'D0150001', 'D0130001', '0', '20181206', 'CBIRCGC20B05060400', 'D0010002', null, '2020-11-23');
INSERT INTO `send_green_thr_credit_info` VALUES ('杭州分行', 'D0080033', '20200218', '25497000000050243', 'HUZ0510120200010', 'B0008L333050001', '1000001800', '21,000,000', '21,000,000.', '20201201', '20210218', null, null, 'D0200002', 'D0150001', 'D0130003', '0', '20200113', 'CBIRCGC20B05040100', 'D0010002', null, '2020-11-23');
INSERT INTO `send_green_thr_credit_info` VALUES ('杭州分行', 'D0080030', '20170112', '25452000000004419', 'HUZ1010220170001', 'B0008S333050002', '0900001365', '100,000,000', '80,700,000.', '20201201', '20220112', null, null, 'D0200002', 'D0150001', 'D0130003', '0', '20161222', 'CBIRCGC20B04030500', 'D0010002', null, '2020-11-23');
INSERT INTO `send_green_thr_credit_info` VALUES ('杭州分行', 'D0080033', '20170816', '25456000000003116', 'HUZ1210220170034', 'B0008S333050006', '0100000005', '5,000,000', '4,420,000.', '20201201', '20240810', null, null, 'D0200002', 'D0150001', 'D0130003', '0', '20190604', 'CBIRCGC20B01061200', 'D0010002', null, '2020-11-23');
INSERT INTO `send_green_thr_credit_info` VALUES ('杭州分行', 'D0080031', '20200927', '25456000000010362', 'HUZ1210220200044', 'B0008S333050006', '1000002742', '20,000,000', '20,000,000.', '20201201', '20270423', null, null, 'D0200002', 'D0150001', 'D0130001', '0', '20200325', 'CBIRCGC20B01061200', 'D0010002', null, '2020-11-23');
INSERT INTO `send_green_thr_credit_info` VALUES ('杭州分行', 'D0080031', '20200831', '25451000000020803', 'HUZ0710120200046', 'B0008S333050001', '0400004637', '200,000,000', '200,000,000.', '20201201', '20210831', null, null, 'D0200002', 'D0150001', 'D0130003', '0', '20200812', 'CBIRCGC20B01070200', 'D0010002', null, '2020-11-23');
INSERT INTO `send_green_thr_credit_info` VALUES ('杭州分行', 'D0080031', '20170406', '25452000000005162', 'HUZ1010220170022', 'B0008S333050002', '0700002173', '55,461,156.25', '15,281,156.25', '20201201', '20250406', null, null, 'D0200002', 'D0150001', 'D0130003', '0', '20180902', 'CBIRCGC20B03020200', 'D0010002', null, '2020-11-23');
INSERT INTO `send_green_thr_credit_info` VALUES ('杭州分行', 'D0080030', '20151222', '25497000000013063', 'HUZ0410220150038', 'B0008L333050001', '1200000770', '5,000,000', '3,000,000.', '20201201', '20201215', null, null, 'D0200002', 'D0150001', 'D0130003', '0', '20170118', 'CBIRCGC20B04030200', 'D0010002', null, '2020-11-23');
INSERT INTO `send_green_thr_credit_info` VALUES ('杭州分行', 'D0080030', '20180129', '25497000000032100', 'HUZ0510120170021', 'B0008L333050001', '1100000449', '100,000,000', '95,000,000.', '20201201', '20210129', null, null, 'D0200002', 'D0150001', 'D0130003', '0', '20201124', 'CBIRCGC20B05030101', 'D0010002', null, '2020-11-23');
INSERT INTO `send_green_thr_credit_info` VALUES ('杭州分行', 'D0080030', '20191025', '25497000000047548', 'HUZ0310120190144', 'B0008L333050001', '0200000588', '130,000,000', '130,000,000.', '20191025', '20201025', null, null, 'D0200002', 'D0150001', 'D0130003', '0', '20191025', 'CBIRCGC20B05060400', 'D0010002', null, '2020-11-23');
INSERT INTO `send_green_thr_credit_info` VALUES ('杭州分行', 'D0080033', '20191226', '25451000000017303', 'HUZ0710120190077', 'B0008S333050001', '1100000199', '50,000,000', '50,000,000.', '20201201', '20201226', null, null, 'D0200002', 'D0150001', 'D0130003', '0', '20191217', 'CBIRCGC20B01061200', 'D0010002', null, '2020-11-23');
INSERT INTO `send_green_thr_credit_info` VALUES ('杭州分行', 'D0080030', '20200529', '25456000000009130', 'HUZ1210220200032', 'B0008S333050006', '0300001495', '100,000,000', '98,000,000.', '20201201', '20230408', null, null, 'D0200002', 'D0150001', 'D0130001', '0', '20200331', 'CBIRCGC20B05010200', 'D0010002', null, '2020-11-23');
INSERT INTO `send_green_thr_credit_info` VALUES ('杭州分行', 'D0080033', '20200330', '25451000000018294', 'HUZ0710220200021', 'B0008S333050001', '0300000958', '42,000,000', '42,000,000.', '20201201', '20270520', null, null, 'D0200002', 'D0150001', 'D0130003', '0', '20200324', 'CBIRCGC20B02040200', 'D0010002', null, '2020-11-23');
INSERT INTO `send_green_thr_credit_info` VALUES ('杭州分行', 'D0080030', '20191209', '25497000000048371', 'HUZ0510220190061', 'B0008L333050001', '0100002824', '50,000,000', '50,000,000.', '20191209', '20270131', null, null, 'D0200002', 'D0150001', 'D0130003', '0', '20191209', 'CBIRCGC20B02010201', 'D0010002', null, '2020-11-23');
INSERT INTO `send_green_thr_credit_info` VALUES ('杭州分行', 'D0080030', '20180517', '25497000000034786', 'HUZ0510120180007', 'B0008L333050001', '0200000221', '90,000,000', '81,000,000.', '20201201', '20210517', null, null, 'D0200002', 'D0150001', 'D0130003', '0', '20201112', 'CBIRCGC20B04030900', 'D0010002', null, '2020-11-23');
INSERT INTO `send_green_thr_credit_info` VALUES ('杭州分行', 'D0080033', '20151217', '25497000000013018', 'HUZ0310220150109', 'B0008L333050001', '1100000941', '50,000,000', '25,000,000.', '20201201', '20201217', null, null, 'D0200002', 'D0150001', 'D0130003', '0', '20151119', 'CBIRCGC20B04030900', 'D0010002', null, '2020-11-23');
INSERT INTO `send_green_thr_credit_info` VALUES ('杭州分行', 'D0080030', '20200220', '25451000000017904', 'HUZ0730220200015', 'B0008S333050001', '1200001710', '150,000,000', '147,540,000.', '20200220', '20210201', null, null, 'D0200002', 'D0150001', 'D0130002', '0', '20200220', 'CBIRCGC20B04031200', 'D0010002', null, '2020-11-23');
INSERT INTO `send_green_thr_credit_info` VALUES ('杭州分行', 'D0080030', '20200120', '25497000000050094', 'HUZ0510120200013', 'B0008L333050001', '1100000982', '40,000,000', '40,000,000.', '20201201', '20210120', null, null, 'D0200002', 'D0150001', 'D0130003', '0', '20200116', 'CBIRCGC20B05060400', 'D0010002', null, '2020-11-23');
INSERT INTO `send_green_thr_credit_info` VALUES ('杭州分行', 'D0080030', '20200116', '25497000000050016', 'HUZ0410120200012', 'B0008L333050001', '1100001073', '30,000,000', '30,000,000.', '20201201', '20210116', null, null, 'D0200002', 'D0150001', 'D0130003', '0', '20191216', 'CBIRCGC20B05060400', 'D0010002', null, '2020-11-23');
INSERT INTO `send_green_thr_credit_info` VALUES ('杭州分行', 'D0080030', '20160719', '25452000000002762', 'HUZ1010220160034', 'B0008S333050002', '1200001427', '100,000,000', '39,270,000.', '20201201', '20210719', null, null, 'D0200002', 'D0150001', 'D0130003', '0', '20160122', 'CBIRCGC20B04030200', 'D0010002', null, '2020-11-23');
INSERT INTO `send_green_thr_credit_info` VALUES ('杭州分行', 'D0080031', '20200709', '25497000000052116', 'HUZ0310120200068', 'B0008L333050001', '0600000216', '10,000,000', '10,000,000.', '20201201', '20210709', null, null, 'D0200002', 'D0150001', 'D0130002', '0', '20200630', 'CBIRCGC20B05060400', 'D0010002', null, '2020-11-23');
INSERT INTO `send_green_thr_credit_info` VALUES ('杭州分行', 'D0080032', '20200410', '25497000000050844', 'HUZ0310120200051', 'B0008L333050001', '0700001766', '40,000,000', '39,850,000.', '20201201', '20230410', null, null, 'D0200002', 'D0150001', 'D0130002', '0', '20200721', 'CBIRCGC20B01070200', 'D0010002', null, '2020-11-23');
INSERT INTO `send_green_thr_credit_info` VALUES ('杭州分行', 'D0080033', '20151210', '25497000000012832', 'HUZ0310220150101', 'B0008L333050001', '1100000941', '50,000,000', '25,000,000.', '20201201', '20201209', null, null, 'D0200002', 'D0150001', 'D0130003', '0', '20151119', 'CBIRCGC20B04030900', 'D0010002', null, '2020-11-23');
INSERT INTO `send_green_thr_credit_info` VALUES ('杭州分行', 'D0080030', '20160401', '25452000000002150', 'HUZ1010220160014', 'B0008S333050002', '1200001427', '60,000,000', '15,000,000.', '20201201', '20210401', null, null, 'D0200002', 'D0150001', 'D0130003', '0', '20160122', 'CBIRCGC20B04030200', 'D0010002', null, '2020-11-23');
INSERT INTO `send_green_thr_credit_info` VALUES ('杭州分行', 'D0080030', '20191216', '25452000000014847', 'HUZ1010120190106', 'B0008S333050002', '1100000809', '100,000,000', '99,000,000.', '20201201', '20221213', null, null, 'D0200002', 'D0150001', 'D0130003', '0', '20191206', 'CBIRCGC20B01061200', 'D0010002', null, '2020-11-23');
INSERT INTO `send_green_thr_credit_info` VALUES ('杭州分行', 'D0080033', '20180612', '25456000000004686', 'HUZ1210220180045', 'B0008S333050006', '0100000005', '30,000,000', '28,270,000.', '20201201', '20250608', null, null, 'D0200002', 'D0150001', 'D0130003', '0', '20190604', 'CBIRCGC20B01061200', 'D0010002', null, '2020-11-23');
INSERT INTO `send_green_thr_credit_info` VALUES ('杭州分行', 'D0080033', '20190617', '25451000000014618', 'HUZ0710220190031', 'B0008S333050001', '0300000958', '98,490,000', '98,490,000.', '20201201', '20270520', null, null, 'D0200002', 'D0150001', 'D0130003', '0', '20200324', 'CBIRCGC20B02040200', 'D0010002', null, '2020-11-23');
INSERT INTO `send_green_thr_credit_info` VALUES ('杭州分行', 'D0080030', '20191219', '25456000000008273', 'HUZ1210120190097', 'B0008S333050006', '1100001556', '15,000,000', '15,000,000.', '20191219', '20201019', null, null, 'D0200002', 'D0150001', 'D0130003', '0', '20191219', 'CBIRCGC20B01061200', 'D0010002', null, '2020-11-23');
INSERT INTO `send_green_thr_credit_info` VALUES ('杭州分行', 'D0080030', '20161229', '25452000000003936', 'HUZ1010220160058', 'B0008S333050002', '1200001427', '100,000,000', '69,270,000.', '20201201', '20211229', null, null, 'D0200002', 'D0150001', 'D0130003', '0', '20160122', 'CBIRCGC20B04030200', 'D0010002', null, '2020-11-23');
INSERT INTO `send_green_thr_credit_info` VALUES ('杭州分行', 'D0080033', '20150104', '25451000000001030', 'HUZ0710220140076', 'B0008S333050001', '0300003878', '50,000,000', '21,875,000.', '20201201', '20241220', null, null, 'D0200002', 'D0150001', 'D0130003', '0', '20140822', 'CBIRCGC20B01060200', 'D0010002', null, '2020-11-23');
INSERT INTO `send_green_thr_credit_info` VALUES ('杭州分行', 'D0080033', '20160428', '25456000000000488', 'HUZ1210220160016', 'B0008S333050006', '0200000646', '150,000,000', '80,000,000.', '20201201', '20210415', null, null, 'D0200002', 'D0150001', 'D0130003', '0', '20160411', 'CBIRCGC20B05030104', 'D0010002', null, '2020-11-23');
INSERT INTO `send_green_thr_credit_info` VALUES ('杭州分行', 'D0080030', '20160826', '25452000000003120', 'HUZ1010220160042', 'B0008S333050002', '1100002704', '80,000,000', '38,400,000.', '20201201', '20210826', null, null, 'D0200002', 'D0150001', 'D0130003', '0', '20151212', 'CBIRCGC20B04030200', 'D0010002', null, '2020-11-23');
INSERT INTO `send_green_thr_credit_info` VALUES ('杭州分行', 'D0080030', '20170117', '25452000000004486', 'HUZ1010220170003', 'B0008S333050002', '0500001393', '150,000,000', '115,000,000.', '20201201', '20220117', null, null, 'D0200002', 'D0150001', 'D0130003', '0', '20160714', 'CBIRCGC20B01060100', 'D0010002', null, '2020-11-23');
INSERT INTO `send_green_thr_credit_info` VALUES ('杭州分行', 'D0080030', '20151124', '25452000000001269', 'HUZ1010220150039', 'B0008S333050002', '0800002738', '150,000,000', '70,000,000.', '20151124', '20201124', null, null, 'D0200002', 'D0150001', 'D0130003', '0', '20151124', 'CBIRCGC20B05030105', 'D0010002', null, '2020-11-23');
INSERT INTO `send_green_thr_credit_info` VALUES ('杭州分行', 'D0080033', '20191220', '25497000000048654', 'HUZ0510120190066', 'B0008L333050001', '1000001400', '60,000,000', '60,000,000.', '20201201', '20201220', null, null, 'D0200002', 'D0150001', 'D0130003', '0', '20201126', 'CBIRCGC20B05060400', 'D0010002', null, '2020-11-23');
INSERT INTO `send_green_thr_credit_info` VALUES ('杭州分行', 'D0080033', '20200117', '25452000000015535', 'HUZ1010120200008', 'B0008S333050002', '0800000031', '38,000,000', '37,200,000.', '20201201', '20230116', null, null, 'D0200002', 'D0150001', 'D0130003', '0', '20200108', 'CBIRCGC20B05060200', 'D0010002', null, '2020-11-23');
INSERT INTO `send_green_thr_credit_info` VALUES ('杭州分行', 'D0080030', '20200119', '25497000000050083', 'HUZ0410120200013', 'B0008L333050001', '0100000574', '20,000,000', '20,000,000.', '20201201', '20210119', null, null, 'D0200002', 'D0150001', 'D0130003', '0', '20200117', 'CBIRCGC20B05060400', 'D0010002', null, '2020-11-23');
INSERT INTO `send_green_thr_credit_info` VALUES ('杭州分行', 'D0080031', '20181015', '25452000000010207', 'HUZ1010520180043', 'B0008S333050002', '0700002173', '8,000,000', '49,701,320.', '20201201', '20250627', null, null, 'D0200002', 'D0150001', 'D0130003', '0', '20180902', 'CBIRCGC20B03020200', 'D0010002', null, '2020-11-23');
INSERT INTO `send_green_thr_credit_info` VALUES ('杭州分行', 'D0080030', '20200427', '25452000000016118', 'HUZ1030220200025', 'B0008S333050002', '1200003629', '69,500,000', '67,981,424.84', '20200427', '20210426', null, null, 'D0200002', 'D0150001', 'D0130002', '0', '20200427', 'CBIRCGC20B01061200', 'D0010002', null, '2020-11-23');
INSERT INTO `send_green_thr_credit_info` VALUES ('杭州分行', 'D0080030', '20191227', '25456000000008295', 'HUZ1210120190101', 'B0008S333050006', '1000001271', '20,000,000', '20,000,000.', '20201201', '20201227', null, null, 'D0200002', 'D0150001', 'D0130003', '0', '20191113', 'CBIRCGC20B05060400', 'D0010002', null, '2020-11-23');
INSERT INTO `send_green_thr_credit_info` VALUES ('杭州分行', 'D0080031', '20200923', '25452000000018604', 'HUZ1010120200054', 'B0008S333050002', '0700001497', '15,000,000', '15,000,000.', '20201201', '20210923', null, null, 'D0200002', 'D0150001', 'D0130002', '0', '20200904', 'CBIRCGC20B03040500', 'D0010002', null, '2020-11-23');
INSERT INTO `send_green_thr_credit_info` VALUES ('杭州分行', 'D0080030', '20160704', '25452000000002592', 'HUZ1010220160030', 'B0008S333050002', '1100003702', '70,000,000', '35,000,000.', '20201201', '20210704', null, null, 'D0200002', 'D0150001', 'D0130003', '0', '20151212', 'CBIRCGC20B04030200', 'D0010002', null, '2020-11-23');
INSERT INTO `send_green_thr_credit_info` VALUES ('杭州分行', 'D0080033', '20190812', '25456000000007676', 'HUZ1210220190066', 'B0008S333050006', '0100000005', '30,000,000', '30,000,000.', '20201201', '20260808', null, null, 'D0200002', 'D0150001', 'D0130003', '0', '20190604', 'CBIRCGC20B01061200', 'D0010002', null, '2020-11-23');
INSERT INTO `send_green_thr_credit_info` VALUES ('杭州分行', 'D0080031', '20200709', '25497000000052127', 'HUZ0310120200069', 'B0008L333050001', '0600000216', '10,000,000', '10,000,000.', '20201201', '20210709', null, null, 'D0200002', 'D0150001', 'D0130002', '0', '20200630', 'CBIRCGC20B05060400', 'D0010002', null, '2020-11-23');
INSERT INTO `send_green_thr_credit_info` VALUES ('杭州分行', 'D0080032', '20200520', '25451000000019106', 'HUZ0710120200032', 'B0008S333050001', '0400002614', '150,000,000', '150,000,000.', '20201201', '20210520', null, null, 'D0200002', 'D0150001', 'D0130001', '0', '20200511', 'CBIRCGC20B04030600', 'D0010002', null, '2020-11-23');
INSERT INTO `send_green_thr_credit_info` VALUES ('杭州分行', 'D0080031', '20170316', '25452000000005060', 'HUZ1010220170019', 'B0008S333050002', '0700002173', '74,538,843.75', '21,178,843.75', '20201201', '20250316', null, null, 'D0200002', 'D0150001', 'D0130003', '0', '20180902', 'CBIRCGC20B03020200', 'D0010002', null, '2020-11-23');
INSERT INTO `send_green_thr_credit_info` VALUES (null, null, null, null, null, null, null, null, null, null, null, null, null, null, null, null, null, null, 'CBIRCGC20B03020200', null, null, null);

-- ----------------------------
-- Table structure for `send_green_thr_customer_commit_shall_info`
-- ----------------------------
DROP TABLE IF EXISTS `send_green_thr_customer_commit_shall_info`;
CREATE TABLE `send_green_thr_customer_commit_shall_info` (
  `personalNo` varchar(200) DEFAULT NULL COMMENT '报送机构内部承贷主体编号',
  `personalName` varchar(200) DEFAULT NULL COMMENT '承贷主体全称',
  `documentType` varchar(200) DEFAULT NULL COMMENT '个人证件类型',
  `documentNumber` varchar(200) DEFAULT NULL COMMENT '证件号码',
  `gender` varchar(200) DEFAULT NULL COMMENT '性别',
  `educationDegree` varchar(200) DEFAULT NULL COMMENT '学历',
  `dateOfBirth` varchar(200) DEFAULT NULL COMMENT '出生日期',
  `personalIndustryCd` varchar(200) DEFAULT NULL COMMENT '所属行业',
  `personalTypeCd` varchar(200) DEFAULT NULL COMMENT '个人承贷主体类型',
  `personalMajorBusiness` varchar(200) DEFAULT NULL COMMENT '主营业务',
  `organization` varchar(200) DEFAULT NULL COMMENT '机构',
  `gdate` varchar(200) DEFAULT NULL COMMENT '增量日期 yyyyMMdd'
) ENGINE=InnoDB DEFAULT CHARSET=utf8;

-- ----------------------------
-- Records of send_green_thr_customer_commit_shall_info
-- ----------------------------
INSERT INTO `send_green_thr_customer_commit_shall_info` VALUES ('0500000107', '吴月强', '12020001', '330511196507127212', '12030001', '21', '19650712', '0190', '12010003', null, '杭州分行', '2020-12-01');
INSERT INTO `send_green_thr_customer_commit_shall_info` VALUES ('0600000032', '徐根发', '12020001', '33052319710814471X', '12030001', '21', '19710814', '0190', '12010003', null, '杭州分行', '2020-12-01');
INSERT INTO `send_green_thr_customer_commit_shall_info` VALUES ('0500000098', '徐梅林', '12020001', '330511196802077211', '12030001', '21', '19680207', '0190', '12010003', null, '杭州分行', '2020-12-01');
INSERT INTO `send_green_thr_customer_commit_shall_info` VALUES ('0600000159', '宋福喜', '12020001', '33051119700711361X', '12030001', '21', '19700711', '8290', '12010003', null, '杭州分行', '2020-12-01');
INSERT INTO `send_green_thr_customer_commit_shall_info` VALUES ('0600000169', '邓转运', '12020001', '330522196210233910', '12030001', '21', '19621023', '8290', '12010003', null, '杭州分行', '2020-12-01');
INSERT INTO `send_green_thr_customer_commit_shall_info` VALUES ('0600000174', '池昌财', '12020001', '33052219730807211X', '12030001', '21', '19730807', '3399', '12010003', null, '杭州分行', '2020-12-01');
INSERT INTO `send_green_thr_customer_commit_shall_info` VALUES ('0500000082', '陈蔚', '12020001', '330501197511116411', '12030001', '21', '19751111', '0190', '12010003', null, '杭州分行', '2020-12-01');
INSERT INTO `send_green_thr_customer_commit_shall_info` VALUES ('0600000191', '陶德香', '12020001', '330522198108283726', '12030002', '21', '19810828', '1751', '12010003', null, '杭州分行', '2020-12-01');
INSERT INTO `send_green_thr_customer_commit_shall_info` VALUES ('0600000095', '蒋春明', '12020001', '330523196502114717', '12030001', '21', '19650211', '0190', '12010003', null, '杭州分行', '2020-12-01');
INSERT INTO `send_green_thr_customer_commit_shall_info` VALUES ('0500000104', '戴晓峰', '12020001', '330501197405075118', '12030001', '21', '19740507', '0190', '12010003', null, '杭州分行', '2020-12-01');
INSERT INTO `send_green_thr_customer_commit_shall_info` VALUES ('0600000180', '沈剑能', '12020001', '330522197101040217', '12030001', '21', '19710104', '4710', '12010003', null, '杭州分行', '2020-12-01');
INSERT INTO `send_green_thr_customer_commit_shall_info` VALUES ('0500000106', '赵惠青', '12020001', '330501197606275431', '12030001', '21', '19760627', '0190', '12010003', null, '杭州分行', '2020-12-01');
INSERT INTO `send_green_thr_customer_commit_shall_info` VALUES ('0500000063', '赵琴雄', '12020001', '330511197010074412', '12030001', '21', '19701007', '0190', '12010003', null, '杭州分行', '2020-12-01');
INSERT INTO `send_green_thr_customer_commit_shall_info` VALUES ('0600000208', '罗捷', '12020001', '33052219861117472X', '12030002', '21', '19861117', '8394', '12010003', null, '杭州分行', '2020-12-01');
INSERT INTO `send_green_thr_customer_commit_shall_info` VALUES ('0500000070', '蔡鼎铭', '12020001', '330501198210106716', '12030001', '21', '19821010', '0190', '12010003', null, '杭州分行', '2020-12-01');
INSERT INTO `send_green_thr_customer_commit_shall_info` VALUES ('0500000111', '戴柳明', '12020001', '330501197312261317', '12030001', '21', '19731226', '5299', '12010003', null, '杭州分行', '2020-12-01');
INSERT INTO `send_green_thr_customer_commit_shall_info` VALUES ('0500000075', '李国新', '12020001', '330501198201120831', '12030001', '21', '19820112', '0190', '12010003', null, '杭州分行', '2020-12-01');
INSERT INTO `send_green_thr_customer_commit_shall_info` VALUES ('0500000066', '沈小荣', '12020001', '330501198510026718', '12030001', '21', '19851002', '0190', '12010003', null, '杭州分行', '2020-12-01');
INSERT INTO `send_green_thr_customer_commit_shall_info` VALUES ('0500000079', '姚建根', '12020001', '330511196909254230', '12030001', '21', '19690925', '0190', '12010003', null, '杭州分行', '2020-12-01');
INSERT INTO `send_green_thr_customer_commit_shall_info` VALUES ('0500000059', '邢武良', '12020001', '330511196301073810', '12030001', '21', '19630107', '0190', '12010003', null, '杭州分行', '2020-12-01');
INSERT INTO `send_green_thr_customer_commit_shall_info` VALUES ('0500000074', '沈玉辉', '12020001', '33050119900610657X', '12030001', '21', '19900610', '0190', '12010003', null, '杭州分行', '2020-12-01');
INSERT INTO `send_green_thr_customer_commit_shall_info` VALUES ('0600000172', '侯菊龙', '12020001', '330522197312304710', '12030001', '21', '19731230', '8290', '12010003', null, '杭州分行', '2020-12-01');
INSERT INTO `send_green_thr_customer_commit_shall_info` VALUES ('0500000091', '莫培明', '12020001', '330511196212254214', '12030001', '21', '19621225', '0190', '12010003', null, '杭州分行', '2020-12-01');
INSERT INTO `send_green_thr_customer_commit_shall_info` VALUES ('0500000084', '吴阿祥', '12020001', '330511197011234211', '12030001', '21', '19701123', '0190', '12010003', null, '杭州分行', '2020-12-01');
INSERT INTO `send_green_thr_customer_commit_shall_info` VALUES ('0600000194', '范云德', '12020001', '330522196311010417', '12030001', '21', '19631101', '4710', '12010003', null, '杭州分行', '2020-12-01');
INSERT INTO `send_green_thr_customer_commit_shall_info` VALUES ('0500000087', '吴申卫', '12020001', '33050119690707599X', '12030001', '21', '19690707', '0190', '12010003', null, '杭州分行', '2020-12-01');
INSERT INTO `send_green_thr_customer_commit_shall_info` VALUES ('0500000078', '金学锋', '12020001', '330501198607056710', '12030001', '21', '19860705', '0190', '12010003', null, '杭州分行', '2020-12-01');
INSERT INTO `send_green_thr_customer_commit_shall_info` VALUES ('0500000099', '徐生林', '12020001', '330511196512257214', '12030001', '21', '19651225', '0190', '12010003', null, '杭州分行', '2020-12-01');
INSERT INTO `send_green_thr_customer_commit_shall_info` VALUES ('0500000108', '邱林荣', '12020001', '330511196607236037', '12030001', '21', '19660723', '0190', '12010003', null, '杭州分行', '2020-12-01');
INSERT INTO `send_green_thr_customer_commit_shall_info` VALUES ('0500000096', '惠建萍', '12020001', '330501197402206573', '12030001', '21', '19740220', '0190', '12010003', null, '杭州分行', '2020-12-01');
INSERT INTO `send_green_thr_customer_commit_shall_info` VALUES ('0600000189', '罗正忠', '12020001', '330522196208283919', '12030001', '21', '19620828', '5199', '12010003', null, '杭州分行', '2020-12-01');
INSERT INTO `send_green_thr_customer_commit_shall_info` VALUES ('0500000093', '姚新方', '12020001', '330511195611074216', '12030001', '21', '19561107', '0190', '12010003', null, '杭州分行', '2020-12-01');
INSERT INTO `send_green_thr_customer_commit_shall_info` VALUES ('0600000210', '熊有安', '12020001', '33052219570130511X', '12030001', '21', '19570130', '8090', '12010003', null, '杭州分行', '2020-12-01');
INSERT INTO `send_green_thr_customer_commit_shall_info` VALUES ('0500000100', '曹明强', '12020001', '330511196602097410', '12030001', '21', '19660209', '0190', '12010003', null, '杭州分行', '2020-12-01');
INSERT INTO `send_green_thr_customer_commit_shall_info` VALUES ('0600000167', '魏向生', '12020001', '330522197311043918', '12030001', '21', '19731104', '5129', '12010003', null, '杭州分行', '2020-12-01');
INSERT INTO `send_green_thr_customer_commit_shall_info` VALUES ('0500000056', '陈顺发', '12020001', '330511196307263439', '12030001', '21', '19630726', '0190', '12010003', null, '杭州分行', '2020-12-01');
INSERT INTO `send_green_thr_customer_commit_shall_info` VALUES ('0600000043', '马国平', '12020001', '330523197208135837', '12030001', '21', '19720813', '0190', '12010003', null, '杭州分行', '2020-12-01');
INSERT INTO `send_green_thr_customer_commit_shall_info` VALUES ('0700000529', '吴超', '12020001', '330523197911145834', '12030001', '21', '19791114', '0190', '12010003', null, '杭州分行', '2020-12-01');
INSERT INTO `send_green_thr_customer_commit_shall_info` VALUES ('0600000039', '何明华', '12020001', '330523196708245018', '12030001', '21', '19670824', '0190', '12010003', null, '杭州分行', '2020-12-01');
INSERT INTO `send_green_thr_customer_commit_shall_info` VALUES ('0600000199', '侯寿炎', '12020001', '330522198211154738', '12030001', '21', '19821115', '6291', '12010003', null, '杭州分行', '2020-12-01');
INSERT INTO `send_green_thr_customer_commit_shall_info` VALUES ('0500000086', '沈根荣', '12020001', '330511196305183814', '12030001', '21', '19630518', '0190', '12010003', null, '杭州分行', '2020-12-01');
INSERT INTO `send_green_thr_customer_commit_shall_info` VALUES ('0600000188', '李国中', '12020001', '330522196503213710', '12030001', '21', '19650321', '5229', '12010003', null, '杭州分行', '2020-12-01');
INSERT INTO `send_green_thr_customer_commit_shall_info` VALUES ('0500000088', '陆子勤', '12020001', '330511196912024225', '12030002', '21', '19691202', '0190', '12010003', null, '杭州分行', '2020-12-01');
INSERT INTO `send_green_thr_customer_commit_shall_info` VALUES ('0500000081', '莫建璋', '12020001', '330511197102214216', '12030001', '21', '19710221', '0190', '12010003', null, '杭州分行', '2020-12-01');
INSERT INTO `send_green_thr_customer_commit_shall_info` VALUES ('0500000064', '郎正权', '12020001', '330511196102254037', '12030001', '21', '19610225', '0190', '12010003', null, '杭州分行', '2020-12-01');
INSERT INTO `send_green_thr_customer_commit_shall_info` VALUES ('0600000183', '夏仲南', '12020001', '330522196402093916', '12030001', '21', '19640209', '8290', '12010003', null, '杭州分行', '2020-12-01');
INSERT INTO `send_green_thr_customer_commit_shall_info` VALUES ('0600000205', '张海华', '12020001', '330522197608120611', '12030001', '21', '19760812', '5910', '12010003', null, '杭州分行', '2020-12-01');
INSERT INTO `send_green_thr_customer_commit_shall_info` VALUES ('0500000083', '赵新林', '12020001', '330511196208163811', '12030001', '21', '19620816', '0190', '12010003', null, '杭州分行', '2020-12-01');
INSERT INTO `send_green_thr_customer_commit_shall_info` VALUES ('0600000102', '王亚军', '12020001', '330523198311301113', '12030001', '21', '19831130', '0190', '12010003', null, '杭州分行', '2020-12-01');
INSERT INTO `send_green_thr_customer_commit_shall_info` VALUES ('0500000090', '张亮亮', '12020001', '411481198707305750', '12030001', '21', '19870730', '0190', '12010003', null, '杭州分行', '2020-12-01');
INSERT INTO `send_green_thr_customer_commit_shall_info` VALUES ('0600000029', '忻石银', '12020001', '330523197807294717', '12030001', '21', '19780729', '0190', '12010003', null, '杭州分行', '2020-12-01');
INSERT INTO `send_green_thr_customer_commit_shall_info` VALUES ('0500000110', '吕林生', '12020001', '330511196509154214', '12030001', '21', '19650915', '0190', '12010003', null, '杭州分行', '2020-12-01');
INSERT INTO `send_green_thr_customer_commit_shall_info` VALUES ('0500000060', '许海华', '12020001', '330511196610167618', '12030001', '21', '19661016', '0190', '12010003', null, '杭州分行', '2020-12-01');
INSERT INTO `send_green_thr_customer_commit_shall_info` VALUES ('0500000058', '梅金毛', '12020001', '330511196112267034', '12030001', '21', '19611226', '0190', '12010003', null, '杭州分行', '2020-12-01');
INSERT INTO `send_green_thr_customer_commit_shall_info` VALUES ('0500000097', '戴雪锋', '12020001', '330511197107127410', '12030001', '21', '19710712', '3399', '12010003', null, '杭州分行', '2020-12-01');
INSERT INTO `send_green_thr_customer_commit_shall_info` VALUES ('0600000161', '张霄俊', '12020001', '330522198308200032', '12030001', '21', '19830820', '8290', '12010003', null, '杭州分行', '2020-12-01');
INSERT INTO `send_green_thr_customer_commit_shall_info` VALUES ('0600000185', '施建平', '12020001', '330522196412074911', '12030001', '21', '19641207', '4710', '12010003', null, '杭州分行', '2020-12-01');
INSERT INTO `send_green_thr_customer_commit_shall_info` VALUES ('0600000195', '董建华', '12020001', '330522197003160012', '12030001', '21', '19700316', '8090', '12010003', null, '杭州分行', '2020-12-01');
INSERT INTO `send_green_thr_customer_commit_shall_info` VALUES ('0500000089', '戚国华', '12020001', '330501198412261618', '12030001', '21', '19841226', '0190', '12010003', null, '杭州分行', '2020-12-01');
INSERT INTO `send_green_thr_customer_commit_shall_info` VALUES ('0600000013', '陆新民', '12020001', '330501197406076550', '12030001', '21', '19740607', '0190', '12010003', null, '杭州分行', '2020-12-01');
INSERT INTO `send_green_thr_customer_commit_shall_info` VALUES ('0500000062', '姚金祥', '12020001', '330501198411056559', '12030001', '21', '19841105', '0190', '12010003', null, '杭州分行', '2020-12-01');
INSERT INTO `send_green_thr_customer_commit_shall_info` VALUES ('0500000072', '沈毅斌', '12020001', '330501198812091654', '12030001', '21', '19881209', '0190', '12010003', null, '杭州分行', '2020-12-01');
INSERT INTO `send_green_thr_customer_commit_shall_info` VALUES ('0500000077', '高华兰', '12020001', '330501196706056565', '12030002', '21', '19670605', '0190', '12010003', null, '杭州分行', '2020-12-01');
INSERT INTO `send_green_thr_customer_commit_shall_info` VALUES ('0500000065', '王龙勤', '12020001', '330501196511016563', '12030002', '21', '19651101', '0190', '12010003', null, '杭州分行', '2020-12-01');
INSERT INTO `send_green_thr_customer_commit_shall_info` VALUES ('0600000204', '罗加永', '12020001', '330522197702253912', '12030001', '21', '19770225', '5199', '12010003', null, '杭州分行', '2020-12-01');
INSERT INTO `send_green_thr_customer_commit_shall_info` VALUES ('0600000011', '严林江', '12020001', '33051119611020681X', '12030001', '21', '19611020', '0190', '12010003', null, '杭州分行', '2020-12-01');
INSERT INTO `send_green_thr_customer_commit_shall_info` VALUES ('0500000101', '张国强', '12020001', '330511197004057210', '12030001', '21', '19700405', '0190', '12010003', null, '杭州分行', '2020-12-01');
INSERT INTO `send_green_thr_customer_commit_shall_info` VALUES ('0600000155', '侯寿南', '12020001', '330522196802274716', '12030001', '21', '19680227', '5119', '12010003', null, '杭州分行', '2020-12-01');
INSERT INTO `send_green_thr_customer_commit_shall_info` VALUES ('0500000071', '沈文斌', '12020001', '330501198704301618', '12030001', '21', '19870430', '0190', '12010003', null, '杭州分行', '2020-12-01');
INSERT INTO `send_green_thr_customer_commit_shall_info` VALUES ('0500000069', '徐志荣', '12020001', '330511196607044238', '12030001', '21', '19660704', '0190', '12010003', null, '杭州分行', '2020-12-01');
INSERT INTO `send_green_thr_customer_commit_shall_info` VALUES ('0500000068', '褚桂顺', '12020001', '330511196207154219', '12030001', '21', '19620715', '0190', '12010003', null, '杭州分行', '2020-12-01');
INSERT INTO `send_green_thr_customer_commit_shall_info` VALUES ('0500000073', '王生胜', '12020001', '330501198811016572', '12030001', '21', '19881101', '0190', '12010003', null, '杭州分行', '2020-12-01');
INSERT INTO `send_green_thr_customer_commit_shall_info` VALUES ('0600000012', '邵国英', '12020001', '330501199011176564', '12030002', '21', '19901117', '0190', '12010003', null, '杭州分行', '2020-12-01');
INSERT INTO `send_green_thr_customer_commit_shall_info` VALUES ('0600000201', '姚春花', '12020001', '330522196502060425', '12030002', '21', '19650206', '5199', '12010003', null, '杭州分行', '2020-12-01');
INSERT INTO `send_green_thr_customer_commit_shall_info` VALUES ('0600000093', '盛金旺', '12020001', '330523196411054114', '12030001', '21', '19641105', '0190', '12010003', null, '杭州分行', '2020-12-01');
INSERT INTO `send_green_thr_customer_commit_shall_info` VALUES ('0500000103', '宋杏林', '12020001', '33051119620112721X', '12030001', '21', '19620112', '0190', '12010003', null, '杭州分行', '2020-12-01');
INSERT INTO `send_green_thr_customer_commit_shall_info` VALUES ('0600000010', '於斌强', '12020001', '330501199105251318', '12030001', '21', '19910525', '0190', '12010003', null, '杭州分行', '2020-12-01');
INSERT INTO `send_green_thr_customer_commit_shall_info` VALUES ('0700000532', '陈建和', '12020001', '330523196706264717', '12030001', '21', '19670626', '0190', '12010003', null, '杭州分行', '2020-12-01');
INSERT INTO `send_green_thr_customer_commit_shall_info` VALUES ('0600000122', '郑双金', '12020001', '330522197704255313', '12030001', '21', '19770425', '8290', '12010003', null, '杭州分行', '2020-12-01');
INSERT INTO `send_green_thr_customer_commit_shall_info` VALUES ('0500000076', '徐锋', '12020001', '330501198604246551', '12030001', '21', '19860424', '0190', '12010003', null, '杭州分行', '2020-12-01');
INSERT INTO `send_green_thr_customer_commit_shall_info` VALUES ('0600000178', '彭双喜', '12020001', '330522196811270012', '12030001', '21', '19681127', '8290', '12010003', null, '杭州分行', '2020-12-01');
INSERT INTO `send_green_thr_customer_commit_shall_info` VALUES ('0500000057', '金根泉', '12020001', '330511196507087011', '12030001', '21', '19650708', '0190', '12010003', null, '杭州分行', '2020-12-01');
INSERT INTO `send_green_thr_customer_commit_shall_info` VALUES ('0600000034', '潘鉴文', '12020001', '330523197503131118', '12030001', '21', '19750313', '0190', '12010003', null, '杭州分行', '2020-12-01');
INSERT INTO `send_green_thr_customer_commit_shall_info` VALUES ('0500000109', '邱建雯', '12020001', '330501199303282246', '12030002', '21', '19930328', '0190', '12010003', null, '杭州分行', '2020-12-01');
INSERT INTO `send_green_thr_customer_commit_shall_info` VALUES ('0500000080', '陈琴峰', '12020001', '330501198006195993', '12030001', '21', '19800619', '0190', '12010003', null, '杭州分行', '2020-12-01');
INSERT INTO `send_green_thr_customer_commit_shall_info` VALUES ('0500000105', '周雪林', '12020001', '320525196905086811', '12030001', '21', '19690508', '0190', '12010003', null, '杭州分行', '2020-12-01');
INSERT INTO `send_green_thr_customer_commit_shall_info` VALUES ('0500000085', '王雪芬', '12020001', '330501198101216000', '12030002', '21', '19810121', '0190', '12010003', null, '杭州分行', '2020-12-01');
INSERT INTO `send_green_thr_customer_commit_shall_info` VALUES ('0600000037', '沈旭峰', '12020001', '330523197104226611', '12030001', '21', '19710422', '0190', '12010003', null, '杭州分行', '2020-12-01');
INSERT INTO `send_green_thr_customer_commit_shall_info` VALUES ('0600000213', '杨巧根', '12020001', '330522197003296112', '12030001', '21', '19700329', '0111', '12010003', null, '杭州分行', '2020-12-01');
INSERT INTO `send_green_thr_customer_commit_shall_info` VALUES ('0600000198', '朱银美', '12020001', '330522196812042927', '12030002', '21', '19681204', '5231', '12010003', null, '杭州分行', '2020-12-01');

-- ----------------------------
-- Table structure for `send_green_thr_customer_info`
-- ----------------------------
DROP TABLE IF EXISTS `send_green_thr_customer_info`;
CREATE TABLE `send_green_thr_customer_info` (
  `customerNo` varchar(200) DEFAULT NULL COMMENT '客户唯一编号',
  `organization` varchar(200) DEFAULT NULL COMMENT '机构 ',
  `individualName` varchar(200) DEFAULT NULL COMMENT '姓名',
  `documentType` varchar(200) DEFAULT NULL COMMENT '个人证件类型',
  `documentNumber` varchar(200) DEFAULT NULL COMMENT '证件号码',
  `gender` varchar(200) DEFAULT NULL COMMENT '性别',
  `educationDegree` varchar(200) DEFAULT NULL COMMENT '学历',
  `birthday` varchar(200) DEFAULT NULL COMMENT '出生日期',
  `industryCd` varchar(200) DEFAULT NULL COMMENT '所属行业',
  `careerTypeCd` varchar(200) DEFAULT NULL COMMENT '职业类型',
  `career` varchar(200) DEFAULT NULL COMMENT '职业',
  `majorBusiness` varchar(200) DEFAULT NULL COMMENT '主营业务',
  `isFarmer` varchar(200) DEFAULT NULL COMMENT '是否农户',
  `businessDate` varchar(200) DEFAULT NULL COMMENT '信息变更日',
  `gdate` varchar(200) DEFAULT NULL COMMENT '增量日期 yyyyMMdd'
) ENGINE=InnoDB DEFAULT CHARSET=utf8;

-- ----------------------------
-- Records of send_green_thr_customer_info
-- ----------------------------
INSERT INTO `send_green_thr_customer_info` VALUES ('0600000011', '杭州分行', '严林江', 'D0040001', '33051119611020681X', 'D0050001', '21', '19611020', '0190', 'D0060003', '其他', null, 'D0010002', null, '2020-12-01');
INSERT INTO `send_green_thr_customer_info` VALUES ('0600000204', '杭州分行', '罗加永', 'D0040001', '330522197702253912', 'D0050001', '21', '19770225', '5199', 'D0060003', '其他', null, 'D0010002', null, '2020-12-01');
INSERT INTO `send_green_thr_customer_info` VALUES ('0500000065', '杭州分行', '王龙勤', 'D0040001', '330501196511016563', 'D0050002', '21', '19651101', '0190', 'D0060003', '其他', null, 'D0010002', null, '2020-12-01');
INSERT INTO `send_green_thr_customer_info` VALUES ('0600000122', '杭州分行', '郑双金', 'D0040001', '330522197704255313', 'D0050001', '21', '19770425', '8290', 'D0060003', '其他', null, 'D0010002', null, '2020-12-01');
INSERT INTO `send_green_thr_customer_info` VALUES ('0500000071', '杭州分行', '沈文斌', 'D0040001', '330501198704301618', 'D0050001', '21', '19870430', '0190', 'D0060003', '其他', null, 'D0010002', null, '2020-12-01');
INSERT INTO `send_green_thr_customer_info` VALUES ('0600000034', '杭州分行', '潘鉴文', 'D0040001', '330523197503131118', 'D0050001', '21', '19750313', '0190', 'D0060003', '其他', null, 'D0010002', null, '2020-12-01');
INSERT INTO `send_green_thr_customer_info` VALUES ('0500000091', '杭州分行', '莫培明', 'D0040001', '330511196212254214', 'D0050001', '21', '19621225', '0190', 'D0060003', '其他', null, 'D0010002', null, '2020-12-01');
INSERT INTO `send_green_thr_customer_info` VALUES ('0500000098', '杭州分行', '徐梅林', 'D0040001', '330511196802077211', 'D0050001', '21', '19680207', '0190', 'D0060003', '其他', null, 'D0010002', null, '2020-12-01');
INSERT INTO `send_green_thr_customer_info` VALUES ('0500000083', '杭州分行', '赵新林', 'D0040001', '330511196208163811', 'D0050001', '21', '19620816', '0190', 'D0060003', '其他', null, 'D0010002', null, '2020-12-01');
INSERT INTO `send_green_thr_customer_info` VALUES ('0500000110', '杭州分行', '吕林生', 'D0040001', '330511196509154214', 'D0050001', '21', '19650915', '0190', 'D0060003', '其他', null, 'D0010002', null, '2020-12-01');
INSERT INTO `send_green_thr_customer_info` VALUES ('0600000043', '杭州分行', '马国平', 'D0040001', '330523197208135837', 'D0050001', '21', '19720813', '0190', 'D0060003', '其他', null, 'D0010002', null, '2020-12-01');
INSERT INTO `send_green_thr_customer_info` VALUES ('0600000161', '杭州分行', '张霄俊', 'D0040001', '330522198308200032', 'D0050001', '21', '19830820', '8290', 'D0060003', '其他', null, 'D0010002', null, '2020-12-01');
INSERT INTO `send_green_thr_customer_info` VALUES ('0700000532', '杭州分行', '陈建和', 'D0040001', '330523196706264717', 'D0050001', '21', '19670626', '0190', 'D0060003', '其他', null, 'D0010002', null, '2020-12-01');
INSERT INTO `send_green_thr_customer_info` VALUES ('0600000191', '杭州分行', '陶德香', 'D0040001', '330522198108283726', 'D0050002', '21', '19810828', '1751', 'D0060003', '其他', null, 'D0010002', null, '2020-12-01');
INSERT INTO `send_green_thr_customer_info` VALUES ('0500000068', '杭州分行', '褚桂顺', 'D0040001', '330511196207154219', 'D0050001', '21', '19620715', '0190', 'D0060003', '其他', null, 'D0010002', null, '2020-12-01');
INSERT INTO `send_green_thr_customer_info` VALUES ('0600000032', '杭州分行', '徐根发', 'D0040001', '33052319710814471X', 'D0050001', '21', '19710814', '0190', 'D0060003', '其他', null, 'D0010002', null, '2020-12-01');
INSERT INTO `send_green_thr_customer_info` VALUES ('0600000167', '杭州分行', '魏向生', 'D0040001', '330522197311043918', 'D0050001', '21', '19731104', '5129', 'D0060003', '其他', null, 'D0010002', null, '2020-12-01');
INSERT INTO `send_green_thr_customer_info` VALUES ('0500000101', '杭州分行', '张国强', 'D0040001', '330511197004057210', 'D0050001', '21', '19700405', '0190', 'D0060003', '其他', null, 'D0010002', null, '2020-12-01');
INSERT INTO `send_green_thr_customer_info` VALUES ('0500000103', '杭州分行', '宋杏林', 'D0040001', '33051119620112721X', 'D0050001', '21', '19620112', '0190', 'D0060003', '其他', null, 'D0010002', null, '2020-12-01');
INSERT INTO `send_green_thr_customer_info` VALUES ('0600000093', '杭州分行', '盛金旺', 'D0040001', '330523196411054114', 'D0050001', '21', '19641105', '0190', 'D0060003', '其他', null, 'D0010002', null, '2020-12-01');
INSERT INTO `send_green_thr_customer_info` VALUES ('0600000013', '杭州分行', '陆新民', 'D0040001', '330501197406076550', 'D0050001', '21', '19740607', '0190', 'D0060003', '其他', null, 'D0010002', null, '2020-12-01');
INSERT INTO `send_green_thr_customer_info` VALUES ('0600000172', '杭州分行', '侯菊龙', 'D0040001', '330522197312304710', 'D0050001', '21', '19731230', '8290', 'D0060003', '其他', null, 'D0010002', null, '2020-12-01');
INSERT INTO `send_green_thr_customer_info` VALUES ('0600000213', '杭州分行', '杨巧根', 'D0040001', '330522197003296112', 'D0050001', '21', '19700329', '0111', 'D0060003', '其他', null, 'D0010002', null, '2020-12-01');
INSERT INTO `send_green_thr_customer_info` VALUES ('0500000079', '杭州分行', '姚建根', 'D0040001', '330511196909254230', 'D0050001', '21', '19690925', '0190', 'D0060003', '其他', null, 'D0010002', null, '2020-12-01');
INSERT INTO `send_green_thr_customer_info` VALUES ('0600000183', '杭州分行', '夏仲南', 'D0040001', '330522196402093916', 'D0050001', '21', '19640209', '8290', 'D0060003', '其他', null, 'D0010002', null, '2020-12-01');
INSERT INTO `send_green_thr_customer_info` VALUES ('0600000010', '杭州分行', '於斌强', 'D0040001', '330501199105251318', 'D0050001', '21', '19910525', '0190', 'D0060003', '其他', null, 'D0010002', null, '2020-12-01');
INSERT INTO `send_green_thr_customer_info` VALUES ('0600000012', '杭州分行', '邵国英', 'D0040001', '330501199011176564', 'D0050002', '21', '19901117', '0190', 'D0060003', '其他', null, 'D0010002', null, '2020-12-01');
INSERT INTO `send_green_thr_customer_info` VALUES ('0600000195', '杭州分行', '董建华', 'D0040001', '330522197003160012', 'D0050001', '21', '19700316', '8090', 'D0060003', '其他', null, 'D0010002', null, '2020-12-01');
INSERT INTO `send_green_thr_customer_info` VALUES ('0500000090', '杭州分行', '张亮亮', 'D0040001', '411481198707305750', 'D0050001', '21', '19870730', '0190', 'D0060003', '其他', null, 'D0010002', null, '2020-12-01');
INSERT INTO `send_green_thr_customer_info` VALUES ('0500000093', '杭州分行', '姚新方', 'D0040001', '330511195611074216', 'D0050001', '21', '19561107', '0190', 'D0060003', '其他', null, 'D0010002', null, '2020-12-01');
INSERT INTO `send_green_thr_customer_info` VALUES ('0500000080', '杭州分行', '陈琴峰', 'D0040001', '330501198006195993', 'D0050001', '21', '19800619', '0190', 'D0060003', '其他', null, 'D0010002', null, '2020-12-01');
INSERT INTO `send_green_thr_customer_info` VALUES ('0500000107', '杭州分行', '吴月强', 'D0040001', '330511196507127212', 'D0050001', '21', '19650712', '0190', 'D0060003', '其他', null, 'D0010002', null, '2020-12-01');
INSERT INTO `send_green_thr_customer_info` VALUES ('0500000072', '杭州分行', '沈毅斌', 'D0040001', '330501198812091654', 'D0050001', '21', '19881209', '0190', 'D0060003', '其他', null, 'D0010002', null, '2020-12-01');
INSERT INTO `send_green_thr_customer_info` VALUES ('0600000155', '杭州分行', '侯寿南', 'D0040001', '330522196802274716', 'D0050001', '21', '19680227', '5119', 'D0060003', '其他', null, 'D0010002', null, '2020-12-01');
INSERT INTO `send_green_thr_customer_info` VALUES ('0500000056', '杭州分行', '陈顺发', 'D0040001', '330511196307263439', 'D0050001', '21', '19630726', '0190', 'D0060003', '其他', null, 'D0010002', null, '2020-12-01');
INSERT INTO `send_green_thr_customer_info` VALUES ('0500000077', '杭州分行', '高华兰', 'D0040001', '330501196706056565', 'D0050002', '21', '19670605', '0190', 'D0060003', '其他', null, 'D0010002', null, '2020-12-01');
INSERT INTO `send_green_thr_customer_info` VALUES ('0600000189', '杭州分行', '罗正忠', 'D0040001', '330522196208283919', 'D0050001', '21', '19620828', '5199', 'D0060003', '其他', null, 'D0010002', null, '2020-12-01');
INSERT INTO `send_green_thr_customer_info` VALUES ('0600000169', '杭州分行', '邓转运', 'D0040001', '330522196210233910', 'D0050001', '21', '19621023', '8290', 'D0060003', '其他', null, 'D0010002', null, '2020-12-01');
INSERT INTO `send_green_thr_customer_info` VALUES ('0600000210', '杭州分行', '熊有安', 'D0040001', '33052219570130511X', 'D0050001', '21', '19570130', '8090', 'D0060003', '其他', null, 'D0010002', null, '2020-12-01');
INSERT INTO `send_green_thr_customer_info` VALUES ('0600000102', '杭州分行', '王亚军', 'D0040001', '330523198311301113', 'D0050001', '21', '19831130', '0190', 'D0060003', '其他', null, 'D0010002', null, '2020-12-01');
INSERT INTO `send_green_thr_customer_info` VALUES ('0500000076', '杭州分行', '徐锋', 'D0040001', '330501198604246551', 'D0050001', '21', '19860424', '0190', 'D0060003', '其他', null, 'D0010002', null, '2020-12-01');
INSERT INTO `send_green_thr_customer_info` VALUES ('0500000074', '杭州分行', '沈玉辉', 'D0040001', '33050119900610657X', 'D0050001', '21', '19900610', '0190', 'D0060003', '其他', null, 'D0010002', null, '2020-12-01');
INSERT INTO `send_green_thr_customer_info` VALUES ('0500000099', '杭州分行', '徐生林', 'D0040001', '330511196512257214', 'D0050001', '21', '19651225', '0190', 'D0060003', '其他', null, 'D0010002', null, '2020-12-01');
INSERT INTO `send_green_thr_customer_info` VALUES ('0500000086', '杭州分行', '沈根荣', 'D0040001', '330511196305183814', 'D0050001', '21', '19630518', '0190', 'D0060003', '其他', null, 'D0010002', null, '2020-12-01');
INSERT INTO `send_green_thr_customer_info` VALUES ('0600000188', '杭州分行', '李国中', 'D0040001', '330522196503213710', 'D0050001', '21', '19650321', '5229', 'D0060003', '其他', null, 'D0010002', null, '2020-12-01');
INSERT INTO `send_green_thr_customer_info` VALUES ('0500000075', '杭州分行', '李国新', 'D0040001', '330501198201120831', 'D0050001', '21', '19820112', '0190', 'D0060003', '其他', null, 'D0010002', null, '2020-12-01');
INSERT INTO `send_green_thr_customer_info` VALUES ('0600000201', '杭州分行', '姚春花', 'D0040001', '330522196502060425', 'D0050002', '21', '19650206', '5199', 'D0060003', '其他', null, 'D0010002', null, '2020-12-01');
INSERT INTO `send_green_thr_customer_info` VALUES ('0500000105', '杭州分行', '周雪林', 'D0040001', '320525196905086811', 'D0050001', '21', '19690508', '0190', 'D0060003', '其他', null, 'D0010002', null, '2020-12-01');
INSERT INTO `send_green_thr_customer_info` VALUES ('0600000208', '杭州分行', '罗捷', 'D0040001', '33052219861117472X', 'D0050002', '21', '19861117', '8394', 'D0060003', '其他', null, 'D0010002', null, '2020-12-01');
INSERT INTO `send_green_thr_customer_info` VALUES ('0600000095', '杭州分行', '蒋春明', 'D0040001', '330523196502114717', 'D0050001', '21', '19650211', '0190', 'D0060003', '其他', null, 'D0010002', null, '2020-12-01');
INSERT INTO `send_green_thr_customer_info` VALUES ('0500000070', '杭州分行', '蔡鼎铭', 'D0040001', '330501198210106716', 'D0050001', '21', '19821010', '0190', 'D0060003', '其他', null, 'D0010002', null, '2020-12-01');
INSERT INTO `send_green_thr_customer_info` VALUES ('0500000096', '杭州分行', '惠建萍', 'D0040001', '330501197402206573', 'D0050001', '21', '19740220', '0190', 'D0060003', '其他', null, 'D0010002', null, '2020-12-01');
INSERT INTO `send_green_thr_customer_info` VALUES ('0500000058', '杭州分行', '梅金毛', 'D0040001', '330511196112267034', 'D0050001', '21', '19611226', '0190', 'D0060003', '其他', null, 'D0010002', null, '2020-12-01');
INSERT INTO `send_green_thr_customer_info` VALUES ('0500000097', '杭州分行', '戴雪锋', 'D0040001', '330511197107127410', 'D0050001', '21', '19710712', '3399', 'D0060003', '其他', null, 'D0010002', null, '2020-12-01');
INSERT INTO `send_green_thr_customer_info` VALUES ('0600000205', '杭州分行', '张海华', 'D0040001', '330522197608120611', 'D0050001', '21', '19760812', '5910', 'D0060003', '其他', null, 'D0010002', null, '2020-12-01');
INSERT INTO `send_green_thr_customer_info` VALUES ('0500000088', '杭州分行', '陆子勤', 'D0040001', '330511196912024225', 'D0050002', '21', '19691202', '0190', 'D0060003', '其他', null, 'D0010002', null, '2020-12-01');
INSERT INTO `send_green_thr_customer_info` VALUES ('0500000059', '杭州分行', '邢武良', 'D0040001', '330511196301073810', 'D0050001', '21', '19630107', '0190', 'D0060003', '其他', null, 'D0010002', null, '2020-12-01');
INSERT INTO `send_green_thr_customer_info` VALUES ('0600000029', '杭州分行', '忻石银', 'D0040001', '330523197807294717', 'D0050001', '21', '19780729', '0190', 'D0060003', '其他', null, 'D0010002', null, '2020-12-01');
INSERT INTO `send_green_thr_customer_info` VALUES ('0500000100', '杭州分行', '曹明强', 'D0040001', '330511196602097410', 'D0050001', '21', '19660209', '0190', 'D0060003', '其他', null, 'D0010002', null, '2020-12-01');
INSERT INTO `send_green_thr_customer_info` VALUES ('0500000111', '杭州分行', '戴柳明', 'D0040001', '330501197312261317', 'D0050001', '21', '19731226', '5299', 'D0060003', '其他', null, 'D0010002', null, '2020-12-01');
INSERT INTO `send_green_thr_customer_info` VALUES ('0500000073', '杭州分行', '王生胜', 'D0040001', '330501198811016572', 'D0050001', '21', '19881101', '0190', 'D0060003', '其他', null, 'D0010002', null, '2020-12-01');
INSERT INTO `send_green_thr_customer_info` VALUES ('0500000066', '杭州分行', '沈小荣', 'D0040001', '330501198510026718', 'D0050001', '21', '19851002', '0190', 'D0060003', '其他', null, 'D0010002', null, '2020-12-01');
INSERT INTO `send_green_thr_customer_info` VALUES ('0600000194', '杭州分行', '范云德', 'D0040001', '330522196311010417', 'D0050001', '21', '19631101', '4710', 'D0060003', '其他', null, 'D0010002', null, '2020-12-01');
INSERT INTO `send_green_thr_customer_info` VALUES ('0500000084', '杭州分行', '吴阿祥', 'D0040001', '330511197011234211', 'D0050001', '21', '19701123', '0190', 'D0060003', '其他', null, 'D0010002', null, '2020-12-01');
INSERT INTO `send_green_thr_customer_info` VALUES ('0500000064', '杭州分行', '郎正权', 'D0040001', '330511196102254037', 'D0050001', '21', '19610225', '0190', 'D0060003', '其他', null, 'D0010002', null, '2020-12-01');
INSERT INTO `send_green_thr_customer_info` VALUES ('0500000060', '杭州分行', '许海华', 'D0040001', '330511196610167618', 'D0050001', '21', '19661016', '0190', 'D0060003', '其他', null, 'D0010002', null, '2020-12-01');
INSERT INTO `send_green_thr_customer_info` VALUES ('0600000198', '杭州分行', '朱银美', 'D0040001', '330522196812042927', 'D0050002', '21', '19681204', '5231', 'D0060003', '其他', null, 'D0010002', null, '2020-12-01');
INSERT INTO `send_green_thr_customer_info` VALUES ('0500000069', '杭州分行', '徐志荣', 'D0040001', '330511196607044238', 'D0050001', '21', '19660704', '0190', 'D0060003', '其他', null, 'D0010002', null, '2020-12-01');
INSERT INTO `send_green_thr_customer_info` VALUES ('0600000174', '杭州分行', '池昌财', 'D0040001', '33052219730807211X', 'D0050001', '21', '19730807', '3399', 'D0060003', '其他', null, 'D0010002', null, '2020-12-01');
INSERT INTO `send_green_thr_customer_info` VALUES ('0500000089', '杭州分行', '戚国华', 'D0040001', '330501198412261618', 'D0050001', '21', '19841226', '0190', 'D0060003', '其他', null, 'D0010002', null, '2020-12-01');
INSERT INTO `send_green_thr_customer_info` VALUES ('0500000109', '杭州分行', '邱建雯', 'D0040001', '330501199303282246', 'D0050002', '21', '19930328', '0190', 'D0060003', '其他', null, 'D0010002', null, '2020-12-01');
INSERT INTO `send_green_thr_customer_info` VALUES ('0500000063', '杭州分行', '赵琴雄', 'D0040001', '330511197010074412', 'D0050001', '21', '19701007', '0190', 'D0060003', '其他', null, 'D0010002', null, '2020-12-01');
INSERT INTO `send_green_thr_customer_info` VALUES ('0500000085', '杭州分行', '王雪芬', 'D0040001', '330501198101216000', 'D0050002', '21', '19810121', '0190', 'D0060003', '其他', null, 'D0010002', null, '2020-12-01');
INSERT INTO `send_green_thr_customer_info` VALUES ('0500000104', '杭州分行', '戴晓峰', 'D0040001', '330501197405075118', 'D0050001', '21', '19740507', '0190', 'D0060003', '其他', null, 'D0010002', null, '2020-12-01');
INSERT INTO `send_green_thr_customer_info` VALUES ('0500000082', '杭州分行', '陈蔚', 'D0040001', '330501197511116411', 'D0050001', '21', '19751111', '0190', 'D0060003', '其他', null, 'D0010002', null, '2020-12-01');
INSERT INTO `send_green_thr_customer_info` VALUES ('0500000057', '杭州分行', '金根泉', 'D0040001', '330511196507087011', 'D0050001', '21', '19650708', '0190', 'D0060003', '其他', null, 'D0010002', null, '2020-12-01');
INSERT INTO `send_green_thr_customer_info` VALUES ('0700000529', '杭州分行', '吴超', 'D0040001', '330523197911145834', 'D0050001', '21', '19791114', '0190', 'D0060003', '其他', null, 'D0010002', null, '2020-12-01');
INSERT INTO `send_green_thr_customer_info` VALUES ('0600000178', '杭州分行', '彭双喜', 'D0040001', '330522196811270012', 'D0050001', '21', '19681127', '8290', 'D0060003', '其他', null, 'D0010002', null, '2020-12-01');
INSERT INTO `send_green_thr_customer_info` VALUES ('0500000087', '杭州分行', '吴申卫', 'D0040001', '33050119690707599X', 'D0050001', '21', '19690707', '0190', 'D0060003', '其他', null, 'D0010002', null, '2020-12-01');
INSERT INTO `send_green_thr_customer_info` VALUES ('0600000039', '杭州分行', '何明华', 'D0040001', '330523196708245018', 'D0050001', '21', '19670824', '0190', 'D0060003', '其他', null, 'D0010002', null, '2020-12-01');
INSERT INTO `send_green_thr_customer_info` VALUES ('0500000078', '杭州分行', '金学锋', 'D0040001', '330501198607056710', 'D0050001', '21', '19860705', '0190', 'D0060003', '其他', null, 'D0010002', null, '2020-12-01');
INSERT INTO `send_green_thr_customer_info` VALUES ('0600000037', '杭州分行', '沈旭峰', 'D0040001', '330523197104226611', 'D0050001', '21', '19710422', '0190', 'D0060003', '其他', null, 'D0010002', null, '2020-12-01');
INSERT INTO `send_green_thr_customer_info` VALUES ('0600000180', '杭州分行', '沈剑能', 'D0040001', '330522197101040217', 'D0050001', '21', '19710104', '4710', 'D0060003', '其他', null, 'D0010002', null, '2020-12-01');
INSERT INTO `send_green_thr_customer_info` VALUES ('0600000199', '杭州分行', '侯寿炎', 'D0040001', '330522198211154738', 'D0050001', '21', '19821115', '6291', 'D0060003', '其他', null, 'D0010002', null, '2020-12-01');
INSERT INTO `send_green_thr_customer_info` VALUES ('0500000106', '杭州分行', '赵惠青', 'D0040001', '330501197606275431', 'D0050001', '21', '19760627', '0190', 'D0060003', '其他', null, 'D0010002', null, '2020-12-01');
INSERT INTO `send_green_thr_customer_info` VALUES ('0600000185', '杭州分行', '施建平', 'D0040001', '330522196412074911', 'D0050001', '21', '19641207', '4710', 'D0060003', '其他', null, 'D0010002', null, '2020-12-01');
INSERT INTO `send_green_thr_customer_info` VALUES ('0600000159', '杭州分行', '宋福喜', 'D0040001', '33051119700711361X', 'D0050001', '21', '19700711', '8290', 'D0060003', '其他', null, 'D0010002', null, '2020-12-01');
INSERT INTO `send_green_thr_customer_info` VALUES ('0500000081', '杭州分行', '莫建璋', 'D0040001', '330511197102214216', 'D0050001', '21', '19710221', '0190', 'D0060003', '其他', null, 'D0010002', null, '2020-12-01');
INSERT INTO `send_green_thr_customer_info` VALUES ('0500000062', '杭州分行', '姚金祥', 'D0040001', '330501198411056559', 'D0050001', '21', '19841105', '0190', 'D0060003', '其他', null, 'D0010002', null, '2020-12-01');
INSERT INTO `send_green_thr_customer_info` VALUES ('0500000108', '杭州分行', '邱林荣', 'D0040001', '330511196607236037', 'D0050001', '21', '19660723', '0190', 'D0060003', '其他', null, 'D0010002', null, '2020-12-01');

-- ----------------------------
-- Table structure for `send_green_thr_envrisk_company_loan_info`
-- ----------------------------
DROP TABLE IF EXISTS `send_green_thr_envrisk_company_loan_info`;
CREATE TABLE `send_green_thr_envrisk_company_loan_info` (
  `riskEnterpriseType` varchar(200) DEFAULT NULL COMMENT '报表指标类型',
  `indexCode` varchar(200) DEFAULT NULL COMMENT '指标代码',
  `customerNum` varchar(200) DEFAULT NULL COMMENT '客户数',
  `balance` varchar(200) DEFAULT NULL COMMENT '贷款余额',
  `balanceIncrease` varchar(200) DEFAULT NULL COMMENT '比年初增减额',
  `passBalance` varchar(200) DEFAULT NULL COMMENT '正常类贷款余额',
  `followBalance` varchar(200) DEFAULT NULL COMMENT '关注类贷款余额',
  `subBalance` varchar(200) DEFAULT NULL COMMENT '次级类贷款余额',
  `doubtfulBalance` varchar(200) DEFAULT NULL COMMENT '可疑类贷款余额',
  `lossBalance` varchar(200) DEFAULT NULL COMMENT '损失类贷款余额',
  `organization` varchar(200) DEFAULT NULL COMMENT '机构',
  `gdate` varchar(200) DEFAULT NULL COMMENT '增量日期 yyyyMMdd'
) ENGINE=InnoDB DEFAULT CHARSET=utf8;

-- ----------------------------
-- Records of send_green_thr_envrisk_company_loan_info
-- ----------------------------
INSERT INTO `send_green_thr_envrisk_company_loan_info` VALUES ('D0240001', 'D0180000', '1', '1', '1', '1', null, null, null, null, null, null);
INSERT INTO `send_green_thr_envrisk_company_loan_info` VALUES ('D0240001', 'D0180001', '1', '1', '1', '1', null, null, null, null, null, null);
INSERT INTO `send_green_thr_envrisk_company_loan_info` VALUES ('D0240002', 'D0180005', '1', '1', '1', '1', '1', null, null, null, null, null);
INSERT INTO `send_green_thr_envrisk_company_loan_info` VALUES ('D0240003', 'D0180004', '1', '1', '1', '1', null, null, null, null, null, null);
INSERT INTO `send_green_thr_envrisk_company_loan_info` VALUES ('D0240004', 'D0180000', '1', '1', '1', '1', null, null, null, null, null, null);
INSERT INTO `send_green_thr_envrisk_company_loan_info` VALUES ('D0240005', '', '1', '1', '1', '1', null, null, null, null, null, null);

-- ----------------------------
-- Table structure for `send_green_thr_envrisk_info`
-- ----------------------------
DROP TABLE IF EXISTS `send_green_thr_envrisk_info`;
CREATE TABLE `send_green_thr_envrisk_info` (
  `customerNo` varchar(200) DEFAULT NULL COMMENT '报送机构内部承贷主体编号',
  `customerTypeCd` varchar(200) DEFAULT NULL COMMENT '承贷主体类型',
  `cnapsCode` varchar(200) DEFAULT NULL COMMENT '业务经营机构代码',
  `riskTypeCd` varchar(200) DEFAULT NULL COMMENT '风险分类',
  `involvedDate` varchar(200) DEFAULT NULL COMMENT '风险发生日期',
  `involvedDesc` varchar(200) DEFAULT NULL COMMENT '风险描述',
  `involvedReasonNo` varchar(200) DEFAULT NULL COMMENT '风险事由标识号',
  `dealDate` varchar(200) DEFAULT NULL COMMENT '风险处置日期',
  `dealMeasure` varchar(200) DEFAULT NULL COMMENT '风险处置措施',
  `reformOverDate` varchar(200) DEFAULT NULL COMMENT '整改完成日期',
  `isOverReform` varchar(200) DEFAULT NULL COMMENT '是否已完成整改',
  `organization` varchar(200) DEFAULT NULL COMMENT '机构',
  `gdate` varchar(200) DEFAULT NULL COMMENT '增量日期 yyyyMMdd'
) ENGINE=InnoDB DEFAULT CHARSET=utf8;

-- ----------------------------
-- Records of send_green_thr_envrisk_info
-- ----------------------------

-- ----------------------------
-- Table structure for `send_green_thr_finance_stat`
-- ----------------------------
DROP TABLE IF EXISTS `send_green_thr_finance_stat`;
CREATE TABLE `send_green_thr_finance_stat` (
  `greenFinanceType` varchar(200) DEFAULT NULL COMMENT '报表指标类型',
  `indexCode` varchar(200) DEFAULT NULL COMMENT '指标代码',
  `greenBalance` varchar(200) DEFAULT NULL COMMENT '绿色信贷余额',
  `passBalance` varchar(200) DEFAULT NULL COMMENT '正常类贷款余额',
  `followBalance` varchar(200) DEFAULT NULL COMMENT '关注类贷款余额',
  `subBalance` varchar(200) DEFAULT NULL COMMENT '次级类贷款余额',
  `doubtfulBalance` varchar(200) DEFAULT NULL COMMENT '可疑类贷款余额',
  `lossBalance` varchar(200) DEFAULT NULL COMMENT '损失类贷款余额',
  `energy` varchar(200) DEFAULT NULL COMMENT '标准煤',
  `co2` varchar(200) DEFAULT NULL COMMENT '二氧化碳当量',
  `cod` varchar(200) DEFAULT NULL COMMENT '化学需氧量',
  `nh` varchar(200) DEFAULT NULL COMMENT '氨氮',
  `so2` varchar(200) DEFAULT NULL COMMENT '二氧化硫',
  `nox` varchar(200) DEFAULT NULL COMMENT '氮氧化物',
  `h2o` varchar(200) DEFAULT NULL COMMENT '节水',
  `fineParticle` varchar(200) DEFAULT NULL COMMENT '细颗粒物（PM2.5）',
  `voc` varchar(200) DEFAULT NULL COMMENT '挥发性有机物',
  `nitrogen` varchar(200) DEFAULT NULL COMMENT '总氮',
  `phosphorus` varchar(200) DEFAULT NULL COMMENT '总磷',
  `bondBalance` varchar(200) DEFAULT NULL COMMENT '非金融企业绿色债券投资余额',
  `billBalance` varchar(200) DEFAULT NULL COMMENT '绿色银行承兑汇票余额',
  `creditBalance` varchar(200) DEFAULT NULL COMMENT '绿色信用证余额',
  `organization` varchar(200) DEFAULT NULL COMMENT '机构',
  `gdate` varchar(200) DEFAULT NULL COMMENT '增量日期 yyyyMMdd'
) ENGINE=InnoDB DEFAULT CHARSET=utf8;

-- ----------------------------
-- Records of send_green_thr_finance_stat
-- ----------------------------
INSERT INTO `send_green_thr_finance_stat` VALUES ('D0210001', '3', '1', '2', '2', null, null, null, null, null, null, null, null, null, null, null, null, null, null, null, null, null, null, null);
INSERT INTO `send_green_thr_finance_stat` VALUES ('D0210003', '2', '2', '2', '2', null, null, null, null, null, null, null, null, null, null, null, null, null, null, null, null, null, null, null);
INSERT INTO `send_green_thr_finance_stat` VALUES ('D0210002', '1', '2', '2', '2', null, null, null, null, null, null, null, null, null, null, null, null, null, null, null, null, null, null, null);
INSERT INTO `send_green_thr_finance_stat` VALUES ('D0210001', '4', '2', '2', '2', null, null, null, null, null, null, null, null, null, null, null, null, null, null, null, null, null, null, null);

-- ----------------------------
-- Table structure for `send_green_thr_loan_info`
-- ----------------------------
DROP TABLE IF EXISTS `send_green_thr_loan_info`;
CREATE TABLE `send_green_thr_loan_info` (
  `customerNo` varchar(200) DEFAULT NULL COMMENT '客户唯一编号',
  `organization` varchar(200) DEFAULT NULL COMMENT '机构 ',
  `businessTypeCd` varchar(200) DEFAULT NULL COMMENT '报送场景类型',
  `businessDate` varchar(200) DEFAULT NULL COMMENT '业务日期',
  `contractNo` varchar(200) DEFAULT NULL COMMENT '贷款合同号',
  `loanNo` varchar(200) DEFAULT NULL COMMENT '借据号',
  `customerTypeCd` varchar(200) DEFAULT NULL COMMENT '客户类型',
  `projectNo` varchar(200) DEFAULT NULL COMMENT '项目唯一编号',
  `loanKindCd` varchar(200) DEFAULT NULL COMMENT '贷款类型',
  `loanProduct` varchar(200) DEFAULT NULL COMMENT '贷款产品名称',
  `businessOrg` varchar(200) DEFAULT NULL COMMENT '业务发生机构',
  `loanPurposeDesc` varchar(200) DEFAULT NULL COMMENT '贷款用途描述',
  `loanAmount` varchar(200) DEFAULT NULL COMMENT '贷款金额',
  `loanBalance` varchar(200) DEFAULT NULL COMMENT '贷款余额',
  `timeLimit` varchar(200) DEFAULT NULL COMMENT '贷款期限',
  `loanDate` varchar(200) DEFAULT NULL COMMENT '放款日',
  `expiringDate` varchar(200) DEFAULT NULL COMMENT '到期日',
  `overdueDate` varchar(200) DEFAULT NULL COMMENT '逾期日',
  `overBalance` varchar(200) DEFAULT NULL COMMENT '逾期金额',
  `guaranteeMethodCd` varchar(200) DEFAULT NULL COMMENT '担保方式',
  `interestRate` varchar(200) DEFAULT NULL COMMENT '执行利率（年化）',
  `repaymentMethodCd` varchar(200) DEFAULT NULL COMMENT '还款方式',
  `latestRepayDate` varchar(200) DEFAULT NULL COMMENT '最近还款日',
  `fiveLevelCd` varchar(200) DEFAULT NULL COMMENT '五级分类',
  `industryCd` varchar(200) DEFAULT NULL COMMENT '投向行业',
  `isGreen` varchar(200) DEFAULT NULL COMMENT '是否绿色贷款',
  `greenDecidedDate` varchar(200) DEFAULT NULL COMMENT '绿色认定日期',
  `cbrcGreenClass` varchar(200) DEFAULT NULL COMMENT '银保监会绿色认定分类代码',
  `pbcGreenClass` varchar(200) DEFAULT NULL COMMENT '人民银行绿色认定分类代码',
  `localGreenClass` varchar(200) DEFAULT NULL COMMENT '地方绿色认定分类代码',
  `isEnvironmentalInterest` varchar(200) DEFAULT NULL COMMENT '是否环境权益融资',
  `environmentalInterestCd` varchar(200) DEFAULT NULL COMMENT '环境权益融资分类',
  `gdate` varchar(200) DEFAULT NULL COMMENT '增量日期 yyyyMMdd'
) ENGINE=InnoDB DEFAULT CHARSET=utf8;

-- ----------------------------
-- Records of send_green_thr_loan_info
-- ----------------------------
INSERT INTO `send_green_thr_loan_info` VALUES ('0000006647', '杭州分行', 'D0080005', '20201201', 'HUZZX0210120200080', '25451000000019515', 'D0090001', null, 'D0100001', '绿色贷款', 'B0008S333050001', 'B0008S333050001', '88,200,000', '88,200,000.', '183', '20200624', '20201224', null, null, 'D0130002', '0.043500', 'D0140004', null, 'D0150001', '5164', 'D0010001', '20201201', 'CBIRCGC20B01070200', 'PBOCGC2020010702', null, 'D0010002', null, '2020-12-01');
INSERT INTO `send_green_thr_loan_info` VALUES ('0100000005', '杭州分行', 'D0080002', '20200930', 'HUZ1210220180045', '25456000000004686', 'D0090001', null, 'D0100003', '绿色贷款', 'B0008S333050006', 'B0008S333050006', '30,000,000', '28,270,000.', '2,553', '20180612', '20250608', null, null, 'D0130003', '0.074999', 'D0140007', null, 'D0150001', '8080', 'D0010001', '20200930', 'CBIRCGC20B01061200', 'PBOCGC2020010614', null, 'D0010002', null, '2020-12-01');
INSERT INTO `send_green_thr_loan_info` VALUES ('0100000005', '杭州分行', 'D0080002', '20200930', 'HUZ1210220180018', '25456000000003886', 'D0090001', null, 'D0100003', '绿色贷款', 'B0008S333050006', 'B0008S333050006', '17,700,000', '16,675,000.', '2,557', '20180131', '20250131', null, null, 'D0130003', '0.065000', 'D0140007', null, 'D0150001', '8080', 'D0010001', '20200930', 'CBIRCGC20B01061200', 'PBOCGC2020010614', null, 'D0010002', null, '2020-12-01');
INSERT INTO `send_green_thr_loan_info` VALUES ('0100000005', '杭州分行', 'D0080002', '20200930', 'HUZ1210220190088', '25456000000008217', 'D0090001', null, 'D0100003', '绿色贷款', 'B0008S333050006', 'B0008S333050006', '27,000,000', '27,000,000.', '2,555', '20191129', '20261127', null, null, 'D0130003', '0.066150', 'D0140007', null, 'D0150001', '8080', 'D0010001', '20200930', 'CBIRCGC20B01061200', 'PBOCGC2020010614', null, 'D0010002', null, '2020-12-01');
INSERT INTO `send_green_thr_loan_info` VALUES ('0100000005', '杭州分行', 'D0080002', '20200930', 'HUZ1210220190066', '25456000000007676', 'D0090001', null, 'D0100003', '绿色贷款', 'B0008S333050006', 'B0008S333050006', '30,000,000', '30,000,000.', '2,553', '20190812', '20260808', null, null, 'D0130003', '0.066150', 'D0140007', null, 'D0150001', '8080', 'D0010001', '20200930', 'CBIRCGC20B01061200', 'PBOCGC2020010614', null, 'D0010002', null, '2020-12-01');
INSERT INTO `send_green_thr_loan_info` VALUES ('0100000005', '杭州分行', 'D0080002', '20200930', 'HUZ1210220170034', '25456000000003116', 'D0090001', null, 'D0100003', '绿色贷款', 'B0008S333050006', 'B0008S333050006', '5,000,000', '4,420,000.', '2,551', '20170816', '20240810', null, null, 'D0130003', '0.065000', 'D0140007', null, 'D0150001', '8080', 'D0010001', '20200930', 'CBIRCGC20B01061200', 'PBOCGC2020010614', null, 'D0010002', null, '2020-12-01');
INSERT INTO `send_green_thr_loan_info` VALUES ('0100000574', '杭州分行', 'D0080002', '20200930', 'HUZ0410120200013', '25497000000050083', 'D0090001', null, 'D0100001', '绿色贷款', 'B0008L333050001', 'B0008L333050001', '20,000,000', '20,000,000.', '366', '20200119', '20210119', null, null, 'D0130003', '0.050000', 'D0140004', null, 'D0150001', '7810', 'D0010001', '20200930', 'CBIRCGC20B05060400', 'PBOCGC2020050604', null, 'D0010002', null, '2020-12-01');
INSERT INTO `send_green_thr_loan_info` VALUES ('0100002824', '杭州分行', 'D0080002', '20200930', 'HUZ0510220190061', '25497000000048371', 'D0090001', null, 'D0100003', '绿色贷款', 'B0008L333050001', 'B0008L333050001', '50,000,000', '50,000,000.', '2,610', '20191209', '20270131', null, null, 'D0130003', '0.053000', 'D0140007', null, 'D0150001', '7212', 'D0010001', '20200930', 'CBIRCGC20B02010201', 'PBOCGC2020020103', null, 'D0010002', null, '2020-12-01');
INSERT INTO `send_green_thr_loan_info` VALUES ('0100002824', '杭州分行', 'D0080002', '20200930', 'HUZ0510220190010', '25497000000042471', 'D0090001', null, 'D0100003', '绿色贷款', 'B0008L333050001', 'B0008L333050001', '100,000,000', '95,830,000.', '2,882', '20190312', '20270131', null, null, 'D0130001', '0.066200', 'D0140007', null, 'D0150001', '7212', 'D0010001', '20200930', 'CBIRCGC20B02010201', 'PBOCGC2020020103', null, 'D0010002', null, '2020-12-01');
INSERT INTO `send_green_thr_loan_info` VALUES ('0100002824', '杭州分行', 'D0080002', '20200930', 'HUZ0510220190009', '25497000000041909', 'D0090001', null, 'D0100003', '绿色贷款', 'B0008L333050001', 'B0008L333050001', '100,000,000', '95,830,000.', '2,922', '20190131', '20270131', null, null, 'D0130001', '0.068000', 'D0140007', null, 'D0150001', '7212', 'D0010001', '20200930', 'CBIRCGC20B02010201', 'PBOCGC2020020103', null, 'D0010002', null, '2020-12-01');
INSERT INTO `send_green_thr_loan_info` VALUES ('0200000221', '杭州分行', 'D0080002', '20200930', 'HUZ0510120180007', '25497000000034786', 'D0090001', null, 'D0100001', '绿色贷款', 'B0008L333050001', 'B0008L333050001', '90,000,000', '81,000,000.', '1,096', '20180517', '20210517', null, null, 'D0130003', '0.071013', 'D0140007', null, 'D0150001', '7810', 'D0010001', '20200930', 'CBIRCGC20B04030900', 'PBOCGC2020040309', null, 'D0010002', null, '2020-12-01');
INSERT INTO `send_green_thr_loan_info` VALUES ('0200000221', '杭州分行', 'D0080002', '20200930', 'HUZ0510120180004', '25497000000034414', 'D0090001', null, 'D0100001', '绿色贷款', 'B0008L333050001', 'B0008L333050001', '10,000,000', '9,000,000.', '1,096', '20180427', '20210427', null, null, 'D0130003', '0.066500', 'D0140007', null, 'D0150001', '7810', 'D0010001', '20200930', 'CBIRCGC20B04030900', 'PBOCGC2020040309', null, 'D0010002', null, '2020-12-01');
INSERT INTO `send_green_thr_loan_info` VALUES ('0200000588', '杭州分行', 'D0080002', '20200930', 'HUZ0310120190144', '25497000000047548', 'D0090001', null, 'D0100001', '绿色贷款', 'B0008L333050001', 'B0008L333050001', '130,000,000', '130,000,000.', '366', '20191025', '20201025', null, null, 'D0130003', '0.059000', 'D0140007', null, 'D0150001', '4813', 'D0010001', '20200930', 'CBIRCGC20B05060400', 'PBOCGC2020050604', null, 'D0010002', null, '2020-12-01');
INSERT INTO `send_green_thr_loan_info` VALUES ('0200000646', '杭州分行', 'D0080002', '20200930', 'HUZ1210220160016', '25456000000000488', 'D0090001', null, 'D0100006', '绿色贷款', 'B0008S333050006', 'B0008S333050006', '150,000,000', '80,000,000.', '1,813', '20160428', '20210415', null, null, 'D0130003', '0.060000', 'D0140004', null, 'D0150001', '7810', 'D0010001', '20200930', 'CBIRCGC20B05030104', 'PBOCGC2020050304', null, 'D0010002', null, '2020-12-01');
INSERT INTO `send_green_thr_loan_info` VALUES ('0200000646', '杭州分行', 'D0080002', '20200930', 'HUZ1210220160031', '25456000000000965', 'D0090001', null, 'D0100006', '绿色贷款', 'B0008S333050006', 'B0008S333050006', '100,000,000', '60,000,000.', '1,826', '20160826', '20210826', null, null, 'D0130003', '0.060000', 'D0140004', null, 'D0150001', '7810', 'D0010001', '20200930', 'CBIRCGC20B05030104', 'PBOCGC2020050304', null, 'D0010002', null, '2020-12-01');
INSERT INTO `send_green_thr_loan_info` VALUES ('0200002347', '杭州分行', 'D0080002', '20200930', 'HUZ1010120200018', '25452000000015705', 'D0090001', null, 'D0100001', '绿色贷款', 'B0008S333050002', 'B0008S333050002', '15,000,000', '15,000,000.', '365', '20200306', '20210306', null, null, 'D0130001', '0.050025', 'D0140004', null, 'D0150001', '2720', 'D0010001', '20200930', 'CBIRCGC20B02020100', 'PBOCGC2020020201', null, 'D0010002', null, '2020-12-01');
INSERT INTO `send_green_thr_loan_info` VALUES ('0200002347', '杭州分行', 'D0080002', '20200930', 'HUZ1010120190105', '25452000000014789', 'D0090001', null, 'D0100001', '绿色贷款', 'B0008S333050002', 'B0008S333050002', '10,000,000', '10,000,000.', '366', '20191209', '20201209', null, null, 'D0130001', '0.050025', 'D0140004', null, 'D0150001', '2720', 'D0010001', '20200930', 'CBIRCGC20B02020100', 'PBOCGC2020020201', null, 'D0010002', null, '2020-12-01');
INSERT INTO `send_green_thr_loan_info` VALUES ('0200002347', '杭州分行', 'D0080002', '20200930', 'HUZ1010120190091', '25452000000014575', 'D0090001', null, 'D0100001', '绿色贷款', 'B0008S333050002', 'B0008S333050002', '5,000,000', '5,000,000.', '366', '20191128', '20201128', null, null, 'D0130001', '0.050025', 'D0140007', null, 'D0150001', '2720', 'D0010001', '20200930', 'CBIRCGC20B02020100', 'PBOCGC2020020201', null, 'D0010002', null, '2020-12-01');
INSERT INTO `send_green_thr_loan_info` VALUES ('0300000958', '杭州分行', 'D0080002', '20200930', 'HUZ0710220190052', '25451000000015690', 'D0090001', null, 'D0100006', '绿色贷款', 'B0008S333050001', 'B0008S333050001', '50,000,000', '50,000,000.', '2,808', '20190911', '20270520', null, null, 'D0130003', '0.066150', 'D0140007', null, 'D0150001', '7810', 'D0010001', '20200930', 'CBIRCGC20B02040200', '', null, 'D0010002', null, '2020-12-01');
INSERT INTO `send_green_thr_loan_info` VALUES ('0300000958', '杭州分行', 'D0080002', '20200930', 'HUZ0710220190031', '25451000000014618', 'D0090001', null, 'D0100006', '绿色贷款', 'B0008S333050001', 'B0008S333050001', '98,490,000', '98,490,000.', '2,894', '20190617', '20270520', null, null, 'D0130003', '0.066150', 'D0140007', null, 'D0150001', '7810', 'D0010001', '20200930', 'CBIRCGC20B02040200', '', null, 'D0010002', null, '2020-12-01');
INSERT INTO `send_green_thr_loan_info` VALUES ('0300000958', '杭州分行', 'D0080002', '20200930', 'HUZ0710220200021', '25451000000018294', 'D0090001', null, 'D0100006', '绿色贷款', 'B0008S333050001', 'B0008S333050001', '42,000,000', '42,000,000.', '2,607', '20200330', '20270520', null, null, 'D0130003', '0.050000', 'D0140007', null, 'D0150001', '7810', 'D0010001', '20200930', 'CBIRCGC20B02040200', '', null, 'D0010002', null, '2020-12-01');
INSERT INTO `send_green_thr_loan_info` VALUES ('0300001495', '杭州分行', 'D0080002', '20200930', 'HUZ1210220200031', '25456000000008794', 'D0090001', null, 'D0100006', '绿色贷款', 'B0008S333050006', 'B0008S333050006', '200,000,000', '197,000,000.', '1,088', '20200415', '20230408', null, null, 'D0130001', '0.058000', 'D0140007', null, 'D0150001', '7010', 'D0010001', '20200930', 'CBIRCGC20B05010202', 'PBOCGC2020050102', null, 'D0010002', null, '2020-12-01');
INSERT INTO `send_green_thr_loan_info` VALUES ('0300001495', '杭州分行', 'D0080002', '20200930', 'HUZ1210220200032', '25456000000009130', 'D0090001', null, 'D0100006', '绿色贷款', 'B0008S333050006', 'B0008S333050006', '100,000,000', '98,000,000.', '1,044', '20200529', '20230408', null, null, 'D0130001', '0.058000', 'D0140007', null, 'D0150001', '7010', 'D0010001', '20200930', 'CBIRCGC20B05010202', 'PBOCGC2020050102', null, 'D0010002', null, '2020-12-01');
INSERT INTO `send_green_thr_loan_info` VALUES ('0300003878', '杭州分行', 'D0080002', '20200930', 'HUZ0710220140076', '25451000000001030', 'D0090001', null, 'D0100006', '绿色贷款', 'B0008S333050001', 'B0008S333050001', '50,000,000', '21,875,000.', '3,638', '20150104', '20241220', null, null, 'D0130003', '0.053999', 'D0140004', null, 'D0150001', '7869', 'D0010001', '20200930', 'CBIRCGC20B01060200', 'PBOCGC2020010602', null, 'D0010002', null, '2020-12-01');
INSERT INTO `send_green_thr_loan_info` VALUES ('0300003878', '杭州分行', 'D0080002', '20200930', 'HUZ0710220140062', '25451000000000944', 'D0090001', null, 'D0100006', '绿色贷款', 'B0008S333050001', 'B0008S333050001', '50,000,000', '21,875,000.', '3,653', '20141120', '20241120', null, null, 'D0130003', '0.051450', 'D0140004', null, 'D0150001', '7869', 'D0010001', '20200930', 'CBIRCGC20B01060200', 'PBOCGC2020010602', null, 'D0010002', null, '2020-12-01');
INSERT INTO `send_green_thr_loan_info` VALUES ('0400002614', '杭州分行', 'D0080002', '20200930', 'HUZ0710120200032', '25451000000019106', 'D0090001', null, 'D0100001', '绿色贷款', 'B0008S333050001', 'B0008S333050001', '150,000,000', '150,000,000.', '365', '20200520', '20210520', null, null, 'D0130001', '0.055000', 'D0140004', null, 'D0150001', '7810', 'D0010001', '20200930', 'CBIRCGC20B04030600', 'PBOCGC2020040306', null, 'D0010002', null, '2020-12-01');
INSERT INTO `send_green_thr_loan_info` VALUES ('0400003062', '杭州分行', 'D0080005', '20201201', 'HUZ0410120200055', '25497000000051780', 'D0090001', null, 'D0100001', '绿色贷款', 'B0008L333050001', 'B0008L333050001', '98,000,000', '98,000,000.', '183', '20200623', '20201223', null, null, 'D0130002', '0.037500', 'D0140004', null, 'D0150001', '7810', 'D0010001', '20201201', '', 'PBOCGC2020060508', null, 'D0010002', null, '2020-12-01');
INSERT INTO `send_green_thr_loan_info` VALUES ('0400003078', '杭州分行', 'D0080005', '20201201', 'HUZ0410120200054', '25497000000051791', 'D0090001', null, 'D0100001', '绿色贷款', 'B0008L333050001', 'B0008L333050001', '98,000,000', '98,000,000.', '183', '20200623', '20201223', null, null, 'D0130002', '0.037500', 'D0140004', null, 'D0150001', '7810', 'D0010001', '20201201', '', 'PBOCGC2020060508', null, 'D0010002', null, '2020-12-01');
INSERT INTO `send_green_thr_loan_info` VALUES ('0400004637', '杭州分行', 'D0080005', '20201201', 'HUZ0710120200046', '25451000000020803', 'D0090001', null, 'D0100001', '绿色贷款', 'B0008S333050001', 'B0008S333050001', '200,000,000', '200,000,000.', '365', '20200831', '20210831', null, null, 'D0130003', '0.038500', 'D0140004', null, 'D0150001', '4210', 'D0010001', '20201201', 'CBIRCGC20B01070200', 'PBOCGC2020010702', null, 'D0010002', null, '2020-12-01');
INSERT INTO `send_green_thr_loan_info` VALUES ('0500000056', '杭州分行', 'D0080005', '20201201', 'HUZZX06S12020170030', '25497000000028036', 'D0090002', null, 'D0100005', '绿色贷款', 'B0008L333050001', 'B0008L333050001', '91,200', '62,282.93', '10', '20170913', '20270913', null, null, 'D0130003', '0.066150', 'D0140007', null, 'D0150001', '0190', 'D0010001', '20201201', 'CBIRCGC20B03020200', 'PBOCGC2020030202', null, 'D0010002', null, '2020-12-01');
INSERT INTO `send_green_thr_loan_info` VALUES ('0500000057', '杭州分行', 'D0080005', '20201201', 'HUZZX06S12020170031', '25497000000028127', 'D0090002', null, 'D0100005', '绿色贷款', 'B0008L333050001', 'B0008L333050001', '81,090', '55,378.47', '10', '20170915', '20270915', null, null, 'D0130003', '0.066150', 'D0140007', null, 'D0150001', '0190', 'D0010001', '20201201', 'CBIRCGC20B03020200', 'PBOCGC2020030202', null, 'D0010002', null, '2020-12-01');
INSERT INTO `send_green_thr_loan_info` VALUES ('0500000058', '杭州分行', 'D0080005', '20201201', 'HUZZX06S12020170033', '25497000000028138', 'D0090002', null, 'D0100005', '绿色贷款', 'B0008L333050001', 'B0008L333050001', '76,585', '52,301.91', '10', '20170915', '20270915', null, null, 'D0130003', '0.066150', 'D0140007', null, 'D0150001', '0190', 'D0010001', '20201201', 'CBIRCGC20B03020200', 'PBOCGC2020030202', null, 'D0010002', null, '2020-12-01');
INSERT INTO `send_green_thr_loan_info` VALUES ('0500000059', '杭州分行', 'D0080005', '20201201', 'HUZZX06S12020170032', '25497000000028218', 'D0090002', null, 'D0100005', '绿色贷款', 'B0008L333050001', 'B0008L333050001', '27,030', '19,118.76', '10', '20170921', '20270921', null, null, 'D0130003', '0.066150', 'D0140007', null, 'D0150001', '0190', 'D0010001', '20201201', 'CBIRCGC20B03020200', 'PBOCGC2020030202', null, 'D0010002', null, '2020-12-01');
INSERT INTO `send_green_thr_loan_info` VALUES ('0500000060', '杭州分行', 'D0080005', '20201201', 'HUZZX06S12020170040', '25497000000028241', 'D0090002', null, 'D0100005', '绿色贷款', 'B0008L333050001', 'B0008L333050001', '67,575', '47,796.96', '10', '20170922', '20270922', null, null, 'D0130003', '0.066150', 'D0140007', null, 'D0150001', '0190', 'D0010001', '20201201', 'CBIRCGC20B03020200', 'PBOCGC2020030202', null, 'D0010002', null, '2020-12-01');
INSERT INTO `send_green_thr_loan_info` VALUES ('0500000061', '杭州分行', 'D0080002', '20200930', 'HUZZX06S12020170039', '25497000000028354', 'D0090002', null, 'D0100005', '绿色贷款', 'B0008L333050001', 'B0008L333050001', '74,587.5', '52,756.98', '10', '20170925', '20270925', null, null, 'D0130003', '0.066150', 'D0140007', null, 'D0150001', '0190', 'D0010001', '20200930', 'CBIRCGC20B03020200', 'PBOCGC2020030202', null, 'D0010002', null, '2020-12-01');
INSERT INTO `send_green_thr_loan_info` VALUES ('0500000062', '杭州分行', 'D0080005', '20201201', 'HUZZX06S12020170044', '25497000000028365', 'D0090002', null, 'D0100005', '绿色贷款', 'B0008L333050001', 'B0008L333050001', '76,585', '54,169.84', '10', '20170925', '20270925', null, null, 'D0130003', '0.066150', 'D0140007', null, 'D0150001', '0190', 'D0010001', '20201201', 'CBIRCGC20B03020200', 'PBOCGC2020030202', null, 'D0010002', null, '2020-12-01');
INSERT INTO `send_green_thr_loan_info` VALUES ('0500000063', '杭州分行', 'D0080005', '20201201', 'HUZZX06S12020170043', '25497000000028387', 'D0090002', null, 'D0100005', '绿色贷款', 'B0008L333050001', 'B0008L333050001', '66,300', '46,895.16', '10', '20170925', '20270925', null, null, 'D0130003', '0.066150', 'D0140007', null, 'D0150001', '0190', 'D0010001', '20201201', 'CBIRCGC20B03020200', 'PBOCGC2020030202', null, 'D0010002', null, '2020-12-01');
INSERT INTO `send_green_thr_loan_info` VALUES ('0500000064', '杭州分行', 'D0080005', '20201201', 'HUZZX06S12020170053', '25497000000028682', 'D0090002', null, 'D0100005', '绿色贷款', 'B0008L333050001', 'B0008L333050001', '88,400', '62,526.8', '10', '20171009', '20271009', null, null, 'D0130003', '0.066150', 'D0140007', null, 'D0150001', '0190', 'D0010001', '20201201', 'CBIRCGC20B03020200', 'PBOCGC2020030202', null, 'D0010002', null, '2020-12-01');
INSERT INTO `send_green_thr_loan_info` VALUES ('0500000065', '杭州分行', 'D0080005', '20201201', 'HUZZX06S12020170046', '25497000000028489', 'D0090002', null, 'D0100005', '绿色贷款', 'B0008L333050001', 'B0008L333050001', '74,332.5', '52,576.62', '10', '20170928', '20270928', null, null, 'D0130003', '0.066150', 'D0140007', null, 'D0150001', '0190', 'D0010001', '20201201', 'CBIRCGC20B03020200', 'PBOCGC2020030202', null, 'D0010002', null, '2020-12-01');
INSERT INTO `send_green_thr_loan_info` VALUES ('0500000066', '杭州分行', 'D0080005', '20201201', 'HUZZX06S12020170049', '25497000000028536', 'D0090002', null, 'D0100005', '绿色贷款', 'B0008L333050001', 'B0008L333050001', '90,100', '63,729.28', '10', '20170929', '20270929', null, null, 'D0130003', '0.066150', 'D0140007', null, 'D0150001', '0190', 'D0010001', '20201201', 'CBIRCGC20B03020200', 'PBOCGC2020030202', null, 'D0010002', null, '2020-12-01');
INSERT INTO `send_green_thr_loan_info` VALUES ('0500000068', '杭州分行', 'D0080005', '20201201', 'HUZZX06S12020170048', '25497000000028525', 'D0090002', null, 'D0100005', '绿色贷款', 'B0008L333050001', 'B0008L333050001', '85,552.5', '44,837.02', '10', '20170929', '20270929', null, null, 'D0130003', '0.066150', 'D0140007', null, 'D0150001', '0190', 'D0010001', '20201201', 'CBIRCGC20B03020200', 'PBOCGC2020030202', null, 'D0010002', null, '2020-12-01');
INSERT INTO `send_green_thr_loan_info` VALUES ('0500000069', '杭州分行', 'D0080005', '20201201', 'HUZZX06S12020170047', '25497000000028490', 'D0090002', null, 'D0100005', '绿色贷款', 'B0008L333050001', 'B0008L333050001', '99,450', '70,342.68', '10', '20170928', '20270928', null, null, 'D0130003', '0.066150', 'D0140007', null, 'D0150001', '0190', 'D0010001', '20201201', 'CBIRCGC20B03020200', 'PBOCGC2020030202', null, 'D0010002', null, '2020-12-01');
INSERT INTO `send_green_thr_loan_info` VALUES ('0500000070', '杭州分行', 'D0080005', '20201201', 'HUZZX06S12020170060', '25497000000028977', 'D0090002', null, 'D0100005', '绿色贷款', 'B0008L333050001', 'B0008L333050001', '55,250', '39,079.28', '10', '20171019', '20271019', null, null, 'D0130003', '0.066150', 'D0140007', null, 'D0150001', '0190', 'D0010001', '20201201', 'CBIRCGC20B03020200', 'PBOCGC2020030202', null, 'D0010002', null, '2020-12-01');
INSERT INTO `send_green_thr_loan_info` VALUES ('0500000071', '杭州分行', 'D0080005', '20201201', 'HUZZX06S12020170041', '25497000000028398', 'D0090002', null, 'D0100005', '绿色贷款', 'B0008L333050001', 'B0008L333050001', '43,520', '30,782.48', '10', '20170925', '20270925', null, null, 'D0130003', '0.066150', 'D0140007', null, 'D0150001', '0190', 'D0010001', '20201201', 'CBIRCGC20B03020200', 'PBOCGC2020030202', null, 'D0010002', null, '2020-12-01');
INSERT INTO `send_green_thr_loan_info` VALUES ('0500000072', '杭州分行', 'D0080005', '20201201', 'HUZZX06S12020170042', '25497000000028376', 'D0090002', null, 'D0100005', '绿色贷款', 'B0008L333050001', 'B0008L333050001', '57,120', '40,401.96', '10', '20170925', '20270925', null, null, 'D0130003', '0.066150', 'D0140007', null, 'D0150001', '0190', 'D0010001', '20201201', 'CBIRCGC20B03020200', 'PBOCGC2020030202', null, 'D0010002', null, '2020-12-01');
INSERT INTO `send_green_thr_loan_info` VALUES ('0500000073', '杭州分行', 'D0080005', '20201201', 'HUZZX06S12020170055', '25497000000028693', 'D0090002', null, 'D0100005', '绿色贷款', 'B0008L333050001', 'B0008L333050001', '62,560', '44,249.8', '10', '20171009', '20271009', null, null, 'D0130003', '0.066150', 'D0140007', null, 'D0150001', '0190', 'D0010001', '20201201', 'CBIRCGC20B03020200', 'PBOCGC2020030202', null, 'D0010002', null, '2020-12-01');
INSERT INTO `send_green_thr_loan_info` VALUES ('0500000074', '杭州分行', 'D0080005', '20201201', 'HUZZX06S12020170058', '25497000000028739', 'D0090002', null, 'D0100005', '绿色贷款', 'B0008L333050001', 'B0008L333050001', '52,272', '36,972.84', '10', '20171010', '20271010', null, null, 'D0130003', '0.066150', 'D0140007', null, 'D0150001', '0190', 'D0010001', '20201201', 'CBIRCGC20B03020200', 'PBOCGC2020030202', null, 'D0010002', null, '2020-12-01');
INSERT INTO `send_green_thr_loan_info` VALUES ('0500000075', '杭州分行', 'D0080005', '20201201', 'HUZZX06S12020170051', '25497000000029346', 'D0090002', null, 'D0100005', '绿色贷款', 'B0008L333050001', 'B0008L333050001', '64,260', '45,452.16', '10', '20171031', '20271031', null, null, 'D0130003', '0.066150', 'D0140007', null, 'D0150001', '0190', 'D0010001', '20201201', 'CBIRCGC20B03020200', 'PBOCGC2020030202', null, 'D0010002', null, '2020-12-01');
INSERT INTO `send_green_thr_loan_info` VALUES ('0500000076', '杭州分行', 'D0080005', '20201201', 'HUZZX06S12020170052', '25497000000029017', 'D0090002', null, 'D0100005', '绿色贷款', 'B0008L333050001', 'B0008L333050001', '95,040', '67,223.4', '10', '20171019', '20271019', null, null, 'D0130003', '0.066150', 'D0140007', null, 'D0150001', '0190', 'D0010001', '20201201', 'CBIRCGC20B03020200', 'PBOCGC2020030202', null, 'D0010002', null, '2020-12-01');
INSERT INTO `send_green_thr_loan_info` VALUES ('0500000077', '杭州分行', 'D0080005', '20201201', 'HUZZX06S12020170054', '25497000000028706', 'D0090002', null, 'D0100005', '绿色贷款', 'B0008L333050001', 'B0008L333050001', '69,827.5', '49,390.18', '10', '20171009', '20271009', null, null, 'D0130003', '0.066150', 'D0140007', null, 'D0150001', '0190', 'D0010001', '20201201', 'CBIRCGC20B03020200', 'PBOCGC2020030202', null, 'D0010002', null, '2020-12-01');
INSERT INTO `send_green_thr_loan_info` VALUES ('0500000078', '杭州分行', 'D0080005', '20201201', 'HUZZX06S12020170056', '25497000000028751', 'D0090002', null, 'D0100005', '绿色贷款', 'B0008L333050001', 'B0008L333050001', '96,687.5', '68,388.74', '10', '20171010', '20271010', null, null, 'D0130003', '0.066150', 'D0140007', null, 'D0150001', '0190', 'D0010001', '20201201', 'CBIRCGC20B03020200', 'PBOCGC2020030202', null, 'D0010002', null, '2020-12-01');
INSERT INTO `send_green_thr_loan_info` VALUES ('0500000079', '杭州分行', 'D0080005', '20201201', 'HUZZX06S12020170057', '25497000000028740', 'D0090002', null, 'D0100005', '绿色贷款', 'B0008L333050001', 'B0008L333050001', '99,450', '70,342.68', '10', '20171010', '20271010', null, null, 'D0130003', '0.066150', 'D0140007', null, 'D0150001', '0190', 'D0010001', '20201201', 'CBIRCGC20B03020200', 'PBOCGC2020030202', null, 'D0010002', null, '2020-12-01');
INSERT INTO `send_green_thr_loan_info` VALUES ('0500000080', '杭州分行', 'D0080005', '20201201', 'HUZZX06S12020170068', '25497000000029595', 'D0090002', null, 'D0100005', '绿色贷款', 'B0008L333050001', 'B0008L333050001', '59,670', '42,205.56', '10', '20171107', '20271107', null, null, 'D0130003', '0.066150', 'D0140007', null, 'D0150001', '0190', 'D0010001', '20201201', 'CBIRCGC20B03020200', 'PBOCGC2020030202', null, 'D0010002', null, '2020-12-01');
INSERT INTO `send_green_thr_loan_info` VALUES ('0500000081', '杭州分行', 'D0080005', '20201201', 'HUZZX06S12020170067', '25497000000029607', 'D0090002', null, 'D0100005', '绿色贷款', 'B0008L333050001', 'B0008L333050001', '96,687.5', '68,388.74', '10', '20171107', '20271107', null, null, 'D0130003', '0.066150', 'D0140007', null, 'D0150001', '0190', 'D0010001', '20201201', 'CBIRCGC20B03020200', 'PBOCGC2020030202', null, 'D0010002', null, '2020-12-01');
INSERT INTO `send_green_thr_loan_info` VALUES ('0500000082', '杭州分行', 'D0080005', '20201201', 'HUZZX06S12020170070', '25497000000029630', 'D0090002', null, 'D0100005', '绿色贷款', 'B0008L333050001', 'B0008L333050001', '52,785', '37,335.72', '10', '20171108', '20271108', null, null, 'D0130003', '0.066150', 'D0140007', null, 'D0150001', '0190', 'D0010001', '20201201', 'CBIRCGC20B03020200', 'PBOCGC2020030202', null, 'D0010002', null, '2020-12-01');
INSERT INTO `send_green_thr_loan_info` VALUES ('0500000083', '杭州分行', 'D0080005', '20201201', 'HUZZX06S12020170069', '25497000000029641', 'D0090002', null, 'D0100005', '绿色贷款', 'B0008L333050001', 'B0008L333050001', '77,350', '54,710.92', '10', '20171108', '20271108', null, null, 'D0130003', '0.066150', 'D0140007', null, 'D0150001', '0190', 'D0010001', '20201201', 'CBIRCGC20B03020200', 'PBOCGC2020030202', null, 'D0010002', null, '2020-12-01');
INSERT INTO `send_green_thr_loan_info` VALUES ('0500000084', '杭州分行', 'D0080005', '20201201', 'HUZZX06S12020170072', '25497000000029765', 'D0090002', null, 'D0100005', '绿色贷款', 'B0008L333050001', 'B0008L333050001', '68,000', '48,097.52', '10', '20171115', '20271115', null, null, 'D0130004', '0.066150', 'D0140007', null, 'D0150001', '0190', 'D0010001', '20201201', 'CBIRCGC20B03020200', 'PBOCGC2020030202', null, 'D0010002', null, '2020-12-01');
INSERT INTO `send_green_thr_loan_info` VALUES ('0500000085', '杭州分行', 'D0080005', '20201201', 'HUZZX06S12020170071', '25497000000029776', 'D0090002', null, 'D0100005', '绿色贷款', 'B0008L333050001', 'B0008L333050001', '60,775', '42,987.16', '10', '20171115', '20271115', null, null, 'D0130003', '0.066150', 'D0140007', null, 'D0150001', '0190', 'D0010001', '20201201', 'CBIRCGC20B03020200', 'PBOCGC2020030202', null, 'D0010002', null, '2020-12-01');
INSERT INTO `send_green_thr_loan_info` VALUES ('0500000086', '杭州分行', 'D0080005', '20201201', 'HUZZX06S12020170074', '25497000000029823', 'D0090002', null, 'D0100005', '绿色贷款', 'B0008L333050001', 'B0008L333050001', '34,425', '24,349.44', '10', '20171116', '20271116', null, null, 'D0130003', '0.066150', 'D0140007', null, 'D0150001', '0190', 'D0010001', '20201201', 'CBIRCGC20B03020200', 'PBOCGC2020030202', null, 'D0010002', null, '2020-12-01');
INSERT INTO `send_green_thr_loan_info` VALUES ('0500000087', '杭州分行', 'D0080005', '20201201', 'HUZZX06S12020170076', '25497000000029834', 'D0090002', null, 'D0100005', '绿色贷款', 'B0008L333050001', 'B0008L333050001', '56,312.5', '39,830.74', '10', '20171116', '20271116', null, null, 'D0130003', '0.066150', 'D0140007', null, 'D0150001', '0190', 'D0010001', '20201201', 'CBIRCGC20B03020200', 'PBOCGC2020030202', null, 'D0010002', null, '2020-12-01');
INSERT INTO `send_green_thr_loan_info` VALUES ('0500000088', '杭州分行', 'D0080005', '20201201', 'HUZZX06S12020170075', '25497000000029812', 'D0090002', null, 'D0100005', '绿色贷款', 'B0008L333050001', 'B0008L333050001', '68,850', '48,698.76', '10', '20171116', '20271116', null, null, 'D0130003', '0.066150', 'D0140007', null, 'D0150001', '0190', 'D0010001', '20201201', 'CBIRCGC20B03020200', 'PBOCGC2020030202', null, 'D0010002', null, '2020-12-01');
INSERT INTO `send_green_thr_loan_info` VALUES ('0500000089', '杭州分行', 'D0080005', '20201201', 'HUZZX06S12020170077', '25497000000029981', 'D0090002', null, 'D0100005', '绿色贷款', 'B0008L333050001', 'B0008L333050001', '48,195', '34,089.12', '10', '20171121', '20271121', null, null, 'D0130003', '0.066150', 'D0140007', null, 'D0150001', '0190', 'D0010001', '20201201', 'CBIRCGC20B03020200', 'PBOCGC2020030202', null, 'D0010002', null, '2020-12-01');
INSERT INTO `send_green_thr_loan_info` VALUES ('0500000090', '杭州分行', 'D0080005', '20201201', 'HUZZX06S12020170079', '25497000000029992', 'D0090002', null, 'D0100005', '绿色贷款', 'B0008L333050001', 'B0008L333050001', '52,785', '37,335.72', '10', '20171121', '20271121', null, null, 'D0130003', '0.066150', 'D0140007', null, 'D0150001', '0190', 'D0010001', '20201201', 'CBIRCGC20B03020200', 'PBOCGC2020030202', null, 'D0010002', null, '2020-12-01');
INSERT INTO `send_green_thr_loan_info` VALUES ('0500000091', '杭州分行', 'D0080005', '20201201', 'HUZZX06S12020170078', '25497000000030000', 'D0090002', null, 'D0100005', '绿色贷款', 'B0008L333050001', 'B0008L333050001', '96,390', '68,178.24', '10', '20171121', '20271121', null, null, 'D0130003', '0.066150', 'D0140007', null, 'D0150001', '0190', 'D0010001', '20201201', 'CBIRCGC20B03020200', 'PBOCGC2020030202', null, 'D0010002', null, '2020-12-01');
INSERT INTO `send_green_thr_loan_info` VALUES ('0500000092', '杭州分行', 'D0080002', '20200930', 'HUZZX06S12020170083', '25497000000030215', 'D0090002', null, 'D0100005', '绿色贷款', 'B0008L333050001', 'B0008L333050001', '71,145', '50,322.12', '10', '20171127', '20271127', null, null, 'D0130003', '0.066150', 'D0140007', null, 'D0150001', '0190', 'D0010001', '20200930', 'CBIRCGC20B03020200', 'PBOCGC2020030202', null, 'D0010002', null, '2020-12-01');
INSERT INTO `send_green_thr_loan_info` VALUES ('0500000093', '杭州分行', 'D0080005', '20201201', 'HUZZX06S12020170073', '25497000000030204', 'D0090002', null, 'D0100005', '绿色贷款', 'B0008L333050001', 'B0008L333050001', '40,800', '28,858.56', '10', '20171127', '20271127', null, null, 'D0130003', '0.066150', 'D0140007', null, 'D0150001', '0190', 'D0010001', '20201201', 'CBIRCGC20B03020200', 'PBOCGC2020030202', null, 'D0010002', null, '2020-12-01');
INSERT INTO `send_green_thr_loan_info` VALUES ('0500000095', '杭州分行', 'D0080002', '20200930', 'HUZZX06S12020170086', '25497000000030317', 'D0090002', null, 'D0100005', '绿色贷款', 'B0008L333050001', 'B0008L333050001', '58,565', '41,423.96', '10', '20171130', '20271130', null, null, 'D0130003', '0.066150', 'D0140007', null, 'D0150001', '0190', 'D0010001', '20200930', 'CBIRCGC20B03020200', 'PBOCGC2020030202', null, 'D0010002', null, '2020-12-01');
INSERT INTO `send_green_thr_loan_info` VALUES ('0500000096', '杭州分行', 'D0080005', '20201201', 'HUZZX06S12020170085', '25497000000030306', 'D0090002', null, 'D0100005', '绿色贷款', 'B0008L333050001', 'B0008L333050001', '54,400', '38,478.04', '10', '20171130', '20271130', null, null, 'D0130003', '0.066150', 'D0140007', null, 'D0150001', '0190', 'D0010001', '20201201', 'CBIRCGC20B03020200', 'PBOCGC2020030202', null, 'D0010002', null, '2020-12-01');
INSERT INTO `send_green_thr_loan_info` VALUES ('0500000097', '杭州分行', 'D0080005', '20201201', 'HUZZX06S12020180011', '25497000000032406', 'D0090002', null, 'D0100005', '绿色贷款', 'B0008L333050001', 'B0008L333050001', '68,850', '50,378.03', '10', '20180208', '20280208', null, null, 'D0130003', '0.066150', 'D0140007', null, 'D0150001', '3399', 'D0010001', '20201201', 'CBIRCGC20B03020200', 'PBOCGC2020030202', null, 'D0010002', null, '2020-12-01');
INSERT INTO `send_green_thr_loan_info` VALUES ('0500000098', '杭州分行', 'D0080005', '20201201', 'HUZZX06S12020180012', '25497000000032643', 'D0090002', null, 'D0100005', '绿色贷款', 'B0008L333050001', 'B0008L333050001', '64,260', '47,019.48', '10', '20180212', '20280212', null, null, 'D0130003', '0.066150', 'D0140007', null, 'D0150001', '0190', 'D0010001', '20201201', 'CBIRCGC20B03020200', 'PBOCGC2020030202', null, 'D0010002', null, '2020-12-01');
INSERT INTO `send_green_thr_loan_info` VALUES ('0500000099', '杭州分行', 'D0080005', '20201201', 'HUZZX06S12020180014', '25497000000032654', 'D0090002', null, 'D0100005', '绿色贷款', 'B0008L333050001', 'B0008L333050001', '64,260', '47,019.48', '10', '20180212', '20280212', null, null, 'D0130003', '0.066150', 'D0140007', null, 'D0150001', '0190', 'D0010001', '20201201', 'CBIRCGC20B03020200', 'PBOCGC2020030202', null, 'D0010002', null, '2020-12-01');
INSERT INTO `send_green_thr_loan_info` VALUES ('0500000100', '杭州分行', 'D0080005', '20201201', 'HUZZX06S12020180015', '25497000000032676', 'D0090002', null, 'D0100005', '绿色贷款', 'B0008L333050001', 'B0008L333050001', '87,210', '63,812.23', '10', '20180212', '20280212', null, null, 'D0130003', '0.066150', 'D0140007', null, 'D0150001', '0190', 'D0010001', '20201201', 'CBIRCGC20B03020200', 'PBOCGC2020030202', null, 'D0010002', null, '2020-12-01');
INSERT INTO `send_green_thr_loan_info` VALUES ('0500000101', '杭州分行', 'D0080005', '20201201', 'HUZZX06S12020180017', '25497000000032632', 'D0090002', null, 'D0100005', '绿色贷款', 'B0008L333050001', 'B0008L333050001', '68,850', '50,378.03', '10', '20180212', '20280212', null, null, 'D0130003', '0.066150', 'D0140007', null, 'D0150001', '0190', 'D0010001', '20201201', 'CBIRCGC20B03020200', 'PBOCGC2020030202', null, 'D0010002', null, '2020-12-01');
INSERT INTO `send_green_thr_loan_info` VALUES ('0500000103', '杭州分行', 'D0080005', '20201201', 'HUZZX06S12020180016', '25497000000032621', 'D0090002', null, 'D0100005', '绿色贷款', 'B0008L333050001', 'B0008L333050001', '91,800', '67,170.78', '10', '20180212', '20280212', null, null, 'D0130003', '0.066150', 'D0140007', null, 'D0150001', '0190', 'D0010001', '20201201', 'CBIRCGC20B03020200', 'PBOCGC2020030202', null, 'D0010002', null, '2020-12-01');
INSERT INTO `send_green_thr_loan_info` VALUES ('0500000104', '杭州分行', 'D0080005', '20201201', 'HUZZX06S12020180025', '25497000000032858', 'D0090002', null, 'D0100005', '绿色贷款', 'B0008L333050001', 'B0008L333050001', '68,850', '50,378.03', '10', '20180226', '20280226', null, null, 'D0130003', '0.066150', 'D0140007', null, 'D0150001', '6129', 'D0010001', '20201201', 'CBIRCGC20B03020200', 'PBOCGC2020030202', null, 'D0010002', null, '2020-12-01');
INSERT INTO `send_green_thr_loan_info` VALUES ('0500000105', '杭州分行', 'D0080005', '20201201', 'HUZZX06S12020180021', '25497000000032870', 'D0090002', null, 'D0100005', '绿色贷款', 'B0008L333050001', 'B0008L333050001', '73,440', '53,736.58', '10', '20180226', '20280226', null, null, 'D0130003', '0.066150', 'D0140007', null, 'D0150001', '0190', 'D0010001', '20201201', 'CBIRCGC20B03020200', 'PBOCGC2020030202', null, 'D0010002', null, '2020-12-01');
INSERT INTO `send_green_thr_loan_info` VALUES ('0500000106', '杭州分行', 'D0080005', '20201201', 'HUZZX06S12020180024', '25497000000032869', 'D0090002', null, 'D0100005', '绿色贷款', 'B0008L333050001', 'B0008L333050001', '50,490', '36,943.94', '10', '20180226', '20280226', null, null, 'D0130003', '0.066150', 'D0140007', null, 'D0150001', '0190', 'D0010001', '20201201', 'CBIRCGC20B03020200', 'PBOCGC2020030202', null, 'D0010002', null, '2020-12-01');
INSERT INTO `send_green_thr_loan_info` VALUES ('0500000107', '杭州分行', 'D0080005', '20201201', 'HUZZX06S12020180026', '25497000000032847', 'D0090002', null, 'D0100005', '绿色贷款', 'B0008L333050001', 'B0008L333050001', '45,900', '33,585.39', '10', '20180226', '20280226', null, null, 'D0130003', '0.066150', 'D0140007', null, 'D0150001', '0190', 'D0010001', '20201201', 'CBIRCGC20B03020200', 'PBOCGC2020030202', null, 'D0010002', null, '2020-12-01');
INSERT INTO `send_green_thr_loan_info` VALUES ('0500000108', '杭州分行', 'D0080005', '20201201', 'HUZZX06S12020170059', '25497000000029119', 'D0090002', null, 'D0100005', '绿色贷款', 'B0008L333050001', 'B0008L333050001', '73,440', '51,945.36', '10', '20171024', '20271024', null, null, 'D0130003', '0.066150', 'D0140007', null, 'D0150001', '0190', 'D0010001', '20201201', 'CBIRCGC20B03020200', 'PBOCGC2020030202', null, 'D0010002', null, '2020-12-01');
INSERT INTO `send_green_thr_loan_info` VALUES ('0500000109', '杭州分行', 'D0080005', '20201201', 'HUZZX06S12020180031', '25497000000033409', 'D0090002', null, 'D0100005', '绿色贷款', 'B0008L333050001', 'B0008L333050001', '68,850', '52,057.3', '10', '20180321', '20280321', null, null, 'D0130003', '0.066150', 'D0140007', null, 'D0150001', '0190', 'D0010001', '20201201', 'CBIRCGC20B03020200', 'PBOCGC2020030202', null, 'D0010002', null, '2020-12-01');
INSERT INTO `send_green_thr_loan_info` VALUES ('0500000110', '杭州分行', 'D0080005', '20201201', 'HUZZX06S12020180023', '25497000000032723', 'D0090002', null, 'D0100005', '绿色贷款', 'B0008L333050001', 'B0008L333050001', '43,605', '31,906.06', '10', '20180213', '20280213', null, null, 'D0130003', '0.066150', 'D0140007', null, 'D0150001', '0190', 'D0010001', '20201201', 'CBIRCGC20B03020200', 'PBOCGC2020030202', null, 'D0010002', null, '2020-12-01');
INSERT INTO `send_green_thr_loan_info` VALUES ('0500000111', '杭州分行', 'D0080005', '20201201', 'HUZZX06S12020180022', '25497000000032712', 'D0090002', null, 'D0100005', '绿色贷款', 'B0008L333050001', 'B0008L333050001', '64,260', '47,019.48', '10', '20180213', '20280213', null, null, 'D0130003', '0.066150', 'D0140007', null, 'D0150001', '5299', 'D0010001', '20201201', 'CBIRCGC20B03020200', 'PBOCGC2020030202', null, 'D0010002', null, '2020-12-01');
INSERT INTO `send_green_thr_loan_info` VALUES ('0500000249', '杭州分行', 'D0080002', '20200930', 'HUZ0710120200036', '25451000000019377', 'D0090001', null, 'D0100001', '绿色贷款', 'B0008S333050001', 'B0008S333050001', '97,000,000', '97,000,000.', '182', '20200619', '20201218', null, null, 'D0130002', '0.034000', 'D0140004', null, 'D0150001', '7620', 'D0010001', '20200930', '', 'PBOCGC2020050305', null, 'D0010002', null, '2020-12-01');
INSERT INTO `send_green_thr_loan_info` VALUES ('0500000450', '杭州分行', 'D0080002', '20200930', 'HUZ0310120190148', '25497000000047504', 'D0090001', null, 'D0100001', '绿色贷款', 'B0008L333050001', 'B0008L333050001', '30,000,000', '30,000,000.', '366', '20191023', '20201023', null, null, 'D0130003', '0.056700', 'D0140007', null, 'D0150001', '1012', 'D0010001', '20200930', '', 'PBOCGC2020010701', null, 'D0010002', null, '2020-12-01');
INSERT INTO `send_green_thr_loan_info` VALUES ('0500001393', '杭州分行', 'D0080002', '20200930', 'HUZ1010220170003', '25452000000004486', 'D0090001', null, 'D0100006', '绿色贷款', 'B0008S333050002', 'B0008S333050002', '150,000,000', '115,000,000.', '1,826', '20170117', '20220117', null, null, 'D0130003', '0.056000', 'D0140004', null, 'D0150001', '5090', 'D0010001', '20200930', 'CBIRCGC20B01060100', 'PBOCGC2020010601', null, 'D0010002', null, '2020-12-01');
INSERT INTO `send_green_thr_loan_info` VALUES ('0500001393', '杭州分行', 'D0080002', '20200930', 'HUZ1010220160045', '25452000000003391', 'D0090001', null, 'D0100006', '绿色贷款', 'B0008S333050002', 'B0008S333050002', '50,000,000', '26,660,000.', '1,826', '20161019', '20211019', null, null, 'D0130003', '0.052250', 'D0140004', null, 'D0150001', '5090', 'D0010001', '20200930', 'CBIRCGC20B01060100', 'PBOCGC2020010601', null, 'D0010002', null, '2020-12-01');
INSERT INTO `send_green_thr_loan_info` VALUES ('0600000010', '杭州分行', 'D0080005', '20201201', 'HUZZX06S12020170088', '25497000000031560', 'D0090002', null, 'D0100005', '绿色贷款', 'B0008L333050001', 'B0008L333050001', '52,785', '38,623.16', '10', '20180111', '20280111', null, null, 'D0130003', '0.066150', 'D0140007', null, 'D0150001', '0190', 'D0010001', '20201201', 'CBIRCGC20B03020200', 'PBOCGC2020030202', null, 'D0010002', null, '2020-12-01');
INSERT INTO `send_green_thr_loan_info` VALUES ('0600000011', '杭州分行', 'D0080005', '20201201', 'HUZZX06S12020180001', '25497000000031559', 'D0090002', null, 'D0100005', '绿色贷款', 'B0008L333050001', 'B0008L333050001', '43,605', '31,906.06', '10', '20180111', '20280111', null, null, 'D0130003', '0.066150', 'D0140007', null, 'D0150001', '0190', 'D0010001', '20201201', 'CBIRCGC20B03020200', 'PBOCGC2020030202', null, 'D0010002', null, '2020-12-01');
INSERT INTO `send_green_thr_loan_info` VALUES ('0600000012', '杭州分行', 'D0080005', '20201201', 'HUZZX06S12020170062', '25497000000029108', 'D0090002', null, 'D0100005', '绿色贷款', 'B0008L333050001', 'B0008L333050001', '54,400', '38,478.04', '10', '20171024', '20271024', null, null, 'D0130003', '0.066150', 'D0140007', null, 'D0150001', '0190', 'D0010001', '20201201', 'CBIRCGC20B03020200', 'PBOCGC2020030202', null, 'D0010002', null, '2020-12-01');
INSERT INTO `send_green_thr_loan_info` VALUES ('0600000013', '杭州分行', 'D0080005', '20201201', 'HUZZX06S12020180002', '25497000000031548', 'D0090002', null, 'D0100005', '绿色贷款', 'B0008L333050001', 'B0008L333050001', '58,500', '42,804.87', '10', '20180111', '20280111', null, null, 'D0130003', '0.066150', 'D0140007', null, 'D0150001', '0190', 'D0010001', '20201201', 'CBIRCGC20B03020200', 'PBOCGC2020030202', null, 'D0010002', null, '2020-12-01');
INSERT INTO `send_green_thr_loan_info` VALUES ('0600000029', '杭州分行', 'D0080005', '20201201', 'HUZZX09S12020170082', '25452000000006336', 'D0090002', null, 'D0100005', '绿色贷款', 'B0008S333050002', 'B0008S333050002', '54,000', '36,878.09', '10', '20170908', '20270908', null, null, 'D0130003', '0.066150', 'D0140007', null, 'D0150001', '0190', 'D0010001', '20201201', 'CBIRCGC20B03020200', 'PBOCGC2020030202', null, 'D0010002', null, '2020-12-01');
INSERT INTO `send_green_thr_loan_info` VALUES ('0600000032', '杭州分行', 'D0080005', '20201201', 'HUZZX09S12020170102', '25452000000006541', 'D0090002', null, 'D0100005', '绿色贷款', 'B0008S333050002', 'B0008S333050002', '27,000', '19,097.52', '10', '20171010', '20271010', null, null, 'D0130004', '0.066150', 'D0140007', null, 'D0150001', '0190', 'D0010001', '20201201', 'CBIRCGC20B03020200', 'PBOCGC2020030202', null, 'D0010002', null, '2020-12-01');
INSERT INTO `send_green_thr_loan_info` VALUES ('0600000034', '杭州分行', 'D0080005', '20201201', 'HUZZX09S12020170083', '25452000000006325', 'D0090002', null, 'D0100005', '绿色贷款', 'B0008S333050002', 'B0008S333050002', '90,000', '61,463.44', '10', '20170908', '20270908', null, null, 'D0130003', '0.066150', 'D0140007', null, 'D0150001', '0190', 'D0010001', '20201201', 'CBIRCGC20B03020200', 'PBOCGC2020030202', null, 'D0010002', null, '2020-12-01');
INSERT INTO `send_green_thr_loan_info` VALUES ('0600000037', '杭州分行', 'D0080005', '20201201', 'HUZZX09S12020170095', '25452000000006518', 'D0090002', null, 'D0100005', '绿色贷款', 'B0008S333050002', 'B0008S333050002', '54,000', '38,195.16', '3,651', '20171009', '20271008', null, null, 'D0130003', '0.066150', 'D0140007', null, 'D0150001', '0190', 'D0010001', '20201201', 'CBIRCGC20B03020200', 'PBOCGC2020030202', null, 'D0010002', null, '2020-12-01');
INSERT INTO `send_green_thr_loan_info` VALUES ('0600000039', '杭州分行', 'D0080005', '20201201', 'HUZZX09S12020170097', '25452000000006530', 'D0090002', null, 'D0100005', '绿色贷款', 'B0008S333050002', 'B0008S333050002', '36,000', '25,463.4', '10', '20171009', '20271009', null, null, 'D0130003', '0.066150', 'D0140007', null, 'D0150001', '0190', 'D0010001', '20201201', 'CBIRCGC20B03020200', 'PBOCGC2020030202', null, 'D0010002', null, '2020-12-01');
INSERT INTO `send_green_thr_loan_info` VALUES ('0600000043', '杭州分行', 'D0080005', '20201201', 'HUZZX09S12020170098', '25452000000006835', 'D0090002', null, 'D0100005', '绿色贷款', 'B0008S333050002', 'B0008S333050002', '54,000', '38,195.16', '10', '20171024', '20271024', null, null, 'D0130003', '0.066150', 'D0140007', null, 'D0150001', '0190', 'D0010001', '20201201', 'CBIRCGC20B03020200', 'PBOCGC2020030202', null, 'D0010002', null, '2020-12-01');
INSERT INTO `send_green_thr_loan_info` VALUES ('0600000093', '杭州分行', 'D0080005', '20201201', 'HUZZX09S12020170096', '25452000000006529', 'D0090002', null, 'D0100005', '绿色贷款', 'B0008S333050002', 'B0008S333050002', '45,000', '31,829.28', '10', '20171009', '20271009', null, null, 'D0130003', '0.066150', 'D0140007', null, 'D0150001', '0190', 'D0010001', '20201201', 'CBIRCGC20B03020200', 'PBOCGC2020030202', null, 'D0010002', null, '2020-12-01');
INSERT INTO `send_green_thr_loan_info` VALUES ('0600000095', '杭州分行', 'D0080005', '20201201', 'HUZZX09S12020170103', '25452000000006915', 'D0090002', null, 'D0100005', '绿色贷款', 'B0008S333050002', 'B0008S333050002', '90,000', '63,658.56', '10', '20171102', '20271102', null, null, 'D0130003', '0.066150', 'D0140007', null, 'D0150001', '0190', 'D0010001', '20201201', 'CBIRCGC20B03020200', 'PBOCGC2020030202', null, 'D0010002', null, '2020-12-01');
INSERT INTO `send_green_thr_loan_info` VALUES ('0600000102', '杭州分行', 'D0080005', '20201201', 'HUZZX09S12020170087', '25452000000006449', 'D0090002', null, 'D0100005', '绿色贷款', 'B0008S333050002', 'B0008S333050002', '72,000', '50,926.8', '10', '20170926', '20270926', null, null, 'D0130004', '0.066150', 'D0140007', null, 'D0150001', '0190', 'D0010001', '20201201', 'CBIRCGC20B03020200', 'PBOCGC2020030202', null, 'D0010002', null, '2020-12-01');
INSERT INTO `send_green_thr_loan_info` VALUES ('0600000122', '杭州分行', 'D0080005', '20201201', 'HUZZX02S12020170104', '25451000000007713', 'D0090002', null, 'D0100005', '绿色贷款', 'B0008S333050001', 'B0008S333050001', '63,600', '44,985.36', '10', '20171214', '20271214', null, null, 'D0130003', '0.066150', 'D0140007', null, 'D0150001', '8290', 'D0010001', '20201201', 'CBIRCGC20B03020200', 'PBOCGC2020030202', null, 'D0010002', null, '2020-12-01');
INSERT INTO `send_green_thr_loan_info` VALUES ('0600000155', '杭州分行', 'D0080005', '20201201', 'HUZZX02S12020170122', '25451000000007973', 'D0090002', null, 'D0100005', '绿色贷款', 'B0008S333050001', 'B0008S333050001', '63,600', '46,536.58', '10', '20180103', '20280103', null, null, 'D0130003', '0.066150', 'D0140007', null, 'D0150001', '5119', 'D0010001', '20201201', 'CBIRCGC20B03020200', 'PBOCGC2020030202', null, 'D0010002', null, '2020-12-01');
INSERT INTO `send_green_thr_loan_info` VALUES ('0600000159', '杭州分行', 'D0080005', '20201201', 'HUZZX02S12020170106', '25451000000007699', 'D0090002', null, 'D0100005', '绿色贷款', 'B0008S333050001', 'B0008S333050001', '63,600', '44,985.36', '10', '20171214', '20271214', null, null, 'D0130003', '0.066150', 'D0140007', null, 'D0150001', '8290', 'D0010001', '20201201', 'CBIRCGC20B03020200', 'PBOCGC2020030202', null, 'D0010002', null, '2020-12-01');
INSERT INTO `send_green_thr_loan_info` VALUES ('0600000161', '杭州分行', 'D0080005', '20201201', 'HUZZX02S12020170119', '25451000000007848', 'D0090002', null, 'D0100005', '绿色贷款', 'B0008S333050001', 'B0008S333050001', '53,000', '38,780.52', '10', '20171226', '20271226', null, null, 'D0130003', '0.066150', 'D0140007', null, 'D0150001', '8290', 'D0010001', '20201201', 'CBIRCGC20B03020200', 'PBOCGC2020030202', null, 'D0010002', null, '2020-12-01');
INSERT INTO `send_green_thr_loan_info` VALUES ('0600000167', '杭州分行', 'D0080005', '20201201', 'HUZZX02S12020170117', '25451000000007804', 'D0090002', null, 'D0100005', '绿色贷款', 'B0008S333050001', 'B0008S333050001', '63,600', '46,536.58', '10', '20171221', '20271221', null, null, 'D0130003', '0.066150', 'D0140007', null, 'D0150001', '5129', 'D0010001', '20201201', 'CBIRCGC20B03020200', 'PBOCGC2020030202', null, 'D0010002', null, '2020-12-01');
INSERT INTO `send_green_thr_loan_info` VALUES ('0600000169', '杭州分行', 'D0080005', '20201201', 'HUZZX02S12020170114', '25451000000007702', 'D0090002', null, 'D0100005', '绿色贷款', 'B0008S333050001', 'B0008S333050001', '63,600', '44,985.36', '10', '20171214', '20271214', null, null, 'D0130003', '0.066150', 'D0140007', null, 'D0150001', '8290', 'D0010001', '20201201', 'CBIRCGC20B03020200', 'PBOCGC2020030202', null, 'D0010002', null, '2020-12-01');
INSERT INTO `send_green_thr_loan_info` VALUES ('0600000172', '杭州分行', 'D0080005', '20201201', 'HUZZX02S12020170123', '25451000000007984', 'D0090002', null, 'D0100005', '绿色贷款', 'B0008S333050001', 'B0008S333050001', '63,600', '46,536.58', '10', '20180103', '20280103', null, null, 'D0130003', '0.066150', 'D0140007', null, 'D0150001', '8290', 'D0010001', '20201201', 'CBIRCGC20B03020200', 'PBOCGC2020030202', null, 'D0010002', null, '2020-12-01');
INSERT INTO `send_green_thr_loan_info` VALUES ('0600000174', '杭州分行', 'D0080005', '20201201', 'HUZZX02S12020170101', '25451000000007871', 'D0090002', null, 'D0100005', '绿色贷款', 'B0008S333050001', 'B0008S333050001', '66,640', '48,760.93', '10', '20180102', '20280102', null, null, 'D0130003', '0.066150', 'D0140007', null, 'D0150001', '3399', 'D0010001', '20201201', 'CBIRCGC20B03020200', 'PBOCGC2020030202', null, 'D0010002', null, '2020-12-01');
INSERT INTO `send_green_thr_loan_info` VALUES ('0600000178', '杭州分行', 'D0080005', '20201201', 'HUZZX02S12020170107', '25451000000007724', 'D0090002', null, 'D0100005', '绿色贷款', 'B0008S333050001', 'B0008S333050001', '63,600', '44,985.36', '10', '20171214', '20271214', null, null, 'D0130003', '0.066150', 'D0140007', null, 'D0150001', '8290', 'D0010001', '20201201', 'CBIRCGC20B03020200', 'PBOCGC2020030202', null, 'D0010002', null, '2020-12-01');
INSERT INTO `send_green_thr_loan_info` VALUES ('0600000180', '杭州分行', 'D0080005', '20201201', 'HUZZX02S12020180005', '25451000000008036', 'D0090002', null, 'D0100005', '绿色贷款', 'B0008S333050001', 'B0008S333050001', '57,876', '42,348.29', '10', '20180105', '20280105', null, null, 'D0130003', '0.066150', 'D0140007', null, 'D0150001', '4710', 'D0010001', '20201201', 'CBIRCGC20B03020200', 'PBOCGC2020030202', null, 'D0010002', null, '2020-12-01');
INSERT INTO `send_green_thr_loan_info` VALUES ('0600000183', '杭州分行', 'D0080005', '20201201', 'HUZZX02S12020170109', '25451000000007826', 'D0090002', null, 'D0100005', '绿色贷款', 'B0008S333050001', 'B0008S333050001', '42,400', '31,024.35', '10', '20171226', '20271226', null, null, 'D0130003', '0.066150', 'D0140007', null, 'D0150001', '8290', 'D0010001', '20201201', 'CBIRCGC20B03020200', 'PBOCGC2020030202', null, 'D0010002', null, '2020-12-01');
INSERT INTO `send_green_thr_loan_info` VALUES ('0600000185', '杭州分行', 'D0080005', '20201201', 'HUZZX02S12020180008', '25451000000008014', 'D0090002', null, 'D0100005', '绿色贷款', 'B0008S333050001', 'B0008S333050001', '45,050', '32,963.42', '10', '20180105', '20280105', null, null, 'D0130003', '0.066150', 'D0140007', null, 'D0150001', '4710', 'D0010001', '20201201', 'CBIRCGC20B03020200', 'PBOCGC2020030202', null, 'D0010002', null, '2020-12-01');
INSERT INTO `send_green_thr_loan_info` VALUES ('0600000188', '杭州分行', 'D0080005', '20201201', 'HUZZX02S12020180011', '25451000000008218', 'D0090002', null, 'D0100005', '绿色贷款', 'B0008S333050001', 'B0008S333050001', '54,756', '40,065.39', '10', '20180109', '20280109', null, null, 'D0130003', '0.066150', 'D0140007', null, 'D0150001', '5229', 'D0010001', '20201201', 'CBIRCGC20B03020200', 'PBOCGC2020030202', null, 'D0010002', null, '2020-12-01');
INSERT INTO `send_green_thr_loan_info` VALUES ('0600000189', '杭州分行', 'D0080005', '20201201', 'HUZZX02S12020170118', '25451000000007780', 'D0090002', null, 'D0100005', '绿色贷款', 'B0008S333050001', 'B0008S333050001', '40,280', '29,473.16', '10', '20171221', '20271221', null, null, 'D0130003', '0.066150', 'D0140007', null, 'D0150001', '5199', 'D0010001', '20201201', 'CBIRCGC20B03020200', 'PBOCGC2020030202', null, 'D0010002', null, '2020-12-01');
INSERT INTO `send_green_thr_loan_info` VALUES ('0600000191', '杭州分行', 'D0080005', '20201201', 'HUZZX02S12020180003', '25451000000008069', 'D0090002', null, 'D0100005', '绿色贷款', 'B0008S333050001', 'B0008S333050001', '61,880', '45,278.03', '10', '20180105', '20280105', null, null, 'D0130003', '0.066150', 'D0140007', null, 'D0150001', '1751', 'D0010001', '20201201', 'CBIRCGC20B03020200', 'PBOCGC2020030202', null, 'D0010002', null, '2020-12-01');
INSERT INTO `send_green_thr_loan_info` VALUES ('0600000194', '杭州分行', 'D0080005', '20201201', 'HUZZX02S12020180007', '25451000000008058', 'D0090002', null, 'D0100005', '绿色贷款', 'B0008S333050001', 'B0008S333050001', '45,050', '32,963.42', '10', '20180105', '20280105', null, null, 'D0130003', '0.066150', 'D0140007', null, 'D0150001', '4710', 'D0010001', '20201201', 'CBIRCGC20B03020200', 'PBOCGC2020030202', null, 'D0010002', null, '2020-12-01');
INSERT INTO `send_green_thr_loan_info` VALUES ('0600000195', '杭州分行', 'D0080005', '20201201', 'HUZZX02S12020170115', '25451000000007815', 'D0090002', null, 'D0100005', '绿色贷款', 'B0008S333050001', 'B0008S333050001', '63,600', '46,536.58', '10', '20171221', '20271221', null, null, 'D0130003', '0.066150', 'D0140007', null, 'D0150001', '8090', 'D0010001', '20201201', 'CBIRCGC20B03020200', 'PBOCGC2020030202', null, 'D0010002', null, '2020-12-01');
INSERT INTO `send_green_thr_loan_info` VALUES ('0600000198', '杭州分行', 'D0080005', '20201201', 'HUZZX02S12020180001', '25451000000008003', 'D0090002', null, 'D0100005', '绿色贷款', 'B0008S333050001', 'B0008S333050001', '39,015', '28,547.51', '10', '20180105', '20280105', null, null, 'D0130003', '0.066150', 'D0140007', null, 'D0150001', '5231', 'D0010001', '20201201', 'CBIRCGC20B03020200', 'PBOCGC2020030202', null, 'D0010002', null, '2020-12-01');
INSERT INTO `send_green_thr_loan_info` VALUES ('0600000199', '杭州分行', 'D0080005', '20201201', 'HUZZX02S12020170108', '25451000000007995', 'D0090002', null, 'D0100005', '绿色贷款', 'B0008S333050001', 'B0008S333050001', '27,560', '20,165.8', '10', '20180103', '20280103', null, null, 'D0130003', '0.066150', 'D0140007', null, 'D0150001', '6291', 'D0010001', '20201201', 'CBIRCGC20B03020200', 'PBOCGC2020030202', null, 'D0010002', null, '2020-12-01');
INSERT INTO `send_green_thr_loan_info` VALUES ('0600000201', '杭州分行', 'D0080005', '20201201', 'HUZZX02S12020180010', '25451000000008343', 'D0090002', null, 'D0100005', '绿色贷款', 'B0008S333050001', 'B0008S333050001', '58,565', '42,852.38', '10', '20180116', '20280116', null, null, 'D0130003', '0.066150', 'D0140007', null, 'D0150001', '5199', 'D0010001', '20201201', 'CBIRCGC20B03020200', 'PBOCGC2020030202', null, 'D0010002', null, '2020-12-01');
INSERT INTO `send_green_thr_loan_info` VALUES ('0600000204', '杭州分行', 'D0080005', '20201201', 'HUZZX02S12020170103', '25451000000007837', 'D0090002', null, 'D0100005', '绿色贷款', 'B0008S333050001', 'B0008S333050001', '38,160', '27,921.97', '10', '20171226', '20271226', null, null, 'D0130003', '0.066150', 'D0140007', null, 'D0150001', '5199', 'D0010001', '20201201', 'CBIRCGC20B03020200', 'PBOCGC2020030202', null, 'D0010002', null, '2020-12-01');
INSERT INTO `send_green_thr_loan_info` VALUES ('0600000205', '杭州分行', 'D0080005', '20201201', 'HUZZX02S12020180002', '25451000000008025', 'D0090002', null, 'D0100005', '绿色贷款', 'B0008S333050001', 'B0008S333050001', '67,575', '35,598.9', '10', '20180105', '20280105', null, null, 'D0130003', '0.066150', 'D0140007', null, 'D0150001', '5910', 'D0010001', '20201201', 'CBIRCGC20B03020200', 'PBOCGC2020030202', null, 'D0010002', null, '2020-12-01');
INSERT INTO `send_green_thr_loan_info` VALUES ('0600000208', '杭州分行', 'D0080005', '20201201', 'HUZZX02S12020180013', '25451000000008241', 'D0090002', null, 'D0100005', '绿色贷款', 'B0008S333050001', 'B0008S333050001', '63,070', '46,148.81', '10', '20180109', '20280109', null, null, 'D0130004', '0.066150', 'D0140007', null, 'D0150001', '8394', 'D0010001', '20201201', 'CBIRCGC20B03020200', 'PBOCGC2020030202', null, 'D0010002', null, '2020-12-01');
INSERT INTO `send_green_thr_loan_info` VALUES ('0600000210', '杭州分行', 'D0080005', '20201201', 'HUZZX02S12020180006', '25451000000008047', 'D0090002', null, 'D0100005', '绿色贷款', 'B0008S333050001', 'B0008S333050001', '36,040', '25,325.45', '9', '20180105', '20270105', null, null, 'D0130003', '0.066150', 'D0140007', null, 'D0150001', '8090', 'D0010001', '20201201', 'CBIRCGC20B03020200', 'PBOCGC2020030202', null, 'D0010002', null, '2020-12-01');
INSERT INTO `send_green_thr_loan_info` VALUES ('0600000213', '杭州分行', 'D0080005', '20201201', 'HUZZX02S12020170090', '25451000000007167', 'D0090002', null, 'D0100005', '绿色贷款', 'B0008S333050001', 'B0008S333050001', '68,850', '48,698.76', '10', '20170930', '20270930', null, null, 'D0130003', '0.066150', 'D0140007', null, 'D0150001', '0111', 'D0010001', '20201201', 'CBIRCGC20B03020200', 'PBOCGC2020030202', null, 'D0010002', null, '2020-12-01');
INSERT INTO `send_green_thr_loan_info` VALUES ('0600000216', '杭州分行', 'D0080005', '20201201', 'HUZ0310120200068', '25497000000052116', 'D0090001', null, 'D0100001', '绿色贷款', 'B0008L333050001', 'B0008L333050001', '10,000,000', '10,000,000.', '365', '20200709', '20210709', null, null, 'D0130002', '0.047000', 'D0140004', null, 'D0150001', '4813', 'D0010001', '20201201', 'CBIRCGC20B05060400', 'PBOCGC2020050604', null, 'D0010002', null, '2020-12-01');
INSERT INTO `send_green_thr_loan_info` VALUES ('0600000216', '杭州分行', 'D0080005', '20201201', 'HUZ0310120200069', '25497000000052127', 'D0090001', null, 'D0100001', '绿色贷款', 'B0008L333050001', 'B0008L333050001', '10,000,000', '10,000,000.', '365', '20200709', '20210709', null, null, 'D0130002', '0.047000', 'D0140004', null, 'D0150001', '4813', 'D0010001', '20201201', 'CBIRCGC20B05060400', 'PBOCGC2020050604', null, 'D0010002', null, '2020-12-01');
INSERT INTO `send_green_thr_loan_info` VALUES ('0600000437', '杭州分行', 'D0080002', '20200930', 'HUZ1010220170008', '25452000000004667', 'D0090001', null, 'D0100006', '绿色贷款', 'B0008S333050002', 'B0008S333050002', '50,000,000', '36,770,000.', '1,826', '20170210', '20220210', null, null, 'D0130003', '0.055000', 'D0140004', null, 'D0150001', '7810', 'D0010001', '20200930', 'CBIRCGC20B05050400', 'PBOCGC2020050504', null, 'D0010002', null, '2020-12-01');
INSERT INTO `send_green_thr_loan_info` VALUES ('0600000437', '杭州分行', 'D0080002', '20200930', 'HUZ1010220160061', '25452000000004351', 'D0090001', null, 'D0100006', '绿色贷款', 'B0008S333050002', 'B0008S333050002', '100,000,000', '73,580,000.', '1,826', '20170103', '20220103', null, null, 'D0130003', '0.055000', 'D0140004', null, 'D0150001', '7810', 'D0010001', '20200930', 'CBIRCGC20B05050400', 'PBOCGC2020050504', null, 'D0010002', null, '2020-12-01');
INSERT INTO `send_green_thr_loan_info` VALUES ('0600000437', '杭州分行', 'D0080002', '20200930', 'HUZ1010220160046', '25452000000003404', 'D0090001', null, 'D0100006', '绿色贷款', 'B0008S333050002', 'B0008S333050002', '50,000,000', '26,770,000.', '1,826', '20161020', '20211020', null, null, 'D0130003', '0.052250', 'D0140004', null, 'D0150001', '7810', 'D0010001', '20200930', 'CBIRCGC20B05050400', 'PBOCGC2020050504', null, 'D0010002', null, '2020-12-01');
INSERT INTO `send_green_thr_loan_info` VALUES ('0600001656', '杭州分行', 'D0080002', '20200930', 'HUZ0710120200037', '25451000000019388', 'D0090001', null, 'D0100001', '绿色贷款', 'B0008S333050001', 'B0008S333050001', '50,000,000', '50,000,000.', '182', '20200619', '20201218', null, null, 'D0130002', '0.038500', 'D0140004', null, 'D0150001', '5165', 'D0010001', '20200930', '', 'PBOCGC2020060508', null, 'D0010002', null, '2020-12-01');
INSERT INTO `send_green_thr_loan_info` VALUES ('0600002183', '杭州分行', 'D0080005', '20201201', 'HUZ0310120200064', '25497000000052003', 'D0090001', null, 'D0100001', '绿色贷款', 'B0008L333050001', 'B0008L333050001', '300,000,000', '300,000,000.', '365', '20200629', '20210629', null, null, 'D0130004', '0.038000', 'D0140004', null, 'D0150001', '7299', 'D0010001', '20201201', '', 'PBOCGC2020060508', null, 'D0010002', null, '2020-12-01');
INSERT INTO `send_green_thr_loan_info` VALUES ('0600002310', '杭州分行', 'D0080005', '20201201', 'HUZ1210120200039', '25456000000009356', 'D0090001', null, 'D0100001', '绿色贷款', 'B0008S333050006', 'B0008S333050006', '27,000,000', '27,000,000.', '365', '20200701', '20210701', null, null, 'D0130003', '0.060000', 'D0140004', null, 'D0150001', '4812', 'D0010001', '20201201', 'CBIRCGC20B05060400', 'PBOCGC2020050604', null, 'D0010002', null, '2020-12-01');
INSERT INTO `send_green_thr_loan_info` VALUES ('0700000529', '杭州分行', 'D0080005', '20201201', 'HUZZX09S12020170048', '25452000000005934', 'D0090002', null, 'D0100005', '绿色贷款', 'B0008S333050002', 'B0008S333050002', '43,000', '32,049.04', '10', '20170717', '20270717', null, null, 'D0130003', '0.060000', 'D0140007', null, 'D0150001', '0190', 'D0010001', '20201201', 'CBIRCGC20B03020200', 'PBOCGC2020030202', null, 'D0010002', null, '2020-12-01');
INSERT INTO `send_green_thr_loan_info` VALUES ('0700000532', '杭州分行', 'D0080005', '20201201', 'HUZZX09S12020170088', '25452000000006438', 'D0090002', null, 'D0100005', '绿色贷款', 'B0008S333050002', 'B0008S333050002', '27,000', '19,097.52', '10', '20170926', '20270926', null, null, 'D0130003', '0.066150', 'D0140007', null, 'D0150001', '0190', 'D0010001', '20201201', 'CBIRCGC20B03020200', 'PBOCGC2020030202', null, 'D0010002', null, '2020-12-01');
INSERT INTO `send_green_thr_loan_info` VALUES ('0700001497', '杭州分行', 'D0080005', '20201201', 'HUZ1010120200054', '25452000000018604', 'D0090001', null, 'D0100001', '绿色贷款', 'B0008S333050002', 'B0008S333050002', '15,000,000', '15,000,000.', '365', '20200923', '20210923', null, null, 'D0130002', '0.049500', 'D0140004', null, 'D0150001', '5296', 'D0010001', '20201201', 'CBIRCGC20B03040500', 'PBOCGC2020030405', null, 'D0010002', null, '2020-12-01');
INSERT INTO `send_green_thr_loan_info` VALUES ('0700001497', '杭州分行', 'D0080005', '20201201', 'HUZ1010120200050', '25452000000018467', 'D0090001', null, 'D0100001', '绿色贷款', 'B0008S333050002', 'B0008S333050002', '5,000,000', '5,000,000.', '365', '20200910', '20210910', null, null, 'D0130002', '0.049500', 'D0140004', null, 'D0150001', '5296', 'D0010001', '20201201', 'CBIRCGC20B03040500', 'PBOCGC2020030405', null, 'D0010002', null, '2020-12-01');
INSERT INTO `send_green_thr_loan_info` VALUES ('0700001766', '杭州分行', 'D0080002', '20200930', 'HUZ0310120200051', '25497000000050844', 'D0090001', null, 'D0100001', '绿色贷款', 'B0008L333050001', 'B0008L333050001', '40,000,000', '39,850,000.', '1,095', '20200410', '20230410', null, null, 'D0130002', '0.047500', 'D0140007', null, 'D0150001', '7212', 'D0010001', '20200930', 'CBIRCGC20B01070200', 'PBOCGC2020010702', null, 'D0010002', null, '2020-12-01');
INSERT INTO `send_green_thr_loan_info` VALUES ('0700001766', '杭州分行', 'D0080002', '20200930', 'HUZ0310120190137', '25497000000047253', 'D0090001', null, 'D0100001', '绿色贷款', 'B0008L333050001', 'B0008L333050001', '111,000,000', '110,100,000.', '1,096', '20190920', '20220920', null, null, 'D0130002', '0.047500', 'D0140007', null, 'D0150001', '7212', 'D0010001', '20200930', 'CBIRCGC20B01070200', 'PBOCGC2020010702', null, 'D0010002', null, '2020-12-01');
INSERT INTO `send_green_thr_loan_info` VALUES ('0700001766', '杭州分行', 'D0080002', '20200930', 'HUZ0310120190136', '25497000000047593', 'D0090001', null, 'D0100001', '绿色贷款', 'B0008L333050001', 'B0008L333050001', '269,000,000', '166,870,000.', '1,096', '20191030', '20221030', null, null, 'D0130002', '0.047500', 'D0140007', null, 'D0150001', '7212', 'D0010001', '20200930', 'CBIRCGC20B01070200', 'PBOCGC2020010702', null, 'D0010002', null, '2020-12-01');
INSERT INTO `send_green_thr_loan_info` VALUES ('0700002173', '杭州分行', 'D0080005', '20201201', 'HUZ1010220170022', '25452000000005162', 'D0090001', null, 'D0100003', '绿色贷款', 'B0008S333050002', 'B0008S333050002', '55,461,156.25', '15,281,156.25', '2,922', '20170406', '20250406', null, null, 'D0130003', '0.058800', 'D0140004', null, 'D0150001', '4416', 'D0010001', '20201201', 'CBIRCGC20B03020200', 'PBOCGC2020030202', null, 'D0010002', null, '2020-12-01');
INSERT INTO `send_green_thr_loan_info` VALUES ('0700002173', '杭州分行', 'D0080005', '20201201', 'HUZ1010220170019', '25452000000005060', 'D0090001', null, 'D0100003', '绿色贷款', 'B0008S333050002', 'B0008S333050002', '74,538,843.75', '21,178,843.75', '2,922', '20170316', '20250316', null, null, 'D0130003', '0.058800', 'D0140004', null, 'D0150001', '4416', 'D0010001', '20201201', 'CBIRCGC20B03020200', 'PBOCGC2020030202', null, 'D0010002', null, '2020-12-01');
INSERT INTO `send_green_thr_loan_info` VALUES ('0700002173', '杭州分行', 'D0080005', '20201201', 'HUZ1010520180043', '25452000000010207', 'D0090001', null, 'D0100006', '绿色贷款', 'B0008S333050002', 'B0008S333050002', '8,000,000', '49,701,320.', '2,447', '20181015', '20250627', null, null, 'D0130003', '0.020700', 'D0140007', null, 'D0150001', '4416', 'D0010001', '20201201', 'CBIRCGC20B03020200', 'PBOCGC2020030202', null, 'D0010002', null, '2020-12-01');
INSERT INTO `send_green_thr_loan_info` VALUES ('0700004509', '杭州分行', 'D0080002', '20200930', 'HUZ1210220150025', '25456000000000240', 'D0090001', null, 'D0100006', '绿色贷款', 'B0008S333050006', 'B0008S333050006', '250,000,000', '80,000,000.', '1,827', '20151225', '20201225', null, null, 'D0130003', '0.068875', 'D0140007', null, 'D0150001', '7810', 'D0010001', '20200930', 'CBIRCGC20B01060200', 'PBOCGC2020010602', null, 'D0010002', null, '2020-12-01');
INSERT INTO `send_green_thr_loan_info` VALUES ('0800000031', '杭州分行', 'D0080002', '20200930', 'HUZ1010120200008', '25452000000015535', 'D0090001', null, 'D0100001', '绿色贷款', 'B0008S333050002', 'B0008S333050002', '38,000,000', '37,200,000.', '1,095', '20200117', '20230116', null, null, 'D0130003', '0.052000', 'D0140007', null, 'D0150001', '7810', 'D0010001', '20200930', 'CBIRCGC20B05060200', 'PBOCGC2020050602', null, 'D0010002', null, '2020-12-01');
INSERT INTO `send_green_thr_loan_info` VALUES ('0800000031', '杭州分行', 'D0080002', '20200930', 'HUZ1010120200007', '25452000000015546', 'D0090001', null, 'D0100001', '绿色贷款', 'B0008S333050002', 'B0008S333050002', '12,000,000', '12,000,000.', '283', '20200119', '20201028', null, null, 'D0130001', '0.050000', 'D0140007', null, 'D0150001', '7810', 'D0010001', '20200930', 'CBIRCGC20B05060200', 'PBOCGC2020050602', null, 'D0010002', null, '2020-12-01');
INSERT INTO `send_green_thr_loan_info` VALUES ('0800000052', '杭州分行', 'D0080005', '20201201', 'HUZ1010120200053', '25452000000018592', 'D0090001', null, 'D0100001', '绿色贷款', 'B0008S333050002', 'B0008S333050002', '50,000,000', '50,000,000.', '1,094', '20200923', '20230922', null, null, 'D0130003', '0.045000', 'D0140007', null, 'D0150001', '7810', 'D0010001', '20201201', 'CBIRCGC20B05060500', 'PBOCGC2020050605', null, 'D0010002', null, '2020-12-01');
INSERT INTO `send_green_thr_loan_info` VALUES ('0800001006', '杭州分行', 'D0080002', '20200930', 'HUZ0710220150087', '25451000000001574', 'D0090001', null, 'D0100006', '绿色贷款', 'B0008S333050001', 'B0008S333050001', '100,000,000', '25,000,000.', '1,791', '20151120', '20201015', null, null, 'D0130001', '0.066000', 'D0140007', null, 'D0150001', '4899', 'D0010001', '20200930', 'CBIRCGC20B01061200', 'PBOCGC2020010614', null, 'D0010002', null, '2020-12-01');
INSERT INTO `send_green_thr_loan_info` VALUES ('0800002407', '杭州分行', 'D0080002', '20200930', 'HUZ0510220150069', '25497000000013450', 'D0090001', null, 'D0100006', '绿色贷款', 'B0008L333050001', 'B0008L333050001', '275,000,000', '69,160,000.', '1,827', '20160108', '20210108', null, null, 'D0130003', '0.061750', 'D0140004', null, 'D0150001', '7810', 'D0010001', '20200930', 'CBIRCGC20B05030101', 'PBOCGC2020050301', null, 'D0010002', null, '2020-12-01');
INSERT INTO `send_green_thr_loan_info` VALUES ('0800002738', '杭州分行', 'D0080002', '20200930', 'HUZ1010220150045', '25452000000001622', 'D0090001', null, 'D0100006', '绿色贷款', 'B0008S333050002', 'B0008S333050002', '30,000,000', '10,000,000.', '1,827', '20160108', '20210108', null, null, 'D0130003', '0.066000', 'D0140004', null, 'D0150001', '7690', 'D0010001', '20200930', '', 'PBOCGC2020050305', null, 'D0010002', null, '2020-12-01');
INSERT INTO `send_green_thr_loan_info` VALUES ('0800002738', '杭州分行', 'D0080002', '20200930', 'HUZ1010220150039', '25452000000001269', 'D0090001', null, 'D0100006', '绿色贷款', 'B0008S333050002', 'B0008S333050002', '150,000,000', '70,000,000.', '1,827', '20151124', '20201124', null, null, 'D0130003', '0.066000', 'D0140007', null, 'D0150001', '7690', 'D0010001', '20200930', '', 'PBOCGC2020050305', null, 'D0010002', null, '2020-12-01');
INSERT INTO `send_green_thr_loan_info` VALUES ('0900001349', '杭州分行', 'D0080002', '20200930', 'HUZ1010220160052', '25452000000003878', 'D0090001', null, 'D0100006', '绿色贷款', 'B0008S333050002', 'B0008S333050002', '10,000,000', '5,200,000.', '1,826', '20161216', '20211216', null, null, 'D0130003', '0.058000', 'D0140004', null, 'D0150001', '7810', 'D0010001', '20200930', 'CBIRCGC20B04030500', 'PBOCGC2020040305', null, 'D0010002', null, '2020-12-01');
INSERT INTO `send_green_thr_loan_info` VALUES ('0900001349', '杭州分行', 'D0080002', '20200930', 'HUZ1010220160055', '25452000000004340', 'D0090001', null, 'D0100006', '绿色贷款', 'B0008S333050002', 'B0008S333050002', '150,000,000', '88,200,000.', '1,826', '20170103', '20220103', null, null, 'D0130003', '0.057000', 'D0140004', null, 'D0150001', '7810', 'D0010001', '20200930', 'CBIRCGC20B04030500', 'PBOCGC2020040305', null, 'D0010002', null, '2020-12-01');
INSERT INTO `send_green_thr_loan_info` VALUES ('0900001365', '杭州分行', 'D0080002', '20200930', 'HUZ1010220170023', '25452000000005184', 'D0090001', null, 'D0100006', '绿色贷款', 'B0008S333050002', 'B0008S333050002', '100,000,000', '80,700,000.', '1,826', '20170407', '20220407', null, null, 'D0130003', '0.054625', 'D0140004', null, 'D0150001', '0212', 'D0010001', '20200930', 'CBIRCGC20B04030500', 'PBOCGC2020040305', null, 'D0010002', null, '2020-12-01');
INSERT INTO `send_green_thr_loan_info` VALUES ('0900001365', '杭州分行', 'D0080002', '20200930', 'HUZ1010220170001', '25452000000004419', 'D0090001', null, 'D0100006', '绿色贷款', 'B0008S333050002', 'B0008S333050002', '100,000,000', '80,700,000.', '1,826', '20170112', '20220112', null, null, 'D0130003', '0.056000', 'D0140004', null, 'D0150001', '0212', 'D0010001', '20200930', 'CBIRCGC20B04030500', 'PBOCGC2020040305', null, 'D0010002', null, '2020-12-01');
INSERT INTO `send_green_thr_loan_info` VALUES ('1000000291', '杭州分行', 'D0080002', '20200930', 'HUZ0710120190062', '25451000000016467', 'D0090001', null, 'D0100001', '绿色贷款', 'B0008S333050001', 'B0008S333050001', '25,000,000', '25,000,000.', '366', '20191108', '20201108', null, null, 'D0130003', '0.057855', 'D0140007', null, 'D0150001', '0212', 'D0010001', '20200930', '', 'PBOCGC2020040104', null, 'D0010002', null, '2020-12-01');
INSERT INTO `send_green_thr_loan_info` VALUES ('1000001007', '杭州分行', 'D0080002', '20200930', 'HUZ1210220150012', '25456000000000148', 'D0090001', null, 'D0100006', '绿色贷款', 'B0008S333050006', 'B0008S333050006', '50,000,000', '20,000,000.', '1,815', '20151127', '20201115', null, null, 'D0130003', '0.065000', 'D0140007', null, 'D0150001', '7810', 'D0010001', '20200930', 'CBIRCGC20B01060200', 'PBOCGC2020010602', null, 'D0010002', null, '2020-12-01');
INSERT INTO `send_green_thr_loan_info` VALUES ('1000001007', '杭州分行', 'D0080002', '20200930', 'HUZ1210220150016', '25456000000000193', 'D0090001', null, 'D0100006', '绿色贷款', 'B0008S333050006', 'B0008S333050006', '150,000,000', '45,000,000.', '1,827', '20151223', '20201223', null, null, 'D0130003', '0.065000', 'D0140004', null, 'D0150001', '7810', 'D0010001', '20200930', 'CBIRCGC20B01060200', 'PBOCGC2020010602', null, 'D0010002', null, '2020-12-01');
INSERT INTO `send_green_thr_loan_info` VALUES ('1000001271', '杭州分行', 'D0080002', '20200930', 'HUZ1210120190101', '25456000000008295', 'D0090001', null, 'D0100001', '绿色贷款', 'B0008S333050006', 'B0008S333050006', '20,000,000', '20,000,000.', '366', '20191227', '20201227', null, null, 'D0130003', '0.054000', 'D0140004', null, 'D0150001', '7840', 'D0010001', '20200930', 'CBIRCGC20B05060400', 'PBOCGC2020050604', null, 'D0010002', null, '2020-12-01');
INSERT INTO `send_green_thr_loan_info` VALUES ('1000001400', '杭州分行', 'D0080002', '20200930', 'HUZ0510120190066', '25497000000048654', 'D0090001', null, 'D0100001', '绿色贷款', 'B0008L333050001', 'B0008L333050001', '60,000,000', '60,000,000.', '366', '20191220', '20201220', null, null, 'D0130003', '0.052250', 'D0140004', null, 'D0150001', '7810', 'D0010001', '20200930', 'CBIRCGC20B05060400', 'PBOCGC2020050604', null, 'D0010002', null, '2020-12-01');
INSERT INTO `send_green_thr_loan_info` VALUES ('1000001800', '杭州分行', 'D0080002', '20200930', 'HUZ0510120200010', '25497000000050243', 'D0090001', null, 'D0100001', '绿色贷款', 'B0008L333050001', 'B0008L333050001', '21,000,000', '21,000,000.', '366', '20200218', '20210218', null, null, 'D0130003', '0.052200', 'D0140004', null, 'D0150001', '4430', 'D0010001', '20200930', 'CBIRCGC20B05040100', 'PBOCGC2020050401', null, 'D0010002', null, '2020-12-01');
INSERT INTO `send_green_thr_loan_info` VALUES ('1000001924', '杭州分行', 'D0080002', '20200930', 'HUZ1210120200034', '25456000000008932', 'D0090001', null, 'D0100001', '绿色贷款', 'B0008S333050006', 'B0008S333050006', '25,000,000', '25,000,000.', '183', '20200515', '20201114', null, null, 'D0130003', '0.056550', 'D0140007', null, 'D0150001', '4610', 'D0010001', '20200930', 'CBIRCGC20B01061200', 'PBOCGC2020010614', null, 'D0010002', null, '2020-12-01');
INSERT INTO `send_green_thr_loan_info` VALUES ('1000002742', '杭州分行', 'D0080005', '20201201', 'HUZ1210220200044', '25456000000010362', 'D0090001', null, 'D0100003', '绿色贷款', 'B0008S333050006', 'B0008S333050006', '20,000,000', '20,000,000.', '2,399', '20200927', '20270423', null, null, 'D0130001', '0.056350', 'D0140007', null, 'D0150001', '7869', 'D0010001', '20201201', 'CBIRCGC20B01061200', 'PBOCGC2020010614', null, 'D0010002', null, '2020-12-01');
INSERT INTO `send_green_thr_loan_info` VALUES ('1000002742', '杭州分行', 'D0080002', '20200930', 'HUZ1210220200033', '25456000000008976', 'D0090001', null, 'D0100003', '绿色贷款', 'B0008S333050006', 'B0008S333050006', '240,000,000', '240,000,000.', '2,534', '20200515', '20270423', null, null, 'D0130001', '0.056350', 'D0140007', null, 'D0150001', '7869', 'D0010001', '20200930', 'CBIRCGC20B01061200', 'PBOCGC2020010614', null, 'D0010002', null, '2020-12-01');
INSERT INTO `send_green_thr_loan_info` VALUES ('1100000199', '杭州分行', 'D0080002', '20200930', 'HUZ0710120190077', '25451000000017303', 'D0090001', null, 'D0100001', '绿色贷款', 'B0008S333050001', 'B0008S333050001', '50,000,000', '50,000,000.', '366', '20191226', '20201226', null, null, 'D0130003', '0.050000', 'D0140004', null, 'D0150001', '4821', 'D0010001', '20200930', 'CBIRCGC20B01061200', 'PBOCGC2020010614', null, 'D0010002', null, '2020-12-01');
INSERT INTO `send_green_thr_loan_info` VALUES ('1100000449', '杭州分行', 'D0080002', '20200930', 'HUZ0510120170021', '25497000000032100', 'D0090001', null, 'D0100001', '绿色贷款', 'B0008L333050001', 'B0008L333050001', '100,000,000', '95,000,000.', '1,096', '20180129', '20210129', null, null, 'D0130003', '0.060040', 'D0140007', null, 'D0150001', '4620', 'D0010001', '20200930', 'CBIRCGC20B05030101', 'PBOCGC2020050301', null, 'D0010002', null, '2020-12-01');
INSERT INTO `send_green_thr_loan_info` VALUES ('1100000809', '杭州分行', 'D0080002', '20200930', 'HUZ1010120190106', '25452000000014847', 'D0090001', null, 'D0100001', '绿色贷款', 'B0008S333050002', 'B0008S333050002', '100,000,000', '99,000,000.', '1,093', '20191216', '20221213', null, null, 'D0130003', '0.052250', 'D0140007', null, 'D0150001', '7810', 'D0010001', '20200930', 'CBIRCGC20B01061200', 'PBOCGC2020010614', null, 'D0010002', null, '2020-12-01');
INSERT INTO `send_green_thr_loan_info` VALUES ('1100000941', '杭州分行', 'D0080002', '20200930', 'HUZ0310220150109', '25497000000013018', 'D0090001', null, 'D0100006', '绿色贷款', 'B0008L333050001', 'B0008L333050001', '50,000,000', '25,000,000.', '1,827', '20151217', '20201217', null, null, 'D0130003', '0.065000', 'D0140004', null, 'D0150001', '7810', 'D0010001', '20200930', 'CBIRCGC20B04030900', 'PBOCGC2020040309', null, 'D0010002', null, '2020-12-01');
INSERT INTO `send_green_thr_loan_info` VALUES ('1100000941', '杭州分行', 'D0080002', '20200930', 'HUZ0310220160008', '25497000000013507', 'D0090001', null, 'D0100006', '绿色贷款', 'B0008L333050001', 'B0008L333050001', '175,000,000', '100,000,000.', '1,827', '20160108', '20210108', null, null, 'D0130003', '0.065000', 'D0140004', null, 'D0150001', '7810', 'D0010001', '20200930', 'CBIRCGC20B04030900', 'PBOCGC2020040309', null, 'D0010002', null, '2020-12-01');
INSERT INTO `send_green_thr_loan_info` VALUES ('1100000941', '杭州分行', 'D0080002', '20200930', 'HUZ0310220150101', '25497000000012832', 'D0090001', null, 'D0100006', '绿色贷款', 'B0008L333050001', 'B0008L333050001', '50,000,000', '25,000,000.', '1,826', '20151210', '20201209', null, null, 'D0130003', '0.065000', 'D0140004', null, 'D0150001', '7810', 'D0010001', '20200930', 'CBIRCGC20B04030900', 'PBOCGC2020040309', null, 'D0010002', null, '2020-12-01');
INSERT INTO `send_green_thr_loan_info` VALUES ('1100000982', '杭州分行', 'D0080002', '20200930', 'HUZ0510120200013', '25497000000050094', 'D0090001', null, 'D0100001', '绿色贷款', 'B0008L333050001', 'B0008L333050001', '40,000,000', '40,000,000.', '366', '20200120', '20210120', null, null, 'D0130003', '0.052250', 'D0140004', null, 'D0150001', '7840', 'D0010001', '20200930', 'CBIRCGC20B05060400', 'PBOCGC2020050604', null, 'D0010002', null, '2020-12-01');
INSERT INTO `send_green_thr_loan_info` VALUES ('1100001073', '杭州分行', 'D0080002', '20200930', 'HUZ0410120200012', '25497000000050016', 'D0090001', null, 'D0100001', '绿色贷款', 'B0008L333050001', 'B0008L333050001', '30,000,000', '30,000,000.', '366', '20200116', '20210116', null, null, 'D0130003', '0.052200', 'D0140004', null, 'D0150001', '7840', 'D0010001', '20200930', 'CBIRCGC20B05060400', 'PBOCGC2020050604', null, 'D0010002', null, '2020-12-01');
INSERT INTO `send_green_thr_loan_info` VALUES ('1100001187', '杭州分行', 'D0080002', '20200930', 'HUZ1210120190089', '25456000000008193', 'D0090001', null, 'D0100001', '绿色贷款', 'B0008S333050006', 'B0008S333050006', '30,000,000', '30,000,000.', '365', '20191129', '20201128', null, null, 'D0130003', '0.053000', 'D0140007', null, 'D0150001', '7810', 'D0010001', '20200930', 'CBIRCGC20B05060400', 'PBOCGC2020050604', null, 'D0010002', null, '2020-12-01');
INSERT INTO `send_green_thr_loan_info` VALUES ('1100001380', '杭州分行', 'D0080002', '20200930', 'HUZ1210220150027', '25456000000000239', 'D0090001', null, 'D0100006', '绿色贷款', 'B0008S333050006', 'B0008S333050006', '250,000,000', '100,000,000.', '1,817', '20151225', '20201215', null, null, 'D0130003', '0.068875', 'D0140007', null, 'D0150001', '7810', 'D0010001', '20200930', 'CBIRCGC20B01060200', 'PBOCGC2020010602', null, 'D0010002', null, '2020-12-01');
INSERT INTO `send_green_thr_loan_info` VALUES ('1100001523', '杭州分行', 'D0080002', '20200930', 'HUZ1010220150046', '25452000000001633', 'D0090001', null, 'D0100003', '绿色贷款', 'B0008S333050002', 'B0008S333050002', '200,000,000', '168,000,000.', '2,918', '20160108', '20240104', null, null, 'D0130003', '0.070000', 'D0140004', null, 'D0150001', '0190', 'D0010001', '20200930', 'CBIRCGC20B04020400', 'PBOCGC2020040204', null, 'D0010002', null, '2020-12-01');
INSERT INTO `send_green_thr_loan_info` VALUES ('1100001556', '杭州分行', 'D0080002', '20200930', 'HUZ1210120190097', '25456000000008273', 'D0090001', null, 'D0100001', '绿色贷款', 'B0008S333050006', 'B0008S333050006', '15,000,000', '15,000,000.', '305', '20191219', '20201019', null, null, 'D0130003', '0.053059', 'D0140007', null, 'D0150001', '4610', 'D0010001', '20200930', 'CBIRCGC20B01061200', 'PBOCGC2020010614', null, 'D0010002', null, '2020-12-01');
INSERT INTO `send_green_thr_loan_info` VALUES ('1100001899', '杭州分行', 'D0080005', '20201201', 'HUZ1210120200045', '25456000000009583', 'D0090001', null, 'D0100001', '绿色贷款', 'B0008S333050006', 'B0008S333050006', '30,000,000', '30,000,000.', '363', '20200731', '20210729', null, null, 'D0130003', '0.057000', 'D0140004', null, 'D0150001', '7810', 'D0010001', '20201201', '', 'PBOCGC2020060508', null, 'D0010002', null, '2020-12-01');
INSERT INTO `send_green_thr_loan_info` VALUES ('1100002057', '杭州分行', 'D0080002', '20200930', 'HUZ1010120180079', '25452000000011085', 'D0090001', null, 'D0100001', '绿色贷款', 'B0008S333050002', 'B0008S333050002', '50,000,000', '48,260,000.', '1,087', '20190104', '20211226', null, null, 'D0130001', '0.070000', 'D0140007', null, 'D0150001', '4891', 'D0010001', '20200930', 'CBIRCGC20B05060400', 'PBOCGC2020050604', null, 'D0010002', null, '2020-12-01');
INSERT INTO `send_green_thr_loan_info` VALUES ('1100002057', '杭州分行', 'D0080002', '20200930', 'HUZ1010120190001', '25452000000011198', 'D0090001', null, 'D0100001', '绿色贷款', 'B0008S333050002', 'B0008S333050002', '100,000,000', '98,660,000.', '1,082', '20190109', '20211226', null, null, 'D0130003', '0.070000', 'D0140007', null, 'D0150001', '4891', 'D0010001', '20200930', 'CBIRCGC20B05060400', 'PBOCGC2020050604', null, 'D0010002', null, '2020-12-01');
INSERT INTO `send_green_thr_loan_info` VALUES ('1100002704', '杭州分行', 'D0080002', '20200930', 'HUZ1010220160028', '25452000000002570', 'D0090001', null, 'D0100006', '绿色贷款', 'B0008S333050002', 'B0008S333050002', '70,000,000', '33,600,000.', '1,826', '20160701', '20210701', null, null, 'D0130003', '0.061750', 'D0140004', null, 'D0150001', '7810', 'D0010001', '20200930', 'CBIRCGC20B04030200', 'PBOCGC2020040302', null, 'D0010002', null, '2020-12-01');
INSERT INTO `send_green_thr_loan_info` VALUES ('1100002704', '杭州分行', 'D0080002', '20200930', 'HUZ1010220160042', '25452000000003120', 'D0090001', null, 'D0100006', '绿色贷款', 'B0008S333050002', 'B0008S333050002', '80,000,000', '38,400,000.', '1,826', '20160826', '20210826', null, null, 'D0130003', '0.061750', 'D0140004', null, 'D0150001', '7810', 'D0010001', '20200930', 'CBIRCGC20B04030200', 'PBOCGC2020040302', null, 'D0010002', null, '2020-12-01');
INSERT INTO `send_green_thr_loan_info` VALUES ('1100002704', '杭州分行', 'D0080002', '20200930', 'HUZ1010220160002', '25452000000001644', 'D0090001', null, 'D0100006', '绿色贷款', 'B0008S333050002', 'B0008S333050002', '100,000,000', '40,000,000.', '1,824', '20160108', '20210105', null, null, 'D0130003', '0.070000', 'D0140004', null, 'D0150001', '7810', 'D0010001', '20200930', 'CBIRCGC20B04030200', 'PBOCGC2020040302', null, 'D0010002', null, '2020-12-01');
INSERT INTO `send_green_thr_loan_info` VALUES ('1100003197', '杭州分行', 'D0080002', '20200930', 'HUZ1010120180001', '25452000000007352', 'D0090001', null, 'D0100001', '绿色贷款', 'B0008S333050002', 'B0008S333050002', '200,000,000', '180,000,000.', '1,087', '20180105', '20201227', null, null, 'D0130001', '0.060000', 'D0140007', null, 'D0150001', '4813', 'D0010001', '20200930', 'CBIRCGC20B05060400', 'PBOCGC2020050604', null, 'D0010002', null, '2020-12-01');
INSERT INTO `send_green_thr_loan_info` VALUES ('1100003702', '杭州分行', 'D0080002', '20200930', 'HUZ1010220160006', '25452000000001757', 'D0090001', null, 'D0100006', '绿色贷款', 'B0008S333050002', 'B0008S333050002', '50,000,000', '20,000,000.', '1,823', '20160119', '20210115', null, null, 'D0130003', '0.070000', 'D0140004', null, 'D0150001', '7810', 'D0010001', '20200930', 'CBIRCGC20B04030200', 'PBOCGC2020040302', null, 'D0010002', null, '2020-12-01');
INSERT INTO `send_green_thr_loan_info` VALUES ('1100003702', '杭州分行', 'D0080002', '20200930', 'HUZ1010220160030', '25452000000002592', 'D0090001', null, 'D0100006', '绿色贷款', 'B0008S333050002', 'B0008S333050002', '70,000,000', '35,000,000.', '1,826', '20160704', '20210704', null, null, 'D0130003', '0.065000', 'D0140004', null, 'D0150001', '7810', 'D0010001', '20200930', 'CBIRCGC20B04030200', 'PBOCGC2020040302', null, 'D0010002', null, '2020-12-01');
INSERT INTO `send_green_thr_loan_info` VALUES ('1100003702', '杭州分行', 'D0080002', '20200930', 'HUZ1010220160048', '25452000000003776', 'D0090001', null, 'D0100006', '绿色贷款', 'B0008S333050002', 'B0008S333050002', '50,000,000', '25,000,000.', '1,826', '20161115', '20211115', null, null, 'D0130003', '0.059000', 'D0140004', null, 'D0150001', '7810', 'D0010001', '20200930', 'CBIRCGC20B04030200', 'PBOCGC2020040302', null, 'D0010002', null, '2020-12-01');
INSERT INTO `send_green_thr_loan_info` VALUES ('1100003702', '杭州分行', 'D0080002', '20200930', 'HUZ1010220160038', '25452000000002820', 'D0090001', null, 'D0100006', '绿色贷款', 'B0008S333050002', 'B0008S333050002', '30,000,000', '15,000,000.', '1,826', '20160729', '20210729', null, null, 'D0130003', '0.065000', 'D0140004', null, 'D0150001', '7810', 'D0010001', '20200930', 'CBIRCGC20B04030200', 'PBOCGC2020040302', null, 'D0010002', null, '2020-12-01');
INSERT INTO `send_green_thr_loan_info` VALUES ('1200000770', '杭州分行', 'D0080002', '20200930', 'HUZ0410220160001', '25497000000013472', 'D0090001', null, 'D0100006', '绿色贷款', 'B0008L333050001', 'B0008L333050001', '195,000,000', '117,000,000.', '1,827', '20160108', '20210108', null, null, 'D0130003', '0.061750', 'D0140004', null, 'D0150001', '7810', 'D0010001', '20200930', 'CBIRCGC20B04030200', 'PBOCGC2020040302', null, 'D0010002', null, '2020-12-01');
INSERT INTO `send_green_thr_loan_info` VALUES ('1200000770', '杭州分行', 'D0080002', '20200930', 'HUZ0410220150038', '25497000000013063', 'D0090001', null, 'D0100006', '绿色贷款', 'B0008L333050001', 'B0008L333050001', '5,000,000', '3,000,000.', '1,820', '20151222', '20201215', null, null, 'D0130003', '0.065000', 'D0140004', null, 'D0150001', '7810', 'D0010001', '20200930', 'CBIRCGC20B04030200', 'PBOCGC2020040302', null, 'D0010002', null, '2020-12-01');
INSERT INTO `send_green_thr_loan_info` VALUES ('1200000846', '杭州分行', 'D0080002', '20200930', 'HUZ1230220200003', '25456000000008353', 'D0090001', null, 'D0100006', '绿色贷款', 'B0008S333050006', 'B0008S333050006', '54,000,000', '53,401,500.', '364', '20200106', '20210104', null, null, 'D0130002', '0.042000', 'D0140007', null, 'D0150001', '7810', 'D0010001', '20200930', 'CBIRCGC20B05060100', 'PBOCGC2020050601', null, 'D0010002', null, '2020-12-01');
INSERT INTO `send_green_thr_loan_info` VALUES ('1200001427', '杭州分行', 'D0080002', '20200930', 'HUZ1010220160058', '25452000000003936', 'D0090001', null, 'D0100006', '绿色贷款', 'B0008S333050002', 'B0008S333050002', '100,000,000', '69,270,000.', '1,826', '20161229', '20211229', null, null, 'D0130003', '0.058000', 'D0140004', null, 'D0150001', '7810', 'D0010001', '20200930', 'CBIRCGC20B04030200', 'PBOCGC2020040302', null, 'D0010002', null, '2020-12-01');
INSERT INTO `send_green_thr_loan_info` VALUES ('1200001427', '杭州分行', 'D0080002', '20200930', 'HUZ1010220160014', '25452000000002150', 'D0090001', null, 'D0100006', '绿色贷款', 'B0008S333050002', 'B0008S333050002', '60,000,000', '15,000,000.', '1,826', '20160401', '20210401', null, null, 'D0130003', '0.064000', 'D0140004', null, 'D0150001', '7810', 'D0010001', '20200930', 'CBIRCGC20B04030200', 'PBOCGC2020040302', null, 'D0010002', null, '2020-12-01');
INSERT INTO `send_green_thr_loan_info` VALUES ('1200001427', '杭州分行', 'D0080002', '20200930', 'HUZ1010220160031', '25452000000002581', 'D0090001', null, 'D0100006', '绿色贷款', 'B0008S333050002', 'B0008S333050002', '20,000,000', '7,860,000.', '1,826', '20160701', '20210701', null, null, 'D0130003', '0.061750', 'D0140004', null, 'D0150001', '7810', 'D0010001', '20200930', 'CBIRCGC20B04030200', 'PBOCGC2020040302', null, 'D0010002', null, '2020-12-01');
INSERT INTO `send_green_thr_loan_info` VALUES ('1200001427', '杭州分行', 'D0080002', '20200930', 'HUZ1010220160034', '25452000000002762', 'D0090001', null, 'D0100006', '绿色贷款', 'B0008S333050002', 'B0008S333050002', '100,000,000', '39,270,000.', '1,826', '20160719', '20210719', null, null, 'D0130003', '0.057000', 'D0140004', null, 'D0150001', '7810', 'D0010001', '20200930', 'CBIRCGC20B04030200', 'PBOCGC2020040302', null, 'D0010002', null, '2020-12-01');
INSERT INTO `send_green_thr_loan_info` VALUES ('1200001489', '杭州分行', 'D0080002', '20200930', 'HUZ1210120200014', '25456000000008433', 'D0090001', null, 'D0100001', '绿色贷款', 'B0008S333050006', 'B0008S333050006', '25,000,000', '25,000,000.', '366', '20200113', '20210113', null, null, 'D0130003', '0.054100', 'D0140004', null, 'D0150001', '7840', 'D0010001', '20200930', '', 'PBOCGC2020040104', null, 'D0010002', null, '2020-12-01');
INSERT INTO `send_green_thr_loan_info` VALUES ('1200001697', '杭州分行', 'D0080002', '20200930', 'HUZ1210120170088', '25456000000003489', 'D0090001', null, 'D0100001', '绿色贷款', 'B0008S333050006', 'B0008S333050006', '40,000,000', '38,650,000.', '1,096', '20171130', '20201130', null, null, 'D0130003', '0.057000', 'D0140007', null, 'D0150001', '7810', 'D0010001', '20200930', 'CBIRCGC20B05060400', 'PBOCGC2020050604', null, 'D0010002', null, '2020-12-01');
INSERT INTO `send_green_thr_loan_info` VALUES ('1200001697', '杭州分行', 'D0080002', '20200930', 'HUZ1210120170094', '25456000000003682', 'D0090001', null, 'D0100001', '绿色贷款', 'B0008S333050006', 'B0008S333050006', '30,000,000', '29,000,000.', '1,096', '20180108', '20210108', null, null, 'D0130003', '0.064999', 'D0140007', null, 'D0150001', '7810', 'D0010001', '20200930', 'CBIRCGC20B05060400', 'PBOCGC2020050604', null, 'D0010002', null, '2020-12-01');
INSERT INTO `send_green_thr_loan_info` VALUES ('1200001710', '杭州分行', 'D0080002', '20200930', 'HUZ0730220200018', '25451000000017915', 'D0090001', null, 'D0100006', '绿色贷款', 'B0008S333050001', 'B0008S333050001', '150,000,000', '147,160,000.', '361', '20200225', '20210220', null, null, 'D0130002', '0.048000', 'D0140007', null, 'D0150001', '7830', 'D0010001', '20200930', 'CBIRCGC20B04031200', 'PBOCGC2020040312', null, 'D0010002', null, '2020-12-01');
INSERT INTO `send_green_thr_loan_info` VALUES ('1200001710', '杭州分行', 'D0080002', '20200930', 'HUZ0730220200015', '25451000000017904', 'D0090001', null, 'D0100006', '绿色贷款', 'B0008S333050001', 'B0008S333050001', '150,000,000', '147,540,000.', '347', '20200220', '20210201', null, null, 'D0130002', '0.048000', 'D0140007', null, 'D0150001', '7830', 'D0010001', '20200930', 'CBIRCGC20B04031200', 'PBOCGC2020040312', null, 'D0010002', null, '2020-12-01');
INSERT INTO `send_green_thr_loan_info` VALUES ('1200002247', '杭州分行', 'D0080002', '20200930', 'HUZ0410220160027', '25497000000021563', 'D0090001', null, 'D0100006', '绿色贷款', 'B0008L333050001', 'B0008L333050001', '240,000,000', '207,000,000.', '1,826', '20161230', '20211230', null, null, 'D0130003', '0.054000', 'D0140004', null, 'D0150001', '7810', 'D0010001', '20200930', 'CBIRCGC20B01060200', 'PBOCGC2020010602', null, 'D0010002', null, '2020-12-01');
INSERT INTO `send_green_thr_loan_info` VALUES ('1200002247', '杭州分行', 'D0080002', '20200930', 'HUZ0410220170001', '25497000000023026', 'D0090001', null, 'D0100006', '绿色贷款', 'B0008L333050001', 'B0008L333050001', '50,000,000', '42,330,000.', '1,826', '20170224', '20220224', null, null, 'D0130003', '0.054000', 'D0140004', null, 'D0150001', '7810', 'D0010001', '20200930', 'CBIRCGC20B01060200', 'PBOCGC2020010602', null, 'D0010002', null, '2020-12-01');
INSERT INTO `send_green_thr_loan_info` VALUES ('1200003493', '杭州分行', 'D0080002', '20200930', 'HUZ1230220200013', '25456000000008444', 'D0090001', null, 'D0100006', '绿色贷款', 'B0008S333050006', 'B0008S333050006', '20,000,000', '19,773,333.09', '364', '20200113', '20210111', null, null, 'D0130002', '0.040000', 'D0140007', null, 'D0150001', '4610', 'D0010001', '20200930', 'CBIRCGC20B01061200', 'PBOCGC2020010614', null, 'D0010002', null, '2020-12-01');
INSERT INTO `send_green_thr_loan_info` VALUES ('1200003629', '杭州分行', 'D0080002', '20200930', 'HUZ1030220200025', '25452000000016118', 'D0090001', null, 'D0100006', '绿色贷款', 'B0008S333050002', 'B0008S333050002', '69,500,000', '67,981,424.84', '364', '20200427', '20210426', null, null, 'D0130002', '0.038000', 'D0140007', null, 'D0150001', '4790', 'D0010001', '20200930', 'CBIRCGC20B01061200', 'PBOCGC2020010614', null, 'D0010002', null, '2020-12-01');
INSERT INTO `send_green_thr_loan_info` VALUES ('1200003681', '杭州分行', 'D0080002', '20200930', 'HUZ1030220200012', '25452000000015625', 'D0090001', null, 'D0100006', '绿色贷款', 'B0008S333050002', 'B0008S333050002', '50,000,000', '49,229,444.65', '365', '20200225', '20210224', null, null, 'D0130002', '0.038000', 'D0140007', null, 'D0150001', '7810', 'D0010001', '20200930', 'CBIRCGC20B05060400', 'PBOCGC2020050604', null, 'D0010002', null, '2020-12-01');

-- ----------------------------
-- Table structure for `send_green_thr_project2_info`
-- ----------------------------
DROP TABLE IF EXISTS `send_green_thr_project2_info`;
CREATE TABLE `send_green_thr_project2_info` (
  `projectNo` varchar(200) DEFAULT NULL COMMENT '报送机构内部项目编号',
  `projectCode` varchar(200) DEFAULT NULL COMMENT '项目代码',
  `projectName` varchar(200) DEFAULT NULL COMMENT '项目名称',
  `enterpriseNo` varchar(200) DEFAULT NULL COMMENT '报送机构内部承贷主体编号',
  `projectIndustryCd` varchar(200) DEFAULT NULL COMMENT '投向行业',
  `totalInvestAmt` varchar(200) DEFAULT NULL COMMENT '项目总投资',
  `capitalSourceCd` varchar(200) DEFAULT NULL COMMENT '资金来源',
  `address` varchar(200) DEFAULT NULL COMMENT '建设地点',
  `projectContent` varchar(200) DEFAULT NULL COMMENT '建设内容与规模',
  `pbcGreenClass` varchar(200) DEFAULT NULL COMMENT '人民银行绿色贷款专项统计制度绿色认定分类代码',
  `cbrcGreenClass` varchar(200) DEFAULT NULL COMMENT '银保监会绿色信贷统计制度绿色认定分类代码',
  `otherGreenDecidedStdNm` varchar(200) DEFAULT NULL COMMENT '其它绿色认定标准名称',
  `otherGreenClass` varchar(200) DEFAULT NULL COMMENT '其它绿色认定标准认定分类名称',
  `greenDecidedStandardName` varchar(200) DEFAULT NULL COMMENT '项目绿色认定评价办法名称',
  `greenClass` varchar(200) DEFAULT NULL COMMENT '项目绿色认定评价等级名称',
  `energy` varchar(200) DEFAULT NULL COMMENT '标准煤（吨）',
  `co2` varchar(200) DEFAULT NULL COMMENT '二氧化碳当量（吨）',
  `cod` varchar(200) DEFAULT NULL COMMENT '化学需氧量（吨）',
  `nh` varchar(200) DEFAULT NULL COMMENT '氨氮（吨）',
  `so2` varchar(200) DEFAULT NULL COMMENT '二氧化硫（吨）',
  `nox` varchar(200) DEFAULT NULL COMMENT '氮氧化物（吨）',
  `h2o` varchar(200) DEFAULT NULL COMMENT '节水（吨）',
  `fineParticle` varchar(200) DEFAULT NULL COMMENT '细颗粒物（吨）',
  `voc` varchar(200) DEFAULT NULL COMMENT '挥发性有机物（吨）',
  `nitrogen` varchar(200) DEFAULT NULL COMMENT '总氮（吨）',
  `phosphorus` varchar(200) DEFAULT NULL COMMENT '总磷（吨）',
  `sceneType` varchar(200) DEFAULT NULL COMMENT '环境效益测算场景类型',
  `elementType` varchar(200) DEFAULT NULL COMMENT '要素类型代码',
  `environElement` varchar(200) DEFAULT NULL COMMENT '要素值',
  `publicEnvironElement` varchar(200) DEFAULT NULL COMMENT '公共要素值',
  `organization` varchar(200) DEFAULT NULL COMMENT '机构',
  `gdate` varchar(200) DEFAULT NULL COMMENT '增量日期 yyyyMMdd'
) ENGINE=InnoDB DEFAULT CHARSET=utf8;

-- ----------------------------
-- Records of send_green_thr_project2_info
-- ----------------------------
INSERT INTO `send_green_thr_project2_info` VALUES ('HZFH25451000000019515', '54B0008S333050001', 'B0008S333050001PJ001', '0000006647', '5164', '29666666.666667', '10520004', '长兴县', '小企业流动资金贷款', 'PBOCGC2020010702', null, null, null, null, null, null, null, null, null, null, null, null, null, null, null, null, null, null, null, null, '杭州分行', '2020-12-01');
INSERT INTO `send_green_thr_project2_info` VALUES ('HZFH25456000000003886', '108B0008S333050006', 'B0008S333050006PJ001', '0100000005', '8080', '35455000.000000', '10520004', '德清县', '一般性固定资产贷款', 'PBOCGC2020010614', null, null, null, null, null, null, null, null, null, null, null, null, null, null, null, null, null, null, null, null, '杭州分行', '2020-12-01');
INSERT INTO `send_green_thr_project2_info` VALUES ('HZFH25456000000003116', '23B0008S333050006', 'B0008S333050006PJ001', '0100000005', '8080', '35455000.000000', '10520004', '德清县', '一般性固定资产贷款', 'PBOCGC2020010614', null, null, null, null, null, null, null, null, null, null, null, null, null, null, null, null, null, null, null, null, '杭州分行', '2020-12-01');
INSERT INTO `send_green_thr_project2_info` VALUES ('HZFH25456000000007676', '34B0008S333050006', 'B0008S333050006PJ001', '0100000005', '8080', '35455000.000000', '10520004', '德清县', '一般性固定资产贷款', 'PBOCGC2020010614', null, null, null, null, null, null, null, null, null, null, null, null, null, null, null, null, null, null, null, null, '杭州分行', '2020-12-01');
INSERT INTO `send_green_thr_project2_info` VALUES ('HZFH25456000000008217', '45B0008S333050006', 'B0008S333050006PJ001', '0100000005', '8080', '35455000.000000', '10520004', '德清县', '一般性固定资产贷款', 'PBOCGC2020010614', null, null, null, null, null, null, null, null, null, null, null, null, null, null, null, null, null, null, null, null, '杭州分行', '2020-12-01');
INSERT INTO `send_green_thr_project2_info` VALUES ('HZFH25456000000004686', '96B0008S333050006', 'B0008S333050006PJ001', '0100000005', '8080', '35455000.000000', '10520004', '德清县', '一般性固定资产贷款', 'PBOCGC2020010614', null, null, null, null, null, null, null, null, null, null, null, null, null, null, null, null, null, null, null, null, '杭州分行', '2020-12-01');
INSERT INTO `send_green_thr_project2_info` VALUES ('HZFH25497000000050083', '47B0008L333050001', 'B0008L333050001PJ001', '0100000574', '7810', '6666666.666667', '10520004', '吴兴区', '短期流动资金贷款', 'PBOCGC2020050604', null, null, null, null, null, null, null, null, null, null, null, null, null, null, null, null, null, null, null, null, '杭州分行', '2020-12-01');
INSERT INTO `send_green_thr_project2_info` VALUES ('HZFH25497000000042471', '4B0008L333050001', 'B0008L333050001PJ001', '0100002824', '7212', '80553333.333333', '10520004', '南浔区', '一般性固定资产贷款', 'PBOCGC2020020103', null, null, null, null, null, null, null, null, null, null, null, null, null, null, null, null, null, null, null, null, '杭州分行', '2020-12-01');
INSERT INTO `send_green_thr_project2_info` VALUES ('HZFH25497000000048371', '42B0008L333050001', 'B0008L333050001PJ001', '0100002824', '7212', '80553333.333333', '10520004', '南浔区', '一般性固定资产贷款', 'PBOCGC2020020103', null, null, null, null, null, null, null, null, null, null, null, null, null, null, null, null, null, null, null, null, '杭州分行', '2020-12-01');
INSERT INTO `send_green_thr_project2_info` VALUES ('HZFH25497000000041909', '33B0008L333050001', 'B0008L333050001PJ001', '0100002824', '7212', '80553333.333333', '10520004', '南浔区', '一般性固定资产贷款', 'PBOCGC2020020103', null, null, null, null, null, null, null, null, null, null, null, null, null, null, null, null, null, null, null, null, '杭州分行', '2020-12-01');
INSERT INTO `send_green_thr_project2_info` VALUES ('HZFH25497000000034414', '38B0008L333050001', 'B0008L333050001PJ001', '0200000221', '7810', '33333333.333333', '10520004', '南浔区', '中期流动资金贷款', 'PBOCGC2020040309', null, null, null, null, null, null, null, null, null, null, null, null, null, null, null, null, null, null, null, null, '杭州分行', '2020-12-01');
INSERT INTO `send_green_thr_project2_info` VALUES ('HZFH25497000000034786', '30B0008L333050001', 'B0008L333050001PJ001', '0200000221', '7810', '33333333.333333', '10520004', '南浔区', '中期流动资金贷款', 'PBOCGC2020040309', null, null, null, null, null, null, null, null, null, null, null, null, null, null, null, null, null, null, null, null, '杭州分行', '2020-12-01');
INSERT INTO `send_green_thr_project2_info` VALUES ('HZFH25497000000047548', '22B0008L333050001', 'B0008L333050001PJ001', '0200000588', '4813', '43333333.333333', '10520004', '吴兴区', '短期流动资金贷款', 'PBOCGC2020050604', null, null, null, null, null, null, null, null, null, null, null, null, null, null, null, null, null, null, null, null, '杭州分行', '2020-12-01');
INSERT INTO `send_green_thr_project2_info` VALUES ('HZFH25456000000000965', '44B0008S333050006', 'B0008S333050006PJ001', '0200000646', '7810', '46666666.666667', '10520004', '德清县', '基本建设贷款', 'PBOCGC2020050304', null, null, null, null, null, null, null, null, null, null, null, null, null, null, null, null, null, null, null, null, '杭州分行', '2020-12-01');
INSERT INTO `send_green_thr_project2_info` VALUES ('HZFH25456000000000488', '72B0008S333050006', 'B0008S333050006PJ001', '0200000646', '7810', '46666666.666667', '10520004', '德清县', '基本建设贷款', 'PBOCGC2020050304', null, null, null, null, null, null, null, null, null, null, null, null, null, null, null, null, null, null, null, null, '杭州分行', '2020-12-01');
INSERT INTO `send_green_thr_project2_info` VALUES ('HZFH25452000000015705', '81B0008S333050002', 'B0008S333050002PJ001', '0200002347', '2720', '17000000.000000', '10520004', '安吉县', '短期流动资金贷款', 'PBOCGC2020020201', null, null, null, null, null, null, null, null, null, null, null, null, null, null, null, null, null, null, null, null, '杭州分行', '2020-12-01');
INSERT INTO `send_green_thr_project2_info` VALUES ('HZFH25452000000014575', '46B0008S333050002', 'B0008S333050002PJ001', '0200002347', '2720', '17000000.000000', '10520004', '安吉县', '短期流动资金贷款', 'PBOCGC2020020201', null, null, null, null, null, null, null, null, null, null, null, null, null, null, null, null, null, null, null, null, '杭州分行', '2020-12-01');
INSERT INTO `send_green_thr_project2_info` VALUES ('HZFH25452000000014789', '74B0008S333050002', 'B0008S333050002PJ001', '0200002347', '2720', '17000000.000000', '10520004', '安吉县', '短期流动资金贷款', 'PBOCGC2020020201', null, null, null, null, null, null, null, null, null, null, null, null, null, null, null, null, null, null, null, null, '杭州分行', '2020-12-01');
INSERT INTO `send_green_thr_project2_info` VALUES ('HZFH25451000000018294', '110B0008S333050001', 'B0008S333050001PJ001', '0300000958', '7810', '66666666.666667', '10520004', '长兴县', '基本建设贷款', 'PBOCGC2020020401', null, null, null, null, null, null, null, null, null, null, null, null, null, null, null, null, null, null, null, null, '杭州分行', '2020-12-01');
INSERT INTO `send_green_thr_project2_info` VALUES ('HZFH25451000000014618', '48B0008S333050001', 'B0008S333050001PJ001', '0300000958', '7810', '66666666.666667', '10520004', '长兴县', '基本建设贷款', 'PBOCGC2020020401', null, null, null, null, null, null, null, null, null, null, null, null, null, null, null, null, null, null, null, null, '杭州分行', '2020-12-01');
INSERT INTO `send_green_thr_project2_info` VALUES ('HZFH25451000000015690', '80B0008S333050001', 'B0008S333050001PJ001', '0300000958', '7810', '66666666.666667', '10520004', '长兴县', '基本建设贷款', 'PBOCGC2020020401', null, null, null, null, null, null, null, null, null, null, null, null, null, null, null, null, null, null, null, null, '杭州分行', '2020-12-01');
INSERT INTO `send_green_thr_project2_info` VALUES ('HZFH25456000000009130', '43B0008S333050006', 'B0008S333050006PJ001', '0300001495', '7010', '98333333.333333', '10520004', '德清县', '房地产贷款', 'PBOCGC2020050102', null, null, null, null, null, null, null, null, null, null, null, null, null, null, null, null, null, null, null, null, '杭州分行', '2020-12-01');
INSERT INTO `send_green_thr_project2_info` VALUES ('HZFH25456000000008794', '58B0008S333050006', 'B0008S333050006PJ001', '0300001495', '7010', '98333333.333333', '10520004', '德清县', '房地产贷款', 'PBOCGC2020050102', null, null, null, null, null, null, null, null, null, null, null, null, null, null, null, null, null, null, null, null, '杭州分行', '2020-12-01');
INSERT INTO `send_green_thr_project2_info` VALUES ('HZFH25451000000001030', '104B0008S333050001', 'B0008S333050001PJ001', '0300003878', '7869', '14583333.333333', '10520004', '长兴县', '基本建设贷款', 'PBOCGC2020010602', null, null, null, null, null, null, null, null, null, null, null, null, null, null, null, null, null, null, null, null, '杭州分行', '2020-12-01');
INSERT INTO `send_green_thr_project2_info` VALUES ('HZFH25451000000000944', '64B0008S333050001', 'B0008S333050001PJ001', '0300003878', '7869', '14583333.333333', '10520004', '长兴县', '基本建设贷款', 'PBOCGC2020010602', null, null, null, null, null, null, null, null, null, null, null, null, null, null, null, null, null, null, null, null, '杭州分行', '2020-12-01');
INSERT INTO `send_green_thr_project2_info` VALUES ('HZFH25451000000019106', '103B0008S333050001', 'B0008S333050001PJ001', '0400002614', '7810', '50000000.000000', '10520004', '长兴县', '短期流动资金贷款', 'PBOCGC2020040306', null, null, null, null, null, null, null, null, null, null, null, null, null, null, null, null, null, null, null, null, '杭州分行', '2020-12-01');
INSERT INTO `send_green_thr_project2_info` VALUES ('HZFH25497000000051780', '100B0008L333050001', 'B0008L333050001PJ001', '0400003062', '7810', '66666666.666667', '10520004', '吴兴区', '短期流动资金贷款', 'PBOCGC2020060508', null, null, null, null, null, null, null, null, null, null, null, null, null, null, null, null, null, null, null, null, '杭州分行', '2020-12-01');
INSERT INTO `send_green_thr_project2_info` VALUES ('HZFH25497000000051791', '59B0008L333050001', 'B0008L333050001PJ001', '0400003078', '7810', '33333333.333333', '10520004', '吴兴区', '短期流动资金贷款', 'PBOCGC2020060508', null, null, null, null, null, null, null, null, null, null, null, null, null, null, null, null, null, null, null, null, '杭州分行', '2020-12-01');
INSERT INTO `send_green_thr_project2_info` VALUES ('HZFH25451000000020803', '49B0008S333050001', 'B0008S333050001PJ001', '0400004637', '4210', '66666666.666667', '10520004', '长兴县', '短期流动资金贷款', 'PBOCGC2020010702', null, null, null, null, null, null, null, null, null, null, null, null, null, null, null, null, null, null, null, null, '杭州分行', '2020-12-01');
INSERT INTO `send_green_thr_project2_info` VALUES ('HZFH25451000000019377', '65B0008S333050001', 'B0008S333050001PJ001', '0500000249', '7620', '32666666.666667', '10520004', '长兴县', '短期流动资金贷款', 'PBOCGC2020050305', null, null, null, null, null, null, null, null, null, null, null, null, null, null, null, null, null, null, null, null, '杭州分行', '2020-12-01');
INSERT INTO `send_green_thr_project2_info` VALUES ('HZFH25497000000047504', '88B0008L333050001', 'B0008L333050001PJ001', '0500000450', '1012', '20000000.000000', '10520004', '吴兴区', '短期流动资金贷款', 'PBOCGC2020010701', null, null, null, null, null, null, null, null, null, null, null, null, null, null, null, null, null, null, null, null, '杭州分行', '2020-12-01');
INSERT INTO `send_green_thr_project2_info` VALUES ('HZFH25452000000003391', '70B0008S333050002', 'B0008S333050002PJ001', '0500001393', '5090', '47220000.000000', '10520004', '安吉县', '基本建设贷款', 'PBOCGC2020010601', null, null, null, null, null, null, null, null, null, null, null, null, null, null, null, null, null, null, null, null, '杭州分行', '2020-12-01');
INSERT INTO `send_green_thr_project2_info` VALUES ('HZFH25452000000004486', '68B0008S333050002', 'B0008S333050002PJ001', '0500001393', '5090', '47220000.000000', '10520004', '安吉县', '基本建设贷款', 'PBOCGC2020010601', null, null, null, null, null, null, null, null, null, null, null, null, null, null, null, null, null, null, null, null, '杭州分行', '2020-12-01');
INSERT INTO `send_green_thr_project2_info` VALUES ('HZFH25497000000052116', '106B0008L333050001', 'B0008L333050001PJ001', '0600000216', '4813', '6666666.666667', '10520004', '吴兴区', '短期流动资金贷款', 'PBOCGC2020050604', null, null, null, null, null, null, null, null, null, null, null, null, null, null, null, null, null, null, null, null, '杭州分行', '2020-12-01');
INSERT INTO `send_green_thr_project2_info` VALUES ('HZFH25497000000052127', '19B0008L333050001', 'B0008L333050001PJ001', '0600000216', '4813', '6666666.666667', '10520004', '吴兴区', '短期流动资金贷款', 'PBOCGC2020050604', null, null, null, null, null, null, null, null, null, null, null, null, null, null, null, null, null, null, null, null, '杭州分行', '2020-12-01');
INSERT INTO `send_green_thr_project2_info` VALUES ('HZFH25452000000003404', '6B0008S333050002', 'B0008S333050002PJ001', '0600000437', '7810', '45706666.666667', '10520004', '安吉县', '基本建设贷款', 'PBOCGC2020050504', null, null, null, null, null, null, null, null, null, null, null, null, null, null, null, null, null, null, null, null, '杭州分行', '2020-12-01');
INSERT INTO `send_green_thr_project2_info` VALUES ('HZFH25452000000004667', '41B0008S333050002', 'B0008S333050002PJ001', '0600000437', '7810', '45706666.666667', '10520004', '安吉县', '基本建设贷款', 'PBOCGC2020050504', null, null, null, null, null, null, null, null, null, null, null, null, null, null, null, null, null, null, null, null, '杭州分行', '2020-12-01');
INSERT INTO `send_green_thr_project2_info` VALUES ('HZFH25452000000004351', '16B0008S333050002', 'B0008S333050002PJ001', '0600000437', '7810', '45706666.666667', '10520004', '安吉县', '基本建设贷款', 'PBOCGC2020050504', null, null, null, null, null, null, null, null, null, null, null, null, null, null, null, null, null, null, null, null, '杭州分行', '2020-12-01');
INSERT INTO `send_green_thr_project2_info` VALUES ('HZFH25451000000019388', '39B0008S333050001', 'B0008S333050001PJ001', '0600001656', '5165', '16666666.666667', '10520004', '长兴县', '短期流动资金贷款', 'PBOCGC2020060508', null, null, null, null, null, null, null, null, null, null, null, null, null, null, null, null, null, null, null, null, '杭州分行', '2020-12-01');
INSERT INTO `send_green_thr_project2_info` VALUES ('HZFH25497000000052003', '20B0008L333050001', 'B0008L333050001PJ001', '0600002183', '7299', '200000000.000000', '10520004', '吴兴区', '短期流动资金贷款', 'PBOCGC2020060508', null, null, null, null, null, null, null, null, null, null, null, null, null, null, null, null, null, null, null, null, '杭州分行', '2020-12-01');
INSERT INTO `send_green_thr_project2_info` VALUES ('HZFH25456000000009356', '24B0008S333050006', 'B0008S333050006PJ001', '0600002310', '4812', '9000000.000000', '10520004', '德清县', '短期流动资金贷款', 'PBOCGC2020050604', null, null, null, null, null, null, null, null, null, null, null, null, null, null, null, null, null, null, null, null, '杭州分行', '2020-12-01');
INSERT INTO `send_green_thr_project2_info` VALUES ('HZFH25452000000018604', '5B0008S333050002', 'B0008S333050002PJ001', '0700001497', '5296', '6666666.666667', '10520004', '安吉县', '短期流动资金贷款', 'PBOCGC2020030405', null, null, null, null, null, null, null, null, null, null, null, null, null, null, null, null, null, null, null, null, '杭州分行', '2020-12-01');
INSERT INTO `send_green_thr_project2_info` VALUES ('HZFH25452000000018467', '56B0008S333050002', 'B0008S333050002PJ001', '0700001497', '5296', '6666666.666667', '10520004', '安吉县', '短期流动资金贷款', 'PBOCGC2020030405', null, null, null, null, null, null, null, null, null, null, null, null, null, null, null, null, null, null, null, null, '杭州分行', '2020-12-01');
INSERT INTO `send_green_thr_project2_info` VALUES ('HZFH25497000000047253', '101B0008L333050001', 'B0008L333050001PJ001', '0700001766', '7212', '126666666.666667', '10520004', '吴兴区', '中期流动资金贷款', 'PBOCGC2020010702', null, null, null, null, null, null, null, null, null, null, null, null, null, null, null, null, null, null, null, null, '杭州分行', '2020-12-01');
INSERT INTO `send_green_thr_project2_info` VALUES ('HZFH25497000000047593', '32B0008L333050001', 'B0008L333050001PJ001', '0700001766', '7212', '126666666.666667', '10520004', '吴兴区', '中期流动资金贷款', 'PBOCGC2020010702', null, null, null, null, null, null, null, null, null, null, null, null, null, null, null, null, null, null, null, null, '杭州分行', '2020-12-01');
INSERT INTO `send_green_thr_project2_info` VALUES ('HZFH25497000000050844', '105B0008L333050001', 'B0008L333050001PJ001', '0700001766', '7212', '126666666.666667', '10520004', '吴兴区', '中期流动资金贷款', 'PBOCGC2020010702', null, null, null, null, null, null, null, null, null, null, null, null, null, null, null, null, null, null, null, null, '杭州分行', '2020-12-01');
INSERT INTO `send_green_thr_project2_info` VALUES ('HZFH25452000000010207', '62B0008S333050002', 'B0008S333050002PJ001', '0700002173', '4416', '28720440.000000', '10520004', '安吉县', '政府转贷款', 'PBOCGC2020030202', null, null, null, null, null, null, null, null, null, null, null, null, null, null, null, null, null, null, null, null, '杭州分行', '2020-12-01');
INSERT INTO `send_green_thr_project2_info` VALUES ('HZFH25452000000005060', '76B0008S333050002', 'B0008S333050002PJ001', '0700002173', '4416', '28720440.000000', '10520004', '安吉县', '一般性固定资产贷款', 'PBOCGC2020030202', null, null, null, null, null, null, null, null, null, null, null, null, null, null, null, null, null, null, null, null, '杭州分行', '2020-12-01');
INSERT INTO `send_green_thr_project2_info` VALUES ('HZFH25452000000005162', '26B0008S333050002', 'B0008S333050002PJ001', '0700002173', '4416', '28720440.000000', '10520004', '安吉县', '一般性固定资产贷款', 'PBOCGC2020030202', null, null, null, null, null, null, null, null, null, null, null, null, null, null, null, null, null, null, null, null, '杭州分行', '2020-12-01');
INSERT INTO `send_green_thr_project2_info` VALUES ('HZFH25456000000000240', '52B0008S333050006', 'B0008S333050006PJ001', '0700004509', '7810', '41666666.666667', '10520004', '德清县', '基本建设贷款', 'PBOCGC2020010602', null, null, null, null, null, null, null, null, null, null, null, null, null, null, null, null, null, null, null, null, '杭州分行', '2020-12-01');
INSERT INTO `send_green_thr_project2_info` VALUES ('HZFH25452000000015535', '28B0008S333050002', 'B0008S333050002PJ001', '0800000031', '7810', '16666666.666667', '10520004', '安吉县', '中期流动资金贷款', 'PBOCGC2020050602', null, null, null, null, null, null, null, null, null, null, null, null, null, null, null, null, null, null, null, null, '杭州分行', '2020-12-01');
INSERT INTO `send_green_thr_project2_info` VALUES ('HZFH25452000000015546', '90B0008S333050002', 'B0008S333050002PJ001', '0800000031', '7810', '16666666.666667', '10520004', '安吉县', '短期流动资金贷款', 'PBOCGC2020050602', null, null, null, null, null, null, null, null, null, null, null, null, null, null, null, null, null, null, null, null, '杭州分行', '2020-12-01');
INSERT INTO `send_green_thr_project2_info` VALUES ('HZFH25452000000018592', '50B0008S333050002', 'B0008S333050002PJ001', '0800000052', '7810', '16666666.666667', '10520004', '安吉县', '中期流动资金贷款', 'PBOCGC2020050605', null, null, null, null, null, null, null, null, null, null, null, null, null, null, null, null, null, null, null, null, '杭州分行', '2020-12-01');
INSERT INTO `send_green_thr_project2_info` VALUES ('HZFH25451000000001574', '93B0008S333050001', 'B0008S333050001PJ001', '0800001006', '4899', '8333333.333333', '10520004', '长兴县', '基本建设贷款', 'PBOCGC2020010614', null, null, null, null, null, null, null, null, null, null, null, null, null, null, null, null, null, null, null, null, '杭州分行', '2020-12-01');
INSERT INTO `send_green_thr_project2_info` VALUES ('HZFH25497000000013450', '85B0008L333050001', 'B0008L333050001PJ001', '0800002407', '7810', '23053333.333333', '10520004', '吴兴区', '基本建设贷款', 'PBOCGC2020050301', null, null, null, null, null, null, null, null, null, null, null, null, null, null, null, null, null, null, null, null, '杭州分行', '2020-12-01');
INSERT INTO `send_green_thr_project2_info` VALUES ('HZFH25452000000001269', '3B0008S333050002', 'B0008S333050002PJ001', '0800002738', '7690', '26666666.666667', '10520004', '安吉县', '基本建设贷款', 'PBOCGC2020050305', null, null, null, null, null, null, null, null, null, null, null, null, null, null, null, null, null, null, null, null, '杭州分行', '2020-12-01');
INSERT INTO `send_green_thr_project2_info` VALUES ('HZFH25452000000001622', '27B0008S333050002', 'B0008S333050002PJ001', '0800002738', '7690', '26666666.666667', '10520004', '安吉县', '基本建设贷款', 'PBOCGC2020050305', null, null, null, null, null, null, null, null, null, null, null, null, null, null, null, null, null, null, null, null, '杭州分行', '2020-12-01');
INSERT INTO `send_green_thr_project2_info` VALUES ('HZFH25452000000003878', '87B0008S333050002', 'B0008S333050002PJ001', '0900001349', '7810', '41133333.333333', '10520004', '安吉县', '基本建设贷款', 'PBOCGC2020040305', null, null, null, null, null, null, null, null, null, null, null, null, null, null, null, null, null, null, null, null, '杭州分行', '2020-12-01');
INSERT INTO `send_green_thr_project2_info` VALUES ('HZFH25452000000004340', '55B0008S333050002', 'B0008S333050002PJ001', '0900001349', '7810', '41133333.333333', '10520004', '安吉县', '基本建设贷款', 'PBOCGC2020040305', null, null, null, null, null, null, null, null, null, null, null, null, null, null, null, null, null, null, null, null, '杭州分行', '2020-12-01');
INSERT INTO `send_green_thr_project2_info` VALUES ('HZFH25452000000004419', '35B0008S333050002', 'B0008S333050002PJ001', '0900001365', '0212', '90466666.666667', '10520004', '安吉县', '基本建设贷款', 'PBOCGC2020040305', null, null, null, null, null, null, null, null, null, null, null, null, null, null, null, null, null, null, null, null, '杭州分行', '2020-12-01');
INSERT INTO `send_green_thr_project2_info` VALUES ('HZFH25452000000005184', '31B0008S333050002', 'B0008S333050002PJ001', '0900001365', '0212', '90466666.666667', '10520004', '安吉县', '基本建设贷款', 'PBOCGC2020040305', null, null, null, null, null, null, null, null, null, null, null, null, null, null, null, null, null, null, null, null, '杭州分行', '2020-12-01');
INSERT INTO `send_green_thr_project2_info` VALUES ('HZFH25451000000016467', '109B0008S333050001', 'B0008S333050001PJ001', '1000000291', '0212', '8333333.333333', '10520004', '长兴县', '短期流动资金贷款', 'PBOCGC2020040104', null, null, null, null, null, null, null, null, null, null, null, null, null, null, null, null, null, null, null, null, '杭州分行', '2020-12-01');
INSERT INTO `send_green_thr_project2_info` VALUES ('HZFH25456000000000193', '40B0008S333050006', 'B0008S333050006PJ001', '1000001007', '7810', '31666666.666667', '10520004', '德清县', '基本建设贷款', 'PBOCGC2020010602', null, null, null, null, null, null, null, null, null, null, null, null, null, null, null, null, null, null, null, null, '杭州分行', '2020-12-01');
INSERT INTO `send_green_thr_project2_info` VALUES ('HZFH25456000000000148', '97B0008S333050006', 'B0008S333050006PJ001', '1000001007', '7810', '31666666.666667', '10520004', '德清县', '基本建设贷款', 'PBOCGC2020010602', null, null, null, null, null, null, null, null, null, null, null, null, null, null, null, null, null, null, null, null, '杭州分行', '2020-12-01');
INSERT INTO `send_green_thr_project2_info` VALUES ('HZFH25456000000008295', '73B0008S333050006', 'B0008S333050006PJ001', '1000001271', '7840', '10000000.000000', '10520004', '德清县', '短期流动资金贷款', 'PBOCGC2020050604', null, null, null, null, null, null, null, null, null, null, null, null, null, null, null, null, null, null, null, null, '杭州分行', '2020-12-01');
INSERT INTO `send_green_thr_project2_info` VALUES ('HZFH25497000000048654', '92B0008L333050001', 'B0008L333050001PJ001', '1000001400', '7810', '20000000.000000', '10520004', '南浔区', '短期流动资金贷款', 'PBOCGC2020050604', null, null, null, null, null, null, null, null, null, null, null, null, null, null, null, null, null, null, null, null, '杭州分行', '2020-12-01');
INSERT INTO `send_green_thr_project2_info` VALUES ('HZFH25497000000050243', '12B0008L333050001', 'B0008L333050001PJ001', '1000001800', '4430', '14000000.000000', '10520004', '南浔区', '短期流动资金贷款', 'PBOCGC2020050401', null, null, null, null, null, null, null, null, null, null, null, null, null, null, null, null, null, null, null, null, '杭州分行', '2020-12-01');
INSERT INTO `send_green_thr_project2_info` VALUES ('HZFH25456000000008932', '99B0008S333050006', 'B0008S333050006PJ001', '1000001924', '4610', '8333333.333333', '10520004', '德清县', '短期流动资金贷款', 'PBOCGC2020010614', null, null, null, null, null, null, null, null, null, null, null, null, null, null, null, null, null, null, null, null, '杭州分行', '2020-12-01');
INSERT INTO `send_green_thr_project2_info` VALUES ('HZFH25456000000008976', '71B0008S333050006', 'B0008S333050006PJ001', '1000002742', '7869', '100000000.000000', '10520004', '德清县', '一般性固定资产贷款', 'PBOCGC2020010614', null, null, null, null, null, null, null, null, null, null, null, null, null, null, null, null, null, null, null, null, '杭州分行', '2020-12-01');
INSERT INTO `send_green_thr_project2_info` VALUES ('HZFH25456000000010362', '102B0008S333050006', 'B0008S333050006PJ001', '1000002742', '7869', '100000000.000000', '10520004', '德清县', '一般性固定资产贷款', 'PBOCGC2020010614', null, null, null, null, null, null, null, null, null, null, null, null, null, null, null, null, null, null, null, null, '杭州分行', '2020-12-01');
INSERT INTO `send_green_thr_project2_info` VALUES ('HZFH25451000000017303', '83B0008S333050001', 'B0008S333050001PJ001', '1100000199', '4821', '50000000.000000', '10520004', '长兴县', '短期流动资金贷款', 'PBOCGC2020010614', null, null, null, null, null, null, null, null, null, null, null, null, null, null, null, null, null, null, null, null, '杭州分行', '2020-12-01');
INSERT INTO `send_green_thr_project2_info` VALUES ('HZFH25497000000032100', '11B0008L333050001', 'B0008L333050001PJ001', '1100000449', '4620', '33333333.333333', '10520004', '南浔区', '中期流动资金贷款', 'PBOCGC2020050301', null, null, null, null, null, null, null, null, null, null, null, null, null, null, null, null, null, null, null, null, '杭州分行', '2020-12-01');
INSERT INTO `send_green_thr_project2_info` VALUES ('HZFH25452000000014847', '57B0008S333050002', 'B0008S333050002PJ001', '1100000809', '7810', '33333333.333333', '10520004', '安吉县', '中期流动资金贷款', 'PBOCGC2020010614', null, null, null, null, null, null, null, null, null, null, null, null, null, null, null, null, null, null, null, null, '杭州分行', '2020-12-01');
INSERT INTO `send_green_thr_project2_info` VALUES ('HZFH25497000000012832', '66B0008L333050001', 'B0008L333050001PJ001', '1100000941', '7810', '283333333.333333', '10520004', '吴兴区', '基本建设贷款', 'PBOCGC2020040309', null, null, null, null, null, null, null, null, null, null, null, null, null, null, null, null, null, null, null, null, '杭州分行', '2020-12-01');
INSERT INTO `send_green_thr_project2_info` VALUES ('HZFH25497000000013018', '53B0008L333050001', 'B0008L333050001PJ001', '1100000941', '7810', '283333333.333333', '10520004', '吴兴区', '基本建设贷款', 'PBOCGC2020040309', null, null, null, null, null, null, null, null, null, null, null, null, null, null, null, null, null, null, null, null, '杭州分行', '2020-12-01');
INSERT INTO `send_green_thr_project2_info` VALUES ('HZFH25497000000013507', '98B0008L333050001', 'B0008L333050001PJ001', '1100000941', '7810', '283333333.333333', '10520004', '吴兴区', '基本建设贷款', 'PBOCGC2020040309', null, null, null, null, null, null, null, null, null, null, null, null, null, null, null, null, null, null, null, null, '杭州分行', '2020-12-01');
INSERT INTO `send_green_thr_project2_info` VALUES ('HZFH25497000000050094', '84B0008L333050001', 'B0008L333050001PJ001', '1100000982', '7840', '13333333.333333', '10520004', '南浔区', '短期流动资金贷款', 'PBOCGC2020050604', null, null, null, null, null, null, null, null, null, null, null, null, null, null, null, null, null, null, null, null, '杭州分行', '2020-12-01');
INSERT INTO `send_green_thr_project2_info` VALUES ('HZFH25497000000050016', '91B0008L333050001', 'B0008L333050001PJ001', '1100001073', '7840', '10000000.000000', '10520004', '吴兴区', '短期流动资金贷款', 'PBOCGC2020050604', null, null, null, null, null, null, null, null, null, null, null, null, null, null, null, null, null, null, null, null, '杭州分行', '2020-12-01');
INSERT INTO `send_green_thr_project2_info` VALUES ('HZFH25456000000008193', '61B0008S333050006', 'B0008S333050006PJ001', '1100001187', '7810', '10000000.000000', '10520004', '德清县', '短期流动资金贷款', 'PBOCGC2020050604', null, null, null, null, null, null, null, null, null, null, null, null, null, null, null, null, null, null, null, null, '杭州分行', '2020-12-01');
INSERT INTO `send_green_thr_project2_info` VALUES ('HZFH25456000000000239', '51B0008S333050006', 'B0008S333050006PJ001', '1100001380', '7810', '33333333.333333', '10520004', '德清县', '基本建设贷款', 'PBOCGC2020010602', null, null, null, null, null, null, null, null, null, null, null, null, null, null, null, null, null, null, null, null, '杭州分行', '2020-12-01');
INSERT INTO `send_green_thr_project2_info` VALUES ('HZFH25452000000001633', '18B0008S333050002', 'B0008S333050002PJ001', '1100001523', '0190', '56000000.000000', '10520004', '安吉县', '一般性固定资产贷款', 'PBOCGC2020040204', null, null, null, null, null, null, null, null, null, null, null, null, null, null, null, null, null, null, null, null, '杭州分行', '2020-12-01');
INSERT INTO `send_green_thr_project2_info` VALUES ('HZFH25456000000008273', '14B0008S333050006', 'B0008S333050006PJ001', '1100001556', '4610', '14666666.666667', '10520004', '德清县', '短期流动资金贷款', 'PBOCGC2020010614', null, null, null, null, null, null, null, null, null, null, null, null, null, null, null, null, null, null, null, null, '杭州分行', '2020-12-01');
INSERT INTO `send_green_thr_project2_info` VALUES ('HZFH25456000000009583', '67B0008S333050006', 'B0008S333050006PJ001', '1100001899', '7810', '10000000.000000', '10520004', '德清县', '短期流动资金贷款', 'PBOCGC2020060508', null, null, null, null, null, null, null, null, null, null, null, null, null, null, null, null, null, null, null, null, '杭州分行', '2020-12-01');
INSERT INTO `send_green_thr_project2_info` VALUES ('HZFH25452000000011198', '2B0008S333050002', 'B0008S333050002PJ001', '1100002057', '4891', '50000000.000000', '10520004', '安吉县', '中期流动资金贷款', 'PBOCGC2020050604', null, null, null, null, null, null, null, null, null, null, null, null, null, null, null, null, null, null, null, null, '杭州分行', '2020-12-01');
INSERT INTO `send_green_thr_project2_info` VALUES ('HZFH25452000000011085', '86B0008S333050002', 'B0008S333050002PJ001', '1100002057', '4891', '50000000.000000', '10520004', '安吉县', '中期流动资金贷款', 'PBOCGC2020050604', null, null, null, null, null, null, null, null, null, null, null, null, null, null, null, null, null, null, null, null, '杭州分行', '2020-12-01');
INSERT INTO `send_green_thr_project2_info` VALUES ('HZFH25452000000001644', '95B0008S333050002', 'B0008S333050002PJ001', '1100002704', '7810', '37333333.333333', '10520004', '安吉县', '基本建设贷款', 'PBOCGC2020040302', null, null, null, null, null, null, null, null, null, null, null, null, null, null, null, null, null, null, null, null, '杭州分行', '2020-12-01');
INSERT INTO `send_green_thr_project2_info` VALUES ('HZFH25452000000003120', '9B0008S333050002', 'B0008S333050002PJ001', '1100002704', '7810', '37333333.333333', '10520004', '安吉县', '基本建设贷款', 'PBOCGC2020040302', null, null, null, null, null, null, null, null, null, null, null, null, null, null, null, null, null, null, null, null, '杭州分行', '2020-12-01');
INSERT INTO `send_green_thr_project2_info` VALUES ('HZFH25452000000002570', '1B0008S333050002', 'B0008S333050002PJ001', '1100002704', '7810', '37333333.333333', '10520004', '安吉县', '基本建设贷款', 'PBOCGC2020040302', null, null, null, null, null, null, null, null, null, null, null, null, null, null, null, null, null, null, null, null, '杭州分行', '2020-12-01');
INSERT INTO `send_green_thr_project2_info` VALUES ('HZFH25452000000007352', '8B0008S333050002', 'B0008S333050002PJ001', '1100003197', '4813', '66666666.666667', '10520004', '安吉县', '中期流动资金贷款', 'PBOCGC2020050604', null, null, null, null, null, null, null, null, null, null, null, null, null, null, null, null, null, null, null, null, '杭州分行', '2020-12-01');
INSERT INTO `send_green_thr_project2_info` VALUES ('HZFH25452000000003776', '36B0008S333050002', 'B0008S333050002PJ001', '1100003702', '7810', '31666666.666667', '10520004', '安吉县', '基本建设贷款', 'PBOCGC2020040302', null, null, null, null, null, null, null, null, null, null, null, null, null, null, null, null, null, null, null, null, '杭州分行', '2020-12-01');
INSERT INTO `send_green_thr_project2_info` VALUES ('HZFH25452000000002820', '63B0008S333050002', 'B0008S333050002PJ001', '1100003702', '7810', '31666666.666667', '10520004', '安吉县', '基本建设贷款', 'PBOCGC2020040302', null, null, null, null, null, null, null, null, null, null, null, null, null, null, null, null, null, null, null, null, '杭州分行', '2020-12-01');
INSERT INTO `send_green_thr_project2_info` VALUES ('HZFH25452000000001757', '77B0008S333050002', 'B0008S333050002PJ001', '1100003702', '7810', '31666666.666667', '10520004', '安吉县', '基本建设贷款', 'PBOCGC2020040302', null, null, null, null, null, null, null, null, null, null, null, null, null, null, null, null, null, null, null, null, '杭州分行', '2020-12-01');
INSERT INTO `send_green_thr_project2_info` VALUES ('HZFH25452000000002592', '37B0008S333050002', 'B0008S333050002PJ001', '1100003702', '7810', '31666666.666667', '10520004', '安吉县', '基本建设贷款', 'PBOCGC2020040302', null, null, null, null, null, null, null, null, null, null, null, null, null, null, null, null, null, null, null, null, '杭州分行', '2020-12-01');
INSERT INTO `send_green_thr_project2_info` VALUES ('HZFH25497000000013063', '60B0008L333050001', 'B0008L333050001PJ001', '1200000770', '7810', '40000000.000000', '10520004', '吴兴区', '基本建设贷款', 'PBOCGC2020040302', null, null, null, null, null, null, null, null, null, null, null, null, null, null, null, null, null, null, null, null, '杭州分行', '2020-12-01');
INSERT INTO `send_green_thr_project2_info` VALUES ('HZFH25497000000013472', '10B0008L333050001', 'B0008L333050001PJ001', '1200000770', '7810', '40000000.000000', '10520004', '吴兴区', '基本建设贷款', 'PBOCGC2020040302', null, null, null, null, null, null, null, null, null, null, null, null, null, null, null, null, null, null, null, null, '杭州分行', '2020-12-01');
INSERT INTO `send_green_thr_project2_info` VALUES ('HZFH25456000000008353', '7B0008S333050006', 'B0008S333050006PJ001', '1200000846', '7810', '20000000.000000', '10520004', '德清县', '商业承兑汇票保贴（对持票人）', 'PBOCGC2020050601', null, null, null, null, null, null, null, null, null, null, null, null, null, null, null, null, null, null, null, null, '杭州分行', '2020-12-01');
INSERT INTO `send_green_thr_project2_info` VALUES ('HZFH25452000000002150', '29B0008S333050002', 'B0008S333050002PJ001', '1200001427', '7810', '43800000.000000', '10520004', '安吉县', '基本建设贷款', 'PBOCGC2020040302', null, null, null, null, null, null, null, null, null, null, null, null, null, null, null, null, null, null, null, null, '杭州分行', '2020-12-01');
INSERT INTO `send_green_thr_project2_info` VALUES ('HZFH25452000000003936', '25B0008S333050002', 'B0008S333050002PJ001', '1200001427', '7810', '43800000.000000', '10520004', '安吉县', '基本建设贷款', 'PBOCGC2020040302', null, null, null, null, null, null, null, null, null, null, null, null, null, null, null, null, null, null, null, null, '杭州分行', '2020-12-01');
INSERT INTO `send_green_thr_project2_info` VALUES ('HZFH25452000000002581', '78B0008S333050002', 'B0008S333050002PJ001', '1200001427', '7810', '43800000.000000', '10520004', '安吉县', '基本建设贷款', 'PBOCGC2020040302', null, null, null, null, null, null, null, null, null, null, null, null, null, null, null, null, null, null, null, null, '杭州分行', '2020-12-01');
INSERT INTO `send_green_thr_project2_info` VALUES ('HZFH25452000000002762', '75B0008S333050002', 'B0008S333050002PJ001', '1200001427', '7810', '43800000.000000', '10520004', '安吉县', '基本建设贷款', 'PBOCGC2020040302', null, null, null, null, null, null, null, null, null, null, null, null, null, null, null, null, null, null, null, null, '杭州分行', '2020-12-01');
INSERT INTO `send_green_thr_project2_info` VALUES ('HZFH25456000000008433', '79B0008S333050006', 'B0008S333050006PJ001', '1200001489', '7840', '10666666.666667', '10520004', '德清县', '短期流动资金贷款', 'PBOCGC2020040104', null, null, null, null, null, null, null, null, null, null, null, null, null, null, null, null, null, null, null, null, '杭州分行', '2020-12-01');
INSERT INTO `send_green_thr_project2_info` VALUES ('HZFH25456000000003489', '13B0008S333050006', 'B0008S333050006PJ001', '1200001697', '7810', '50000000.000000', '10520004', '德清县', '中期流动资金贷款', 'PBOCGC2020050604', null, null, null, null, null, null, null, null, null, null, null, null, null, null, null, null, null, null, null, null, '杭州分行', '2020-12-01');
INSERT INTO `send_green_thr_project2_info` VALUES ('HZFH25456000000003682', '94B0008S333050006', 'B0008S333050006PJ001', '1200001697', '7810', '50000000.000000', '10520004', '德清县', '中期流动资金贷款', 'PBOCGC2020050604', null, null, null, null, null, null, null, null, null, null, null, null, null, null, null, null, null, null, null, null, '杭州分行', '2020-12-01');
INSERT INTO `send_green_thr_project2_info` VALUES ('HZFH25451000000017915', '17B0008S333050001', 'B0008S333050001PJ001', '1200001710', '7830', '100000000.000000', '10520004', '长兴县', '商业承兑汇票保贴（对持票人）', 'PBOCGC2020040312', null, null, null, null, null, null, null, null, null, null, null, null, null, null, null, null, null, null, null, null, '杭州分行', '2020-12-01');
INSERT INTO `send_green_thr_project2_info` VALUES ('HZFH25451000000017904', '89B0008S333050001', 'B0008S333050001PJ001', '1200001710', '7830', '100000000.000000', '10520004', '长兴县', '商业承兑汇票保贴（对持票人）', 'PBOCGC2020040312', null, null, null, null, null, null, null, null, null, null, null, null, null, null, null, null, null, null, null, null, '杭州分行', '2020-12-01');
INSERT INTO `send_green_thr_project2_info` VALUES ('HZFH25497000000021563', '82B0008L333050001', 'B0008L333050001PJ001', '1200002247', '7810', '83110000.000000', '10520004', '南浔区', '基本建设贷款', 'PBOCGC2020010602', null, null, null, null, null, null, null, null, null, null, null, null, null, null, null, null, null, null, null, null, '杭州分行', '2020-12-01');
INSERT INTO `send_green_thr_project2_info` VALUES ('HZFH25497000000023026', '21B0008L333050001', 'B0008L333050001PJ001', '1200002247', '7810', '83110000.000000', '10520004', '南浔区', '基本建设贷款', 'PBOCGC2020010602', null, null, null, null, null, null, null, null, null, null, null, null, null, null, null, null, null, null, null, null, '杭州分行', '2020-12-01');
INSERT INTO `send_green_thr_project2_info` VALUES ('HZFH25456000000008444', '107B0008S333050006', 'B0008S333050006PJ001', '1200003493', '4610', '14666666.666667', '10520004', '德清县', '商业承兑汇票保贴（对持票人）', 'PBOCGC2020010614', null, null, null, null, null, null, null, null, null, null, null, null, null, null, null, null, null, null, null, null, '杭州分行', '2020-12-01');
INSERT INTO `send_green_thr_project2_info` VALUES ('HZFH25452000000016118', '15B0008S333050002', 'B0008S333050002PJ001', '1200003629', '4790', '33333333.333333', '10520004', '安吉县', '商业承兑汇票保贴（对持票人）', 'PBOCGC2020010614', null, null, null, null, null, null, null, null, null, null, null, null, null, null, null, null, null, null, null, null, '杭州分行', '2020-12-01');
INSERT INTO `send_green_thr_project2_info` VALUES ('HZFH25452000000015625', '69B0008S333050002', 'B0008S333050002PJ001', '1200003681', '7810', '35000000.000000', '10520004', '安吉县', '商业承兑汇票保贴（对持票人）', 'PBOCGC2020050604', null, null, null, null, null, null, null, null, null, null, null, null, null, null, null, null, null, null, null, null, '杭州分行', '2020-12-01');

-- ----------------------------
-- Table structure for `send_green_thr_project_info`
-- ----------------------------
DROP TABLE IF EXISTS `send_green_thr_project_info`;
CREATE TABLE `send_green_thr_project_info` (
  `customerNo` varchar(200) DEFAULT NULL COMMENT '客户唯一编号',
  `organization` varchar(200) DEFAULT NULL COMMENT '机构 ',
  `projectNo` varchar(200) DEFAULT NULL COMMENT '项目唯一编号',
  `projectCode` varchar(200) DEFAULT NULL COMMENT '项目代码',
  `projectName` varchar(200) DEFAULT NULL COMMENT '项目名称',
  `projectIndustryCd` varchar(200) DEFAULT NULL COMMENT '投向行业',
  `totalInvestAmount` varchar(200) DEFAULT NULL COMMENT '项目总投资',
  `capitalSourceCd` varchar(200) DEFAULT NULL COMMENT '资金来源',
  `projectLocationCd` varchar(200) DEFAULT NULL COMMENT '项目所在地',
  `projectAddress` varchar(200) DEFAULT NULL COMMENT '建设地址',
  `projectContent` varchar(200) DEFAULT NULL COMMENT '建设内容与规模',
  `cbrcGreenClass` varchar(200) DEFAULT NULL COMMENT '银保监会绿色认定分类代码',
  `pbcGreenClass` varchar(200) DEFAULT NULL COMMENT '人民银行绿色认定分类代码',
  `localGreenClass` varchar(200) DEFAULT NULL COMMENT '地方绿色认定分类代码',
  `energy` varchar(200) DEFAULT NULL COMMENT '标准煤（吨）',
  `co2` varchar(200) DEFAULT NULL COMMENT '二氧化碳当量（吨）',
  `cod` varchar(200) DEFAULT NULL COMMENT '化学需氧量（吨）',
  `nh` varchar(200) DEFAULT NULL COMMENT '氨氮（吨）',
  `so2` varchar(200) DEFAULT NULL COMMENT '二氧化硫（吨）',
  `nox` varchar(200) DEFAULT NULL COMMENT '氮氧化物（吨）',
  `h2o` varchar(200) DEFAULT NULL COMMENT '节水（吨）',
  `fineParticle` varchar(200) DEFAULT NULL COMMENT '细颗粒物（吨）',
  `voc` varchar(200) DEFAULT NULL COMMENT '挥发性有机物（吨）',
  `nitrogen` varchar(200) DEFAULT NULL COMMENT '总氮（吨）',
  `phosphorus` varchar(200) DEFAULT NULL COMMENT '总磷（吨）',
  `sceneType` varchar(200) DEFAULT NULL COMMENT '环境效益测算场景类型',
  `elementType` varchar(200) DEFAULT NULL COMMENT '要素类型代码',
  `environElement` varchar(200) DEFAULT NULL COMMENT '要素值',
  `publicEnvironElement` varchar(200) DEFAULT NULL COMMENT '公共要素值',
  `businessDate` varchar(200) DEFAULT NULL COMMENT '信息变更日',
  `gdate` varchar(200) DEFAULT NULL COMMENT '增量日期 yyyyMMdd'
) ENGINE=InnoDB DEFAULT CHARSET=utf8;

-- ----------------------------
-- Records of send_green_thr_project_info
-- ----------------------------
INSERT INTO `send_green_thr_project_info` VALUES ('1100000199', '杭州分行', 'HZFH25451000000017303', '83B0008S333050001', '83B0008S333050001PJ001', '4821', '50000000.000000', 'D0070003', '330522', '长兴县', '短期流动资金贷款', 'CBIRCGC20B01061200', 'PBOCGC2020010614', null, null, null, null, null, null, null, null, null, null, null, null, null, null, null, null, null, '2020-12-01');
INSERT INTO `send_green_thr_project_info` VALUES ('0600002183', '杭州分行', 'HZFH25497000000052003', '20B0008L333050001', '20B0008L333050001PJ002', '7299', '200000000.000000', 'D0070003', '330502', '吴兴区', '短期流动资金贷款', '', 'PBOCGC2020060508', null, null, null, null, null, null, null, null, null, null, null, null, null, null, null, null, null, '2020-12-01');
INSERT INTO `send_green_thr_project_info` VALUES ('0900001349', '杭州分行', 'HZFH25452000000003878', '87B0008S333050002', '87B0008S333050002PJ003', '7810', '41133333.333333', 'D0070003', '330523', '安吉县', '基本建设贷款', 'CBIRCGC20B04030500', 'PBOCGC2020040305', null, null, null, null, null, null, null, null, null, null, null, null, null, null, null, null, null, '2020-12-01');
INSERT INTO `send_green_thr_project_info` VALUES ('0500000249', '杭州分行', 'HZFH25451000000019377', '65B0008S333050001', '65B0008S333050001PJ004', '7620', '32666666.666667', 'D0070003', '330522', '长兴县', '短期流动资金贷款', '', 'PBOCGC2020050305', null, null, null, null, null, null, null, null, null, null, null, null, null, null, null, null, null, '2020-12-01');
INSERT INTO `send_green_thr_project_info` VALUES ('0400003062', '杭州分行', 'HZFH25497000000051780', '100B0008L333050001', '100B0008L333050001PJ005', '7810', '66666666.666667', 'D0070003', '330502', '吴兴区', '短期流动资金贷款', '', 'PBOCGC2020060508', null, null, null, null, null, null, null, null, null, null, null, null, null, null, null, null, null, '2020-12-01');
INSERT INTO `send_green_thr_project_info` VALUES ('1200002247', '杭州分行', 'HZFH25497000000023026', '21B0008L333050001', '21B0008L333050001PJ006', '7810', '83110000.000000', 'D0070003', '330503', '南浔区', '基本建设贷款', 'CBIRCGC20B01060200', 'PBOCGC2020010602', null, null, null, null, null, null, null, null, null, null, null, null, null, null, null, null, null, '2020-12-01');
INSERT INTO `send_green_thr_project_info` VALUES ('0700002173', '杭州分行', 'HZFH25452000000010207', '62B0008S333050002', '62B0008S333050002PJ007', '4416', '28720440.000000', 'D0070003', '330523', '安吉县', '政府转贷款', 'CBIRCGC20B03020200', 'PBOCGC2020030202', null, null, null, null, null, null, null, null, null, null, null, null, null, null, null, null, null, '2020-12-01');
INSERT INTO `send_green_thr_project_info` VALUES ('0200000646', '杭州分行', 'HZFH25456000000000488', '72B0008S333050006', '72B0008S333050006PJ008', '7810', '46666666.666667', 'D0070003', '330521', '德清县', '基本建设贷款', 'CBIRCGC20B05030104', 'PBOCGC2020050304', null, null, null, null, null, null, null, null, null, null, null, null, null, null, null, null, null, '2020-12-01');
INSERT INTO `send_green_thr_project_info` VALUES ('1000001007', '杭州分行', 'HZFH25456000000000193', '40B0008S333050006', '40B0008S333050006PJ009', '7810', '31666666.666667', 'D0070003', '330521', '德清县', '基本建设贷款', 'CBIRCGC20B01060200', 'PBOCGC2020010602', null, null, null, null, null, null, null, null, null, null, null, null, null, null, null, null, null, '2020-12-01');
INSERT INTO `send_green_thr_project_info` VALUES ('0200000221', '杭州分行', 'HZFH25497000000034414', '38B0008L333050001', '38B0008L333050001PJ010', '7810', '33333333.333333', 'D0070003', '330503', '南浔区', '中期流动资金贷款', 'CBIRCGC20B04030900', 'PBOCGC2020040309', null, null, null, null, null, null, null, null, null, null, null, null, null, null, null, null, null, '2020-12-01');
INSERT INTO `send_green_thr_project_info` VALUES ('0800000031', '杭州分行', 'HZFH25452000000015546', '90B0008S333050002', '90B0008S333050002PJ011', '7810', '16666666.666667', 'D0070003', '330523', '安吉县', '短期流动资金贷款', 'CBIRCGC20B05060200', 'PBOCGC2020050602', null, null, null, null, null, null, null, null, null, null, null, null, null, null, null, null, null, '2020-12-01');
INSERT INTO `send_green_thr_project_info` VALUES ('0600000437', '杭州分行', 'HZFH25452000000004351', '16B0008S333050002', '16B0008S333050002PJ012', '7810', '45706666.666667', 'D0070003', '330523', '安吉县', '基本建设贷款', 'CBIRCGC20B05050400', 'PBOCGC2020050504', null, null, null, null, null, null, null, null, null, null, null, null, null, null, null, null, null, '2020-12-01');
INSERT INTO `send_green_thr_project_info` VALUES ('0600002310', '杭州分行', 'HZFH25456000000009356', '24B0008S333050006', '24B0008S333050006PJ013', '4812', '9000000.000000', 'D0070003', '330521', '德清县', '短期流动资金贷款', 'CBIRCGC20B05060400', 'PBOCGC2020050604', null, null, null, null, null, null, null, null, null, null, null, null, null, null, null, null, null, '2020-12-01');
INSERT INTO `send_green_thr_project_info` VALUES ('0800000031', '杭州分行', 'HZFH25452000000015535', '28B0008S333050002', '28B0008S333050002PJ014', '7810', '16666666.666667', 'D0070003', '330523', '安吉县', '中期流动资金贷款', 'CBIRCGC20B05060200', 'PBOCGC2020050602', null, null, null, null, null, null, null, null, null, null, null, null, null, null, null, null, null, '2020-12-01');
INSERT INTO `send_green_thr_project_info` VALUES ('0400003078', '杭州分行', 'HZFH25497000000051791', '59B0008L333050001', '59B0008L333050001PJ015', '7810', '33333333.333333', 'D0070003', '330502', '吴兴区', '短期流动资金贷款', '', 'PBOCGC2020060508', null, null, null, null, null, null, null, null, null, null, null, null, null, null, null, null, null, '2020-12-01');
INSERT INTO `send_green_thr_project_info` VALUES ('1200001427', '杭州分行', 'HZFH25452000000002150', '29B0008S333050002', '29B0008S333050002PJ016', '7810', '43800000.000000', 'D0070003', '330523', '安吉县', '基本建设贷款', 'CBIRCGC20B04030200', 'PBOCGC2020040302', null, null, null, null, null, null, null, null, null, null, null, null, null, null, null, null, null, '2020-12-01');
INSERT INTO `send_green_thr_project_info` VALUES ('0600000437', '杭州分行', 'HZFH25452000000003404', '6B0008S333050002', '6B0008S333050002PJ017', '7810', '45706666.666667', 'D0070003', '330523', '安吉县', '基本建设贷款', 'CBIRCGC20B05050400', 'PBOCGC2020050504', null, null, null, null, null, null, null, null, null, null, null, null, null, null, null, null, null, '2020-12-01');
INSERT INTO `send_green_thr_project_info` VALUES ('0300003878', '杭州分行', 'HZFH25451000000001030', '104B0008S333050001', '104B0008S333050001PJ018', '7869', '14583333.333333', 'D0070003', '330522', '长兴县', '基本建设贷款', 'CBIRCGC20B01060200', 'PBOCGC2020010602', null, null, null, null, null, null, null, null, null, null, null, null, null, null, null, null, null, '2020-12-01');
INSERT INTO `send_green_thr_project_info` VALUES ('1200001697', '杭州分行', 'HZFH25456000000003489', '13B0008S333050006', '13B0008S333050006PJ019', '7810', '50000000.000000', 'D0070003', '330521', '德清县', '中期流动资金贷款', 'CBIRCGC20B05060400', 'PBOCGC2020050604', null, null, null, null, null, null, null, null, null, null, null, null, null, null, null, null, null, '2020-12-01');
INSERT INTO `send_green_thr_project_info` VALUES ('1100001073', '杭州分行', 'HZFH25497000000050016', '91B0008L333050001', '91B0008L333050001PJ020', '7840', '10000000.000000', 'D0070003', '330502', '吴兴区', '短期流动资金贷款', 'CBIRCGC20B05060400', 'PBOCGC2020050604', null, null, null, null, null, null, null, null, null, null, null, null, null, null, null, null, null, '2020-12-01');
INSERT INTO `send_green_thr_project_info` VALUES ('1000000291', '杭州分行', 'HZFH25451000000016467', '109B0008S333050001', '109B0008S333050001PJ021', '0212', '8333333.333333', 'D0070003', '330522', '长兴县', '短期流动资金贷款', '', 'PBOCGC2020040104', null, null, null, null, null, null, null, null, null, null, null, null, null, null, null, null, null, '2020-12-01');
INSERT INTO `send_green_thr_project_info` VALUES ('0900001349', '杭州分行', 'HZFH25452000000004340', '55B0008S333050002', '55B0008S333050002PJ022', '7810', '41133333.333333', 'D0070003', '330523', '安吉县', '基本建设贷款', 'CBIRCGC20B04030500', 'PBOCGC2020040305', null, null, null, null, null, null, null, null, null, null, null, null, null, null, null, null, null, '2020-12-01');
INSERT INTO `send_green_thr_project_info` VALUES ('0400004637', '杭州分行', 'HZFH25451000000020803', '49B0008S333050001', '49B0008S333050001PJ023', '4210', '66666666.666667', 'D0070003', '330522', '长兴县', '短期流动资金贷款', 'CBIRCGC20B01070200', 'PBOCGC2020010702', null, null, null, null, null, null, null, null, null, null, null, null, null, null, null, null, null, '2020-12-01');
INSERT INTO `send_green_thr_project_info` VALUES ('1200003493', '杭州分行', 'HZFH25456000000008444', '107B0008S333050006', '107B0008S333050006PJ024', '4610', '14666666.666667', 'D0070003', '330521', '德清县', '商业承兑汇票保贴（对持票人）', 'CBIRCGC20B01061200', 'PBOCGC2020010614', null, null, null, null, null, null, null, null, null, null, null, null, null, null, null, null, null, '2020-12-01');
INSERT INTO `send_green_thr_project_info` VALUES ('0200000646', '杭州分行', 'HZFH25456000000000965', '44B0008S333050006', '44B0008S333050006PJ025', '7810', '46666666.666667', 'D0070003', '330521', '德清县', '基本建设贷款', 'CBIRCGC20B05030104', 'PBOCGC2020050304', null, null, null, null, null, null, null, null, null, null, null, null, null, null, null, null, null, '2020-12-01');
INSERT INTO `send_green_thr_project_info` VALUES ('1100002057', '杭州分行', 'HZFH25452000000011085', '86B0008S333050002', '86B0008S333050002PJ026', '4891', '50000000.000000', 'D0070003', '330523', '安吉县', '中期流动资金贷款', 'CBIRCGC20B05060400', 'PBOCGC2020050604', null, null, null, null, null, null, null, null, null, null, null, null, null, null, null, null, null, '2020-12-01');
INSERT INTO `send_green_thr_project_info` VALUES ('0200002347', '杭州分行', 'HZFH25452000000015705', '81B0008S333050002', '81B0008S333050002PJ027', '2720', '17000000.000000', 'D0070003', '330523', '安吉县', '短期流动资金贷款', 'CBIRCGC20B02020100', 'PBOCGC2020020201', null, null, null, null, null, null, null, null, null, null, null, null, null, null, null, null, null, '2020-12-01');
INSERT INTO `send_green_thr_project_info` VALUES ('1200001427', '杭州分行', 'HZFH25452000000002581', '78B0008S333050002', '78B0008S333050002PJ028', '7810', '43800000.000000', 'D0070003', '330523', '安吉县', '基本建设贷款', 'CBIRCGC20B04030200', 'PBOCGC2020040302', null, null, null, null, null, null, null, null, null, null, null, null, null, null, null, null, null, '2020-12-01');
INSERT INTO `send_green_thr_project_info` VALUES ('1200001710', '杭州分行', 'HZFH25451000000017904', '89B0008S333050001', '89B0008S333050001PJ029', '7830', '100000000.000000', 'D0070003', '330522', '长兴县', '商业承兑汇票保贴（对持票人）', 'CBIRCGC20B04031200', 'PBOCGC2020040312', null, null, null, null, null, null, null, null, null, null, null, null, null, null, null, null, null, '2020-12-01');
INSERT INTO `send_green_thr_project_info` VALUES ('1100001380', '杭州分行', 'HZFH25456000000000239', '51B0008S333050006', '51B0008S333050006PJ030', '7810', '33333333.333333', 'D0070003', '330521', '德清县', '基本建设贷款', 'CBIRCGC20B01060200', 'PBOCGC2020010602', null, null, null, null, null, null, null, null, null, null, null, null, null, null, null, null, null, '2020-12-01');
INSERT INTO `send_green_thr_project_info` VALUES ('1100000941', '杭州分行', 'HZFH25497000000012832', '66B0008L333050001', '66B0008L333050001PJ031', '7810', '283333333.333333', 'D0070003', '330502', '吴兴区', '基本建设贷款', 'CBIRCGC20B04030900', 'PBOCGC2020040309', null, null, null, null, null, null, null, null, null, null, null, null, null, null, null, null, null, '2020-12-01');
INSERT INTO `send_green_thr_project_info` VALUES ('0700002173', '杭州分行', 'HZFH25452000000005060', '76B0008S333050002', '76B0008S333050002PJ032', '4416', '28720440.000000', 'D0070003', '330523', '安吉县', '一般性固定资产贷款', 'CBIRCGC20B03020200', 'PBOCGC2020030202', null, null, null, null, null, null, null, null, null, null, null, null, null, null, null, null, null, '2020-12-01');
INSERT INTO `send_green_thr_project_info` VALUES ('0700001497', '杭州分行', 'HZFH25452000000018467', '56B0008S333050002', '56B0008S333050002PJ033', '5296', '6666666.666667', 'D0070003', '330523', '安吉县', '短期流动资金贷款', 'CBIRCGC20B03040500', 'PBOCGC2020030405', null, null, null, null, null, null, null, null, null, null, null, null, null, null, null, null, null, '2020-12-01');
INSERT INTO `send_green_thr_project_info` VALUES ('0500000450', '杭州分行', 'HZFH25497000000047504', '88B0008L333050001', '88B0008L333050001PJ034', '1012', '20000000.000000', 'D0070003', '330502', '吴兴区', '短期流动资金贷款', '', 'PBOCGC2020010701', null, null, null, null, null, null, null, null, null, null, null, null, null, null, null, null, null, '2020-12-01');
INSERT INTO `send_green_thr_project_info` VALUES ('0200000221', '杭州分行', 'HZFH25497000000034786', '30B0008L333050001', '30B0008L333050001PJ035', '7810', '33333333.333333', 'D0070003', '330503', '南浔区', '中期流动资金贷款', 'CBIRCGC20B04030900', 'PBOCGC2020040309', null, null, null, null, null, null, null, null, null, null, null, null, null, null, null, null, null, '2020-12-01');
INSERT INTO `send_green_thr_project_info` VALUES ('0100000005', '杭州分行', 'HZFH25456000000008217', '45B0008S333050006', '45B0008S333050006PJ036', '8080', '35455000.000000', 'D0070003', '330521', '德清县', '一般性固定资产贷款', 'CBIRCGC20B01061200', 'PBOCGC2020010614', null, null, null, null, null, null, null, null, null, null, null, null, null, null, null, null, null, '2020-12-01');
INSERT INTO `send_green_thr_project_info` VALUES ('0700004509', '杭州分行', 'HZFH25456000000000240', '52B0008S333050006', '52B0008S333050006PJ037', '7810', '41666666.666667', 'D0070003', '330521', '德清县', '基本建设贷款', 'CBIRCGC20B01060200', 'PBOCGC2020010602', null, null, null, null, null, null, null, null, null, null, null, null, null, null, null, null, null, '2020-12-01');
INSERT INTO `send_green_thr_project_info` VALUES ('0700001766', '杭州分行', 'HZFH25497000000050844', '105B0008L333050001', '105B0008L333050001PJ038', '7212', '126666666.666667', 'D0070003', '330502', '吴兴区', '中期流动资金贷款', 'CBIRCGC20B01070200', 'PBOCGC2020010702', null, null, null, null, null, null, null, null, null, null, null, null, null, null, null, null, null, '2020-12-01');
INSERT INTO `send_green_thr_project_info` VALUES ('0500001393', '杭州分行', 'HZFH25452000000003391', '70B0008S333050002', '70B0008S333050002PJ039', '5090', '47220000.000000', 'D0070003', '330523', '安吉县', '基本建设贷款', 'CBIRCGC20B01060100', 'PBOCGC2020010601', null, null, null, null, null, null, null, null, null, null, null, null, null, null, null, null, null, '2020-12-01');
INSERT INTO `send_green_thr_project_info` VALUES ('1200000770', '杭州分行', 'HZFH25497000000013472', '10B0008L333050001', '10B0008L333050001PJ040', '7810', '40000000.000000', 'D0070003', '330502', '吴兴区', '基本建设贷款', 'CBIRCGC20B04030200', 'PBOCGC2020040302', null, null, null, null, null, null, null, null, null, null, null, null, null, null, null, null, null, '2020-12-01');
INSERT INTO `send_green_thr_project_info` VALUES ('0200002347', '杭州分行', 'HZFH25452000000014789', '74B0008S333050002', '74B0008S333050002PJ041', '2720', '17000000.000000', 'D0070003', '330523', '安吉县', '短期流动资金贷款', 'CBIRCGC20B02020100', 'PBOCGC2020020201', null, null, null, null, null, null, null, null, null, null, null, null, null, null, null, null, null, '2020-12-01');
INSERT INTO `send_green_thr_project_info` VALUES ('0800002407', '杭州分行', 'HZFH25497000000013450', '85B0008L333050001', '85B0008L333050001PJ042', '7810', '23053333.333333', 'D0070003', '330502', '吴兴区', '基本建设贷款', 'CBIRCGC20B05030101', 'PBOCGC2020050301', null, null, null, null, null, null, null, null, null, null, null, null, null, null, null, null, null, '2020-12-01');
INSERT INTO `send_green_thr_project_info` VALUES ('1200001427', '杭州分行', 'HZFH25452000000003936', '25B0008S333050002', '25B0008S333050002PJ043', '7810', '43800000.000000', 'D0070003', '330523', '安吉县', '基本建设贷款', 'CBIRCGC20B04030200', 'PBOCGC2020040302', null, null, null, null, null, null, null, null, null, null, null, null, null, null, null, null, null, '2020-12-01');
INSERT INTO `send_green_thr_project_info` VALUES ('1200001710', '杭州分行', 'HZFH25451000000017915', '17B0008S333050001', '17B0008S333050001PJ044', '7830', '100000000.000000', 'D0070003', '330522', '长兴县', '商业承兑汇票保贴（对持票人）', 'CBIRCGC20B04031200', 'PBOCGC2020040312', null, null, null, null, null, null, null, null, null, null, null, null, null, null, null, null, null, '2020-12-01');
INSERT INTO `send_green_thr_project_info` VALUES ('0600000437', '杭州分行', 'HZFH25452000000004667', '41B0008S333050002', '41B0008S333050002PJ045', '7810', '45706666.666667', 'D0070003', '330523', '安吉县', '基本建设贷款', 'CBIRCGC20B05050400', 'PBOCGC2020050504', null, null, null, null, null, null, null, null, null, null, null, null, null, null, null, null, null, '2020-12-01');
INSERT INTO `send_green_thr_project_info` VALUES ('1100003702', '杭州分行', 'HZFH25452000000003776', '36B0008S333050002', '36B0008S333050002PJ046', '7810', '31666666.666667', 'D0070003', '330523', '安吉县', '基本建设贷款', 'CBIRCGC20B04030200', 'PBOCGC2020040302', null, null, null, null, null, null, null, null, null, null, null, null, null, null, null, null, null, '2020-12-01');
INSERT INTO `send_green_thr_project_info` VALUES ('1200000846', '杭州分行', 'HZFH25456000000008353', '7B0008S333050006', '7B0008S333050006PJ047', '7810', '20000000.000000', 'D0070003', '330521', '德清县', '商业承兑汇票保贴（对持票人）', 'CBIRCGC20B05060100', 'PBOCGC2020050601', null, null, null, null, null, null, null, null, null, null, null, null, null, null, null, null, null, '2020-12-01');
INSERT INTO `send_green_thr_project_info` VALUES ('0200000588', '杭州分行', 'HZFH25497000000047548', '22B0008L333050001', '22B0008L333050001PJ048', '4813', '43333333.333333', 'D0070003', '330502', '吴兴区', '短期流动资金贷款', 'CBIRCGC20B05060400', 'PBOCGC2020050604', null, null, null, null, null, null, null, null, null, null, null, null, null, null, null, null, null, '2020-12-01');
INSERT INTO `send_green_thr_project_info` VALUES ('1100002704', '杭州分行', 'HZFH25452000000001644', '95B0008S333050002', '95B0008S333050002PJ049', '7810', '37333333.333333', 'D0070003', '330523', '安吉县', '基本建设贷款', 'CBIRCGC20B04030200', 'PBOCGC2020040302', null, null, null, null, null, null, null, null, null, null, null, null, null, null, null, null, null, '2020-12-01');
INSERT INTO `send_green_thr_project_info` VALUES ('1000001400', '杭州分行', 'HZFH25497000000048654', '92B0008L333050001', '92B0008L333050001PJ050', '7810', '20000000.000000', 'D0070003', '330503', '南浔区', '短期流动资金贷款', 'CBIRCGC20B05060400', 'PBOCGC2020050604', null, null, null, null, null, null, null, null, null, null, null, null, null, null, null, null, null, '2020-12-01');
INSERT INTO `send_green_thr_project_info` VALUES ('1100003702', '杭州分行', 'HZFH25452000000002820', '63B0008S333050002', '63B0008S333050002PJ051', '7810', '31666666.666667', 'D0070003', '330523', '安吉县', '基本建设贷款', 'CBIRCGC20B04030200', 'PBOCGC2020040302', null, null, null, null, null, null, null, null, null, null, null, null, null, null, null, null, null, '2020-12-01');
INSERT INTO `send_green_thr_project_info` VALUES ('1000001271', '杭州分行', 'HZFH25456000000008295', '73B0008S333050006', '73B0008S333050006PJ052', '7840', '10000000.000000', 'D0070003', '330521', '德清县', '短期流动资金贷款', 'CBIRCGC20B05060400', 'PBOCGC2020050604', null, null, null, null, null, null, null, null, null, null, null, null, null, null, null, null, null, '2020-12-01');
INSERT INTO `send_green_thr_project_info` VALUES ('1200003681', '杭州分行', 'HZFH25452000000015625', '69B0008S333050002', '69B0008S333050002PJ053', '7810', '35000000.000000', 'D0070003', '330523', '安吉县', '商业承兑汇票保贴（对持票人）', 'CBIRCGC20B05060400', 'PBOCGC2020050604', null, null, null, null, null, null, null, null, null, null, null, null, null, null, null, null, null, '2020-12-01');
INSERT INTO `send_green_thr_project_info` VALUES ('0600000216', '杭州分行', 'HZFH25497000000052116', '106B0008L333050001', '106B0008L333050001PJ054', '4813', '6666666.666667', 'D0070003', '330502', '吴兴区', '短期流动资金贷款', 'CBIRCGC20B05060400', 'PBOCGC2020050604', null, null, null, null, null, null, null, null, null, null, null, null, null, null, null, null, null, '2020-12-01');
INSERT INTO `send_green_thr_project_info` VALUES ('0100000005', '杭州分行', 'HZFH25456000000007676', '34B0008S333050006', '34B0008S333050006PJ055', '8080', '35455000.000000', 'D0070003', '330521', '德清县', '一般性固定资产贷款', 'CBIRCGC20B01061200', 'PBOCGC2020010614', null, null, null, null, null, null, null, null, null, null, null, null, null, null, null, null, null, '2020-12-01');
INSERT INTO `send_green_thr_project_info` VALUES ('0700001497', '杭州分行', 'HZFH25452000000018604', '5B0008S333050002', '5B0008S333050002PJ056', '5296', '6666666.666667', 'D0070003', '330523', '安吉县', '短期流动资金贷款', 'CBIRCGC20B03040500', 'PBOCGC2020030405', null, null, null, null, null, null, null, null, null, null, null, null, null, null, null, null, null, '2020-12-01');
INSERT INTO `send_green_thr_project_info` VALUES ('0100000005', '杭州分行', 'HZFH25456000000004686', '96B0008S333050006', '96B0008S333050006PJ057', '8080', '35455000.000000', 'D0070003', '330521', '德清县', '一般性固定资产贷款', 'CBIRCGC20B01061200', 'PBOCGC2020010614', null, null, null, null, null, null, null, null, null, null, null, null, null, null, null, null, null, '2020-12-01');
INSERT INTO `send_green_thr_project_info` VALUES ('0300001495', '杭州分行', 'HZFH25456000000008794', '58B0008S333050006', '58B0008S333050006PJ058', '7010', '98333333.333333', 'D0070003', '330521', '德清县', '房地产贷款', 'CBIRCGC20B05010202', 'PBOCGC2020050102', null, null, null, null, null, null, null, null, null, null, null, null, null, null, null, null, null, '2020-12-01');
INSERT INTO `send_green_thr_project_info` VALUES ('0700001766', '杭州分行', 'HZFH25497000000047253', '101B0008L333050001', '101B0008L333050001PJ059', '7212', '126666666.666667', 'D0070003', '330502', '吴兴区', '中期流动资金贷款', 'CBIRCGC20B01070200', 'PBOCGC2020010702', null, null, null, null, null, null, null, null, null, null, null, null, null, null, null, null, null, '2020-12-01');
INSERT INTO `send_green_thr_project_info` VALUES ('1200002247', '杭州分行', 'HZFH25497000000021563', '82B0008L333050001', '82B0008L333050001PJ060', '7810', '83110000.000000', 'D0070003', '330503', '南浔区', '基本建设贷款', 'CBIRCGC20B01060200', 'PBOCGC2020010602', null, null, null, null, null, null, null, null, null, null, null, null, null, null, null, null, null, '2020-12-01');
INSERT INTO `send_green_thr_project_info` VALUES ('1100001556', '杭州分行', 'HZFH25456000000008273', '14B0008S333050006', '14B0008S333050006PJ061', '4610', '14666666.666667', 'D0070003', '330521', '德清县', '短期流动资金贷款', 'CBIRCGC20B01061200', 'PBOCGC2020010614', null, null, null, null, null, null, null, null, null, null, null, null, null, null, null, null, null, '2020-12-01');
INSERT INTO `send_green_thr_project_info` VALUES ('0300003878', '杭州分行', 'HZFH25451000000000944', '64B0008S333050001', '64B0008S333050001PJ062', '7869', '14583333.333333', 'D0070003', '330522', '长兴县', '基本建设贷款', 'CBIRCGC20B01060200', 'PBOCGC2020010602', null, null, null, null, null, null, null, null, null, null, null, null, null, null, null, null, null, '2020-12-01');
INSERT INTO `send_green_thr_project_info` VALUES ('0100002824', '杭州分行', 'HZFH25497000000048371', '42B0008L333050001', '42B0008L333050001PJ063', '7212', '80553333.333333', 'D0070003', '330503', '南浔区', '一般性固定资产贷款', 'CBIRCGC20B02010201', 'PBOCGC2020020103', null, null, null, null, null, null, null, null, null, null, null, null, null, null, null, null, null, '2020-12-01');
INSERT INTO `send_green_thr_project_info` VALUES ('1100000449', '杭州分行', 'HZFH25497000000032100', '11B0008L333050001', '11B0008L333050001PJ064', '4620', '33333333.333333', 'D0070003', '330503', '南浔区', '中期流动资金贷款', 'CBIRCGC20B05030101', 'PBOCGC2020050301', null, null, null, null, null, null, null, null, null, null, null, null, null, null, null, null, null, '2020-12-01');
INSERT INTO `send_green_thr_project_info` VALUES ('1000002742', '杭州分行', 'HZFH25456000000010362', '102B0008S333050006', '102B0008S333050006PJ065', '7869', '100000000.000000', 'D0070003', '330521', '德清县', '一般性固定资产贷款', 'CBIRCGC20B01061200', 'PBOCGC2020010614', null, null, null, null, null, null, null, null, null, null, null, null, null, null, null, null, null, '2020-12-01');
INSERT INTO `send_green_thr_project_info` VALUES ('1100001523', '杭州分行', 'HZFH25452000000001633', '18B0008S333050002', '18B0008S333050002PJ066', '0190', '56000000.000000', 'D0070003', '330523', '安吉县', '一般性固定资产贷款', 'CBIRCGC20B04020400', 'PBOCGC2020040204', null, null, null, null, null, null, null, null, null, null, null, null, null, null, null, null, null, '2020-12-01');
INSERT INTO `send_green_thr_project_info` VALUES ('0100002824', '杭州分行', 'HZFH25497000000042471', '4B0008L333050001', '4B0008L333050001PJ067', '7212', '80553333.333333', 'D0070003', '330503', '南浔区', '一般性固定资产贷款', 'CBIRCGC20B02010201', 'PBOCGC2020020103', null, null, null, null, null, null, null, null, null, null, null, null, null, null, null, null, null, '2020-12-01');
INSERT INTO `send_green_thr_project_info` VALUES ('1100003702', '杭州分行', 'HZFH25452000000001757', '77B0008S333050002', '77B0008S333050002PJ068', '7810', '31666666.666667', 'D0070003', '330523', '安吉县', '基本建设贷款', 'CBIRCGC20B04030200', 'PBOCGC2020040302', null, null, null, null, null, null, null, null, null, null, null, null, null, null, null, null, null, '2020-12-01');
INSERT INTO `send_green_thr_project_info` VALUES ('1100002704', '杭州分行', 'HZFH25452000000002570', '1B0008S333050002', '1B0008S333050002PJ069', '7810', '37333333.333333', 'D0070003', '330523', '安吉县', '基本建设贷款', 'CBIRCGC20B04030200', 'PBOCGC2020040302', null, null, null, null, null, null, null, null, null, null, null, null, null, null, null, null, null, '2020-12-01');
INSERT INTO `send_green_thr_project_info` VALUES ('0100000005', '杭州分行', 'HZFH25456000000003886', '108B0008S333050006', '108B0008S333050006PJ070', '8080', '35455000.000000', 'D0070003', '330521', '德清县', '一般性固定资产贷款', 'CBIRCGC20B01061200', 'PBOCGC2020010614', null, null, null, null, null, null, null, null, null, null, null, null, null, null, null, null, null, '2020-12-01');
INSERT INTO `send_green_thr_project_info` VALUES ('0800000052', '杭州分行', 'HZFH25452000000018592', '50B0008S333050002', '50B0008S333050002PJ071', '7810', '16666666.666667', 'D0070003', '330523', '安吉县', '中期流动资金贷款', 'CBIRCGC20B05060500', 'PBOCGC2020050605', null, null, null, null, null, null, null, null, null, null, null, null, null, null, null, null, null, '2020-12-01');
INSERT INTO `send_green_thr_project_info` VALUES ('1100001899', '杭州分行', 'HZFH25456000000009583', '67B0008S333050006', '67B0008S333050006PJ072', '7810', '10000000.000000', 'D0070003', '330521', '德清县', '短期流动资金贷款', '', 'PBOCGC2020060508', null, null, null, null, null, null, null, null, null, null, null, null, null, null, null, null, null, '2020-12-01');
INSERT INTO `send_green_thr_project_info` VALUES ('1000001800', '杭州分行', 'HZFH25497000000050243', '12B0008L333050001', '12B0008L333050001PJ073', '4430', '14000000.000000', 'D0070003', '330503', '南浔区', '短期流动资金贷款', 'CBIRCGC20B05040100', 'PBOCGC2020050401', null, null, null, null, null, null, null, null, null, null, null, null, null, null, null, null, null, '2020-12-01');
INSERT INTO `send_green_thr_project_info` VALUES ('1000002742', '杭州分行', 'HZFH25456000000008976', '71B0008S333050006', '71B0008S333050006PJ074', '7869', '100000000.000000', 'D0070003', '330521', '德清县', '一般性固定资产贷款', 'CBIRCGC20B01061200', 'PBOCGC2020010614', null, null, null, null, null, null, null, null, null, null, null, null, null, null, null, null, null, '2020-12-01');
INSERT INTO `send_green_thr_project_info` VALUES ('0400002614', '杭州分行', 'HZFH25451000000019106', '103B0008S333050001', '103B0008S333050001PJ075', '7810', '50000000.000000', 'D0070003', '330522', '长兴县', '短期流动资金贷款', 'CBIRCGC20B04030600', 'PBOCGC2020040306', null, null, null, null, null, null, null, null, null, null, null, null, null, null, null, null, null, '2020-12-01');
INSERT INTO `send_green_thr_project_info` VALUES ('1100000982', '杭州分行', 'HZFH25497000000050094', '84B0008L333050001', '84B0008L333050001PJ076', '7840', '13333333.333333', 'D0070003', '330503', '南浔区', '短期流动资金贷款', 'CBIRCGC20B05060400', 'PBOCGC2020050604', null, null, null, null, null, null, null, null, null, null, null, null, null, null, null, null, null, '2020-12-01');
INSERT INTO `send_green_thr_project_info` VALUES ('0600000216', '杭州分行', 'HZFH25497000000052127', '19B0008L333050001', '19B0008L333050001PJ077', '4813', '6666666.666667', 'D0070003', '330502', '吴兴区', '短期流动资金贷款', 'CBIRCGC20B05060400', 'PBOCGC2020050604', null, null, null, null, null, null, null, null, null, null, null, null, null, null, null, null, null, '2020-12-01');
INSERT INTO `send_green_thr_project_info` VALUES ('0200002347', '杭州分行', 'HZFH25452000000014575', '46B0008S333050002', '46B0008S333050002PJ078', '2720', '17000000.000000', 'D0070003', '330523', '安吉县', '短期流动资金贷款', 'CBIRCGC20B02020100', 'PBOCGC2020020201', null, null, null, null, null, null, null, null, null, null, null, null, null, null, null, null, null, '2020-12-01');
INSERT INTO `send_green_thr_project_info` VALUES ('0500001393', '杭州分行', 'HZFH25452000000004486', '68B0008S333050002', '68B0008S333050002PJ079', '5090', '47220000.000000', 'D0070003', '330523', '安吉县', '基本建设贷款', 'CBIRCGC20B01060100', 'PBOCGC2020010601', null, null, null, null, null, null, null, null, null, null, null, null, null, null, null, null, null, '2020-12-01');
INSERT INTO `send_green_thr_project_info` VALUES ('0700002173', '杭州分行', 'HZFH25452000000005162', '26B0008S333050002', '26B0008S333050002PJ080', '4416', '28720440.000000', 'D0070003', '330523', '安吉县', '一般性固定资产贷款', 'CBIRCGC20B03020200', 'PBOCGC2020030202', null, null, null, null, null, null, null, null, null, null, null, null, null, null, null, null, null, '2020-12-01');
INSERT INTO `send_green_thr_project_info` VALUES ('0900001365', '杭州分行', 'HZFH25452000000005184', '31B0008S333050002', '31B0008S333050002PJ081', '0212', '90466666.666667', 'D0070003', '330523', '安吉县', '基本建设贷款', 'CBIRCGC20B04030500', 'PBOCGC2020040305', null, null, null, null, null, null, null, null, null, null, null, null, null, null, null, null, null, '2020-12-01');
INSERT INTO `send_green_thr_project_info` VALUES ('1100000941', '杭州分行', 'HZFH25497000000013018', '53B0008L333050001', '53B0008L333050001PJ082', '7810', '283333333.333333', 'D0070003', '330502', '吴兴区', '基本建设贷款', 'CBIRCGC20B04030900', 'PBOCGC2020040309', null, null, null, null, null, null, null, null, null, null, null, null, null, null, null, null, null, '2020-12-01');
INSERT INTO `send_green_thr_project_info` VALUES ('0000006647', '杭州分行', 'HZFH25451000000019515', '54B0008S333050001', '54B0008S333050001PJ083', '5164', '29666666.666667', 'D0070003', '330522', '长兴县', '小企业流动资金贷款', 'CBIRCGC20B01070200', 'PBOCGC2020010702', null, null, null, null, null, null, null, null, null, null, null, null, null, null, null, null, null, '2020-12-01');
INSERT INTO `send_green_thr_project_info` VALUES ('1100002057', '杭州分行', 'HZFH25452000000011198', '2B0008S333050002', '2B0008S333050002PJ084', '4891', '50000000.000000', 'D0070003', '330523', '安吉县', '中期流动资金贷款', 'CBIRCGC20B05060400', 'PBOCGC2020050604', null, null, null, null, null, null, null, null, null, null, null, null, null, null, null, null, null, '2020-12-01');
INSERT INTO `send_green_thr_project_info` VALUES ('1100003197', '杭州分行', 'HZFH25452000000007352', '8B0008S333050002', '8B0008S333050002PJ085', '4813', '66666666.666667', 'D0070003', '330523', '安吉县', '中期流动资金贷款', 'CBIRCGC20B05060400', 'PBOCGC2020050604', null, null, null, null, null, null, null, null, null, null, null, null, null, null, null, null, null, '2020-12-01');
INSERT INTO `send_green_thr_project_info` VALUES ('1200001697', '杭州分行', 'HZFH25456000000003682', '94B0008S333050006', '94B0008S333050006PJ086', '7810', '50000000.000000', 'D0070003', '330521', '德清县', '中期流动资金贷款', 'CBIRCGC20B05060400', 'PBOCGC2020050604', null, null, null, null, null, null, null, null, null, null, null, null, null, null, null, null, null, '2020-12-01');
INSERT INTO `send_green_thr_project_info` VALUES ('1100001187', '杭州分行', 'HZFH25456000000008193', '61B0008S333050006', '61B0008S333050006PJ087', '7810', '10000000.000000', 'D0070003', '330521', '德清县', '短期流动资金贷款', 'CBIRCGC20B05060400', 'PBOCGC2020050604', null, null, null, null, null, null, null, null, null, null, null, null, null, null, null, null, null, '2020-12-01');
INSERT INTO `send_green_thr_project_info` VALUES ('0100002824', '杭州分行', 'HZFH25497000000041909', '33B0008L333050001', '33B0008L333050001PJ088', '7212', '80553333.333333', 'D0070003', '330503', '南浔区', '一般性固定资产贷款', 'CBIRCGC20B02010201', 'PBOCGC2020020103', null, null, null, null, null, null, null, null, null, null, null, null, null, null, null, null, null, '2020-12-01');
INSERT INTO `send_green_thr_project_info` VALUES ('0600001656', '杭州分行', 'HZFH25451000000019388', '39B0008S333050001', '39B0008S333050001PJ089', '5165', '16666666.666667', 'D0070003', '330522', '长兴县', '短期流动资金贷款', '', 'PBOCGC2020060508', null, null, null, null, null, null, null, null, null, null, null, null, null, null, null, null, null, '2020-12-01');
INSERT INTO `send_green_thr_project_info` VALUES ('1200001427', '杭州分行', 'HZFH25452000000002762', '75B0008S333050002', '75B0008S333050002PJ090', '7810', '43800000.000000', 'D0070003', '330523', '安吉县', '基本建设贷款', 'CBIRCGC20B04030200', 'PBOCGC2020040302', null, null, null, null, null, null, null, null, null, null, null, null, null, null, null, null, null, '2020-12-01');
INSERT INTO `send_green_thr_project_info` VALUES ('1100000941', '杭州分行', 'HZFH25497000000013507', '98B0008L333050001', '98B0008L333050001PJ091', '7810', '283333333.333333', 'D0070003', '330502', '吴兴区', '基本建设贷款', 'CBIRCGC20B04030900', 'PBOCGC2020040309', null, null, null, null, null, null, null, null, null, null, null, null, null, null, null, null, null, '2020-12-01');
INSERT INTO `send_green_thr_project_info` VALUES ('0800001006', '杭州分行', 'HZFH25451000000001574', '93B0008S333050001', '93B0008S333050001PJ092', '4899', '8333333.333333', 'D0070003', '330522', '长兴县', '基本建设贷款', 'CBIRCGC20B01061200', 'PBOCGC2020010614', null, null, null, null, null, null, null, null, null, null, null, null, null, null, null, null, null, '2020-12-01');
INSERT INTO `send_green_thr_project_info` VALUES ('0800002738', '杭州分行', 'HZFH25452000000001269', '3B0008S333050002', '3B0008S333050002PJ093', '7690', '26666666.666667', 'D0070003', '330523', '安吉县', '基本建设贷款', '', 'PBOCGC2020050305', null, null, null, null, null, null, null, null, null, null, null, null, null, null, null, null, null, '2020-12-01');
INSERT INTO `send_green_thr_project_info` VALUES ('0300000958', '杭州分行', 'HZFH25451000000014618', '48B0008S333050001', '48B0008S333050001PJ094', '7810', '66666666.666667', 'D0070003', '330522', '长兴县', '基本建设贷款', 'CBIRCGC20B02040200', '', null, null, null, null, null, null, null, null, null, null, null, null, null, null, null, null, null, '2020-12-01');
INSERT INTO `send_green_thr_project_info` VALUES ('1000001924', '杭州分行', 'HZFH25456000000008932', '99B0008S333050006', '99B0008S333050006PJ095', '4610', '8333333.333333', 'D0070003', '330521', '德清县', '短期流动资金贷款', 'CBIRCGC20B01061200', 'PBOCGC2020010614', null, null, null, null, null, null, null, null, null, null, null, null, null, null, null, null, null, '2020-12-01');
INSERT INTO `send_green_thr_project_info` VALUES ('0300000958', '杭州分行', 'HZFH25451000000018294', '110B0008S333050001', '110B0008S333050001PJ096', '7810', '66666666.666667', 'D0070003', '330522', '长兴县', '基本建设贷款', 'CBIRCGC20B02040200', '', null, null, null, null, null, null, null, null, null, null, null, null, null, null, null, null, null, '2020-12-01');
INSERT INTO `send_green_thr_project_info` VALUES ('1100000809', '杭州分行', 'HZFH25452000000014847', '57B0008S333050002', '57B0008S333050002PJ097', '7810', '33333333.333333', 'D0070003', '330523', '安吉县', '中期流动资金贷款', 'CBIRCGC20B01061200', 'PBOCGC2020010614', null, null, null, null, null, null, null, null, null, null, null, null, null, null, null, null, null, '2020-12-01');
INSERT INTO `send_green_thr_project_info` VALUES ('1200003629', '杭州分行', 'HZFH25452000000016118', '15B0008S333050002', '15B0008S333050002PJ098', '4790', '33333333.333333', 'D0070003', '330523', '安吉县', '商业承兑汇票保贴（对持票人）', 'CBIRCGC20B01061200', 'PBOCGC2020010614', null, null, null, null, null, null, null, null, null, null, null, null, null, null, null, null, null, '2020-12-01');
INSERT INTO `send_green_thr_project_info` VALUES ('1200000770', '杭州分行', 'HZFH25497000000013063', '60B0008L333050001', '60B0008L333050001PJ099', '7810', '40000000.000000', 'D0070003', '330502', '吴兴区', '基本建设贷款', 'CBIRCGC20B04030200', 'PBOCGC2020040302', null, null, null, null, null, null, null, null, null, null, null, null, null, null, null, null, null, '2020-12-01');
INSERT INTO `send_green_thr_project_info` VALUES ('0800002738', '杭州分行', 'HZFH25452000000001622', '27B0008S333050002', '27B0008S333050002PJ100', '7690', '26666666.666667', 'D0070003', '330523', '安吉县', '基本建设贷款', '', 'PBOCGC2020050305', null, null, null, null, null, null, null, null, null, null, null, null, null, null, null, null, null, '2020-12-01');
INSERT INTO `send_green_thr_project_info` VALUES ('1200001489', '杭州分行', 'HZFH25456000000008433', '79B0008S333050006', '79B0008S333050006PJ101', '7840', '10666666.666667', 'D0070003', '330521', '德清县', '短期流动资金贷款', '', 'PBOCGC2020040104', null, null, null, null, null, null, null, null, null, null, null, null, null, null, null, null, null, '2020-12-01');
INSERT INTO `send_green_thr_project_info` VALUES ('1100002704', '杭州分行', 'HZFH25452000000003120', '9B0008S333050002', '9B0008S333050002PJ102', '7810', '37333333.333333', 'D0070003', '330523', '安吉县', '基本建设贷款', 'CBIRCGC20B04030200', 'PBOCGC2020040302', null, null, null, null, null, null, null, null, null, null, null, null, null, null, null, null, null, '2020-12-01');
INSERT INTO `send_green_thr_project_info` VALUES ('0300000958', '杭州分行', 'HZFH25451000000015690', '80B0008S333050001', '80B0008S333050001PJ103', '7810', '66666666.666667', 'D0070003', '330522', '长兴县', '基本建设贷款', 'CBIRCGC20B02040200', '', null, null, null, null, null, null, null, null, null, null, null, null, null, null, null, null, null, '2020-12-01');
INSERT INTO `send_green_thr_project_info` VALUES ('1000001007', '杭州分行', 'HZFH25456000000000148', '97B0008S333050006', '97B0008S333050006PJ104', '7810', '31666666.666667', 'D0070003', '330521', '德清县', '基本建设贷款', 'CBIRCGC20B01060200', 'PBOCGC2020010602', null, null, null, null, null, null, null, null, null, null, null, null, null, null, null, null, null, '2020-12-01');
INSERT INTO `send_green_thr_project_info` VALUES ('0700001766', '杭州分行', 'HZFH25497000000047593', '32B0008L333050001', '32B0008L333050001PJ105', '7212', '126666666.666667', 'D0070003', '330502', '吴兴区', '中期流动资金贷款', 'CBIRCGC20B01070200', 'PBOCGC2020010702', null, null, null, null, null, null, null, null, null, null, null, null, null, null, null, null, null, '2020-12-01');
INSERT INTO `send_green_thr_project_info` VALUES ('0900001365', '杭州分行', 'HZFH25452000000004419', '35B0008S333050002', '35B0008S333050002PJ106', '0212', '90466666.666667', 'D0070003', '330523', '安吉县', '基本建设贷款', 'CBIRCGC20B04030500', 'PBOCGC2020040305', null, null, null, null, null, null, null, null, null, null, null, null, null, null, null, null, null, '2020-12-01');
INSERT INTO `send_green_thr_project_info` VALUES ('0300001495', '杭州分行', 'HZFH25456000000009130', '43B0008S333050006', '43B0008S333050006PJ107', '7010', '98333333.333333', 'D0070003', '330521', '德清县', '房地产贷款', 'CBIRCGC20B05010202', 'PBOCGC2020050102', null, null, null, null, null, null, null, null, null, null, null, null, null, null, null, null, null, '2020-12-01');
INSERT INTO `send_green_thr_project_info` VALUES ('1100003702', '杭州分行', 'HZFH25452000000002592', '37B0008S333050002', '37B0008S333050002PJ108', '7810', '31666666.666667', 'D0070003', '330523', '安吉县', '基本建设贷款', 'CBIRCGC20B04030200', 'PBOCGC2020040302', null, null, null, null, null, null, null, null, null, null, null, null, null, null, null, null, null, '2020-12-01');
INSERT INTO `send_green_thr_project_info` VALUES ('0100000574', '杭州分行', 'HZFH25497000000050083', '47B0008L333050001', '47B0008L333050001PJ109', '7810', '6666666.666667', 'D0070003', '330502', '吴兴区', '短期流动资金贷款', 'CBIRCGC20B05060400', 'PBOCGC2020050604', null, null, null, null, null, null, null, null, null, null, null, null, null, null, null, null, null, '2020-12-01');
INSERT INTO `send_green_thr_project_info` VALUES ('0100000005', '杭州分行', 'HZFH25456000000003116', '23B0008S333050006', '23B0008S333050006PJ110', '8080', '35455000.000000', 'D0070003', '330521', '德清县', '一般性固定资产贷款', 'CBIRCGC20B01061200', 'PBOCGC2020010614', null, null, null, null, null, null, null, null, null, null, null, null, null, null, null, null, null, '2020-12-01');

-- ----------------------------
-- Table structure for `send_green_thr_safeinfo`
-- ----------------------------
DROP TABLE IF EXISTS `send_green_thr_safeinfo`;
CREATE TABLE `send_green_thr_safeinfo` (
  `organization` varchar(200) DEFAULT NULL COMMENT '机构 ',
  `businessTypeCd` varchar(200) DEFAULT NULL COMMENT '报送业务场景',
  `customerNo` varchar(200) DEFAULT NULL COMMENT '客户唯一编号',
  `customerTypeCd` varchar(200) DEFAULT NULL COMMENT '客户类型',
  `businessOrg` varchar(200) DEFAULT NULL COMMENT '业务发生机构',
  `riskTypeCd` varchar(200) DEFAULT NULL COMMENT '风险分类',
  `involvedDate` varchar(200) DEFAULT NULL COMMENT '风险发生日期',
  `involvedDesc` varchar(200) DEFAULT NULL COMMENT '风险描述',
  `involvedReasonNo` varchar(200) DEFAULT NULL COMMENT '风险事由标识号',
  `dealDate` varchar(200) DEFAULT NULL COMMENT '风险处置日期',
  `dealMeasure` varchar(200) DEFAULT NULL COMMENT '风险处置措施',
  `isOverReform` varchar(200) DEFAULT NULL COMMENT '是否已完成整改',
  `reformOverDate` varchar(200) DEFAULT NULL COMMENT '整改完成日期',
  `businessDate` varchar(200) DEFAULT NULL COMMENT '信息变更日',
  `gdate` varchar(200) DEFAULT NULL COMMENT '增量日期 yyyyMMdd'
) ENGINE=InnoDB DEFAULT CHARSET=utf8;

-- ----------------------------
-- Records of send_green_thr_safeinfo
-- ----------------------------

-- ----------------------------
-- Table structure for `send_green_thr_sended_info`
-- ----------------------------
DROP TABLE IF EXISTS `send_green_thr_sended_info`;
CREATE TABLE `send_green_thr_sended_info` (
  `loanNo` varchar(200) DEFAULT NULL COMMENT '借据号',
  `cnapsname` varchar(200) DEFAULT NULL COMMENT '业务经营机构',
  `personalName` varchar(200) DEFAULT NULL COMMENT '承贷主体',
  `xmrz` varchar(200) DEFAULT NULL COMMENT '融资项目',
  `customerTypeCd` varchar(200) DEFAULT NULL COMMENT '承贷主体类型',
  `loanKindCd` varchar(200) DEFAULT NULL COMMENT '贷款类型',
  `loanAmount` varchar(200) DEFAULT NULL COMMENT '贷款金额(万元)',
  `loanBalance` varchar(200) DEFAULT NULL COMMENT '贷款余额(万元)',
  `pbcGreenname` varchar(200) DEFAULT NULL COMMENT '人行绿色认定分类',
  `cbrcGreenname` varchar(200) DEFAULT NULL COMMENT '银保监绿色认定认定分类',
  `localGreenname` varchar(200) DEFAULT NULL COMMENT '地方标准绿色认定分类',
  `loanDate` varchar(200) DEFAULT NULL COMMENT '放款日',
  `expiringDate` varchar(200) DEFAULT NULL COMMENT '到期日',
  `latestRepaydate` varchar(200) DEFAULT NULL COMMENT '最近还款日',
  `overdueDate` varchar(200) DEFAULT NULL COMMENT '逾期日',
  `overBalance` varchar(200) DEFAULT NULL COMMENT '逾期金额(万元)',
  `fiveLevelCd` varchar(200) DEFAULT NULL COMMENT '五级分类',
  `fiveLevelChgDate` varchar(200) DEFAULT NULL COMMENT '五级分类变更日',
  `guaranteeMethodCd` varchar(200) DEFAULT NULL COMMENT '担保方式',
  `assurechadate` varchar(200) DEFAULT NULL COMMENT '担保变更日',
  `pledgeReloanState` varchar(200) DEFAULT NULL COMMENT '质押再贷款状态',
  `pledgeReloanChgDate` varchar(200) DEFAULT NULL COMMENT '质押再贷款状态变更日',
  `pledgeReexpdate` varchar(200) DEFAULT NULL COMMENT '质押到期日',
  `interestRate` varchar(200) DEFAULT NULL COMMENT '执行利率',
  `ratechadate` varchar(200) DEFAULT NULL COMMENT '利率变更日',
  `greenDecidedDate` varchar(200) DEFAULT NULL COMMENT '绿色认定日',
  `senddate` varchar(200) DEFAULT NULL COMMENT '最近报送日',
  `businessDate` varchar(200) DEFAULT NULL COMMENT '业务日期'
) ENGINE=InnoDB DEFAULT CHARSET=utf8;

-- ----------------------------
-- Records of send_green_thr_sended_info
-- ----------------------------
INSERT INTO `send_green_thr_sended_info` VALUES ('25497000000052003', null, null, null, null, null, null, null, null, null, null, null, null, null, null, null, null, null, null, null, null, null, null, null, null, null, null, null);
INSERT INTO `send_green_thr_sended_info` VALUES ('25451000000019515', null, null, null, null, null, null, null, null, null, null, null, null, null, null, null, null, null, null, null, null, null, null, null, null, null, null, null);
INSERT INTO `send_green_thr_sended_info` VALUES ('25497000000051791', null, null, null, null, null, null, null, null, null, null, null, null, null, null, null, null, null, null, null, null, null, null, null, null, null, null, null);
INSERT INTO `send_green_thr_sended_info` VALUES ('25497000000051780', null, null, null, null, null, null, null, null, null, null, null, null, null, null, null, null, null, null, null, null, null, null, null, null, null, null, null);
INSERT INTO `send_green_thr_sended_info` VALUES ('25451000000019377', null, null, null, null, null, null, null, null, null, null, null, null, null, null, null, null, null, null, null, null, null, null, null, null, null, null, null);
INSERT INTO `send_green_thr_sended_info` VALUES ('25451000000019388', null, null, null, null, null, null, null, null, null, null, null, null, null, null, null, null, null, null, null, null, null, null, null, null, null, null, null);
INSERT INTO `send_green_thr_sended_info` VALUES ('25456000000009130', null, null, null, null, null, null, null, null, null, null, null, null, null, null, null, null, null, null, null, null, null, null, null, null, null, null, null);
INSERT INTO `send_green_thr_sended_info` VALUES ('25451000000019106', null, null, null, null, null, null, null, null, null, null, null, null, null, null, null, null, null, null, null, null, null, null, null, null, null, null, null);
INSERT INTO `send_green_thr_sended_info` VALUES ('25456000000008976', null, null, null, null, null, null, null, null, null, null, null, null, null, null, null, null, null, null, null, null, null, null, null, null, null, null, null);
INSERT INTO `send_green_thr_sended_info` VALUES ('25456000000008932', null, null, null, null, null, null, null, null, null, null, null, null, null, null, null, null, null, null, null, null, null, null, null, null, null, null, null);
INSERT INTO `send_green_thr_sended_info` VALUES ('25452000000016118', null, null, null, null, null, null, null, null, null, null, null, null, null, null, null, null, null, null, null, null, null, null, null, null, null, null, null);
INSERT INTO `send_green_thr_sended_info` VALUES ('25456000000008794', null, null, null, null, null, null, null, null, null, null, null, null, null, null, null, null, null, null, null, null, null, null, null, null, null, null, null);
INSERT INTO `send_green_thr_sended_info` VALUES ('25451000000018294', null, null, null, null, null, null, null, null, null, null, null, null, null, null, null, null, null, null, null, null, null, null, null, null, null, null, null);
INSERT INTO `send_green_thr_sended_info` VALUES ('25452000000015705', null, null, null, null, null, null, null, null, null, null, null, null, null, null, null, null, null, null, null, null, null, null, null, null, null, null, null);
INSERT INTO `send_green_thr_sended_info` VALUES ('25451000000017915', null, null, null, null, null, null, null, null, null, null, null, null, null, null, null, null, null, null, null, null, null, null, null, null, null, null, null);
INSERT INTO `send_green_thr_sended_info` VALUES ('25451000000017904', null, null, null, null, null, null, null, null, null, null, null, null, null, null, null, null, null, null, null, null, null, null, null, null, null, null, null);
INSERT INTO `send_green_thr_sended_info` VALUES ('25497000000050243', null, null, null, null, null, null, null, null, null, null, null, null, null, null, null, null, null, null, null, null, null, null, null, null, null, null, null);
INSERT INTO `send_green_thr_sended_info` VALUES ('25451000000017846', null, null, null, null, null, null, null, null, null, null, null, null, null, null, null, null, null, null, null, null, null, null, null, null, null, null, null);
INSERT INTO `send_green_thr_sended_info` VALUES ('25497000000050083', null, null, null, null, null, null, null, null, null, null, null, null, null, null, null, null, null, null, null, null, null, null, null, null, null, null, null);
INSERT INTO `send_green_thr_sended_info` VALUES ('25497000000050016', null, null, null, null, null, null, null, null, null, null, null, null, null, null, null, null, null, null, null, null, null, null, null, null, null, null, null);
INSERT INTO `send_green_thr_sended_info` VALUES ('25456000000008433', null, null, null, null, null, null, null, null, null, null, null, null, null, null, null, null, null, null, null, null, null, null, null, null, null, null, null);
INSERT INTO `send_green_thr_sended_info` VALUES ('25456000000008353', null, null, null, null, null, null, null, null, null, null, null, null, null, null, null, null, null, null, null, null, null, null, null, null, null, null, null);
INSERT INTO `send_green_thr_sended_info` VALUES ('25456000000008295', null, null, null, null, null, null, null, null, null, null, null, null, null, null, null, null, null, null, null, null, null, null, null, null, null, null, null);
INSERT INTO `send_green_thr_sended_info` VALUES ('25451000000017303', null, null, null, null, null, null, null, null, null, null, null, null, null, null, null, null, null, null, null, null, null, null, null, null, null, null, null);
INSERT INTO `send_green_thr_sended_info` VALUES ('25497000000048654', null, null, null, null, null, null, null, null, null, null, null, null, null, null, null, null, null, null, null, null, null, null, null, null, null, null, null);
INSERT INTO `send_green_thr_sended_info` VALUES ('25456000000008273', null, null, null, null, null, null, null, null, null, null, null, null, null, null, null, null, null, null, null, null, null, null, null, null, null, null, null);
INSERT INTO `send_green_thr_sended_info` VALUES ('25452000000014916', null, null, null, null, null, null, null, null, null, null, null, null, null, null, null, null, null, null, null, null, null, null, null, null, null, null, null);
INSERT INTO `send_green_thr_sended_info` VALUES ('25452000000014847', null, null, null, null, null, null, null, null, null, null, null, null, null, null, null, null, null, null, null, null, null, null, null, null, null, null, null);
INSERT INTO `send_green_thr_sended_info` VALUES ('25497000000048371', null, null, null, null, null, null, null, null, null, null, null, null, null, null, null, null, null, null, null, null, null, null, null, null, null, null, null);
INSERT INTO `send_green_thr_sended_info` VALUES ('25452000000014789', null, null, null, null, null, null, null, null, null, null, null, null, null, null, null, null, null, null, null, null, null, null, null, null, null, null, null);
INSERT INTO `send_green_thr_sended_info` VALUES ('25456000000008217', null, null, null, null, null, null, null, null, null, null, null, null, null, null, null, null, null, null, null, null, null, null, null, null, null, null, null);
INSERT INTO `send_green_thr_sended_info` VALUES ('25452000000014575', null, null, null, null, null, null, null, null, null, null, null, null, null, null, null, null, null, null, null, null, null, null, null, null, null, null, null);
INSERT INTO `send_green_thr_sended_info` VALUES ('25451000000015690', null, null, null, null, null, null, null, null, null, null, null, null, null, null, null, null, null, null, null, null, null, null, null, null, null, null, null);
INSERT INTO `send_green_thr_sended_info` VALUES ('25497000000047117', null, null, null, null, null, null, null, null, null, null, null, null, null, null, null, null, null, null, null, null, null, null, null, null, null, null, null);
INSERT INTO `send_green_thr_sended_info` VALUES ('25456000000007676', null, null, null, null, null, null, null, null, null, null, null, null, null, null, null, null, null, null, null, null, null, null, null, null, null, null, null);
INSERT INTO `send_green_thr_sended_info` VALUES ('25451000000015442', null, null, null, null, null, null, null, null, null, null, null, null, null, null, null, null, null, null, null, null, null, null, null, null, null, null, null);
INSERT INTO `send_green_thr_sended_info` VALUES ('25452000000013627', null, null, null, null, null, null, null, null, null, null, null, null, null, null, null, null, null, null, null, null, null, null, null, null, null, null, null);
INSERT INTO `send_green_thr_sended_info` VALUES ('25456000000007406', null, null, null, null, null, null, null, null, null, null, null, null, null, null, null, null, null, null, null, null, null, null, null, null, null, null, null);
INSERT INTO `send_green_thr_sended_info` VALUES ('25497000000045631', null, null, null, null, null, null, null, null, null, null, null, null, null, null, null, null, null, null, null, null, null, null, null, null, null, null, null);
INSERT INTO `send_green_thr_sended_info` VALUES ('25497000000045642', null, null, null, null, null, null, null, null, null, null, null, null, null, null, null, null, null, null, null, null, null, null, null, null, null, null, null);
INSERT INTO `send_green_thr_sended_info` VALUES ('25451000000014618', null, null, null, null, null, null, null, null, null, null, null, null, null, null, null, null, null, null, null, null, null, null, null, null, null, null, null);
INSERT INTO `send_green_thr_sended_info` VALUES ('25497000000042471', null, null, null, null, null, null, null, null, null, null, null, null, null, null, null, null, null, null, null, null, null, null, null, null, null, null, null);
INSERT INTO `send_green_thr_sended_info` VALUES ('25497000000041909', null, null, null, null, null, null, null, null, null, null, null, null, null, null, null, null, null, null, null, null, null, null, null, null, null, null, null);
INSERT INTO `send_green_thr_sended_info` VALUES ('25452000000011198', null, null, null, null, null, null, null, null, null, null, null, null, null, null, null, null, null, null, null, null, null, null, null, null, null, null, null);
INSERT INTO `send_green_thr_sended_info` VALUES ('25452000000011085', null, null, null, null, null, null, null, null, null, null, null, null, null, null, null, null, null, null, null, null, null, null, null, null, null, null, null);
INSERT INTO `send_green_thr_sended_info` VALUES ('25452000000010207', null, null, null, null, null, null, null, null, null, null, null, null, null, null, null, null, null, null, null, null, null, null, null, null, null, null, null);
INSERT INTO `send_green_thr_sended_info` VALUES ('25456000000004686', null, null, null, null, null, null, null, null, null, null, null, null, null, null, null, null, null, null, null, null, null, null, null, null, null, null, null);
INSERT INTO `send_green_thr_sended_info` VALUES ('25497000000034786', null, null, null, null, null, null, null, null, null, null, null, null, null, null, null, null, null, null, null, null, null, null, null, null, null, null, null);
INSERT INTO `send_green_thr_sended_info` VALUES ('25497000000034414', null, null, null, null, null, null, null, null, null, null, null, null, null, null, null, null, null, null, null, null, null, null, null, null, null, null, null);
INSERT INTO `send_green_thr_sended_info` VALUES ('25497000000033409', null, null, null, null, null, null, null, null, null, null, null, null, null, null, null, null, null, null, null, null, null, null, null, null, null, null, null);
INSERT INTO `send_green_thr_sended_info` VALUES ('25497000000032869', null, null, null, null, null, null, null, null, null, null, null, null, null, null, null, null, null, null, null, null, null, null, null, null, null, null, null);
INSERT INTO `send_green_thr_sended_info` VALUES ('25497000000032858', null, null, null, null, null, null, null, null, null, null, null, null, null, null, null, null, null, null, null, null, null, null, null, null, null, null, null);
INSERT INTO `send_green_thr_sended_info` VALUES ('25497000000032847', null, null, null, null, null, null, null, null, null, null, null, null, null, null, null, null, null, null, null, null, null, null, null, null, null, null, null);
INSERT INTO `send_green_thr_sended_info` VALUES ('25497000000032870', null, null, null, null, null, null, null, null, null, null, null, null, null, null, null, null, null, null, null, null, null, null, null, null, null, null, null);
INSERT INTO `send_green_thr_sended_info` VALUES ('25497000000032723', null, null, null, null, null, null, null, null, null, null, null, null, null, null, null, null, null, null, null, null, null, null, null, null, null, null, null);
INSERT INTO `send_green_thr_sended_info` VALUES ('25497000000032712', null, null, null, null, null, null, null, null, null, null, null, null, null, null, null, null, null, null, null, null, null, null, null, null, null, null, null);
INSERT INTO `send_green_thr_sended_info` VALUES ('25497000000032632', null, null, null, null, null, null, null, null, null, null, null, null, null, null, null, null, null, null, null, null, null, null, null, null, null, null, null);
INSERT INTO `send_green_thr_sended_info` VALUES ('25497000000032621', null, null, null, null, null, null, null, null, null, null, null, null, null, null, null, null, null, null, null, null, null, null, null, null, null, null, null);
INSERT INTO `send_green_thr_sended_info` VALUES ('25497000000032643', null, null, null, null, null, null, null, null, null, null, null, null, null, null, null, null, null, null, null, null, null, null, null, null, null, null, null);
INSERT INTO `send_green_thr_sended_info` VALUES ('25497000000032676', null, null, null, null, null, null, null, null, null, null, null, null, null, null, null, null, null, null, null, null, null, null, null, null, null, null, null);
INSERT INTO `send_green_thr_sended_info` VALUES ('25497000000032654', null, null, null, null, null, null, null, null, null, null, null, null, null, null, null, null, null, null, null, null, null, null, null, null, null, null, null);
INSERT INTO `send_green_thr_sended_info` VALUES ('25497000000032406', null, null, null, null, null, null, null, null, null, null, null, null, null, null, null, null, null, null, null, null, null, null, null, null, null, null, null);
INSERT INTO `send_green_thr_sended_info` VALUES ('25456000000003886', null, null, null, null, null, null, null, null, null, null, null, null, null, null, null, null, null, null, null, null, null, null, null, null, null, null, null);
INSERT INTO `send_green_thr_sended_info` VALUES ('25497000000032100', null, null, null, null, null, null, null, null, null, null, null, null, null, null, null, null, null, null, null, null, null, null, null, null, null, null, null);
INSERT INTO `send_green_thr_sended_info` VALUES ('25451000000008343', null, null, null, null, null, null, null, null, null, null, null, null, null, null, null, null, null, null, null, null, null, null, null, null, null, null, null);
INSERT INTO `send_green_thr_sended_info` VALUES ('25497000000031559', null, null, null, null, null, null, null, null, null, null, null, null, null, null, null, null, null, null, null, null, null, null, null, null, null, null, null);
INSERT INTO `send_green_thr_sended_info` VALUES ('25497000000031548', null, null, null, null, null, null, null, null, null, null, null, null, null, null, null, null, null, null, null, null, null, null, null, null, null, null, null);
INSERT INTO `send_green_thr_sended_info` VALUES ('25497000000031560', null, null, null, null, null, null, null, null, null, null, null, null, null, null, null, null, null, null, null, null, null, null, null, null, null, null, null);
INSERT INTO `send_green_thr_sended_info` VALUES ('25451000000008218', null, null, null, null, null, null, null, null, null, null, null, null, null, null, null, null, null, null, null, null, null, null, null, null, null, null, null);
INSERT INTO `send_green_thr_sended_info` VALUES ('25451000000008241', null, null, null, null, null, null, null, null, null, null, null, null, null, null, null, null, null, null, null, null, null, null, null, null, null, null, null);
INSERT INTO `send_green_thr_sended_info` VALUES ('25456000000003682', null, null, null, null, null, null, null, null, null, null, null, null, null, null, null, null, null, null, null, null, null, null, null, null, null, null, null);
INSERT INTO `send_green_thr_sended_info` VALUES ('25451000000008014', null, null, null, null, null, null, null, null, null, null, null, null, null, null, null, null, null, null, null, null, null, null, null, null, null, null, null);
INSERT INTO `send_green_thr_sended_info` VALUES ('25451000000008036', null, null, null, null, null, null, null, null, null, null, null, null, null, null, null, null, null, null, null, null, null, null, null, null, null, null, null);
INSERT INTO `send_green_thr_sended_info` VALUES ('25451000000008003', null, null, null, null, null, null, null, null, null, null, null, null, null, null, null, null, null, null, null, null, null, null, null, null, null, null, null);
INSERT INTO `send_green_thr_sended_info` VALUES ('25451000000008069', null, null, null, null, null, null, null, null, null, null, null, null, null, null, null, null, null, null, null, null, null, null, null, null, null, null, null);
INSERT INTO `send_green_thr_sended_info` VALUES ('25451000000008025', null, null, null, null, null, null, null, null, null, null, null, null, null, null, null, null, null, null, null, null, null, null, null, null, null, null, null);
INSERT INTO `send_green_thr_sended_info` VALUES ('25451000000008058', null, null, null, null, null, null, null, null, null, null, null, null, null, null, null, null, null, null, null, null, null, null, null, null, null, null, null);
INSERT INTO `send_green_thr_sended_info` VALUES ('25451000000008047', null, null, null, null, null, null, null, null, null, null, null, null, null, null, null, null, null, null, null, null, null, null, null, null, null, null, null);
INSERT INTO `send_green_thr_sended_info` VALUES ('25452000000007352', null, null, null, null, null, null, null, null, null, null, null, null, null, null, null, null, null, null, null, null, null, null, null, null, null, null, null);
INSERT INTO `send_green_thr_sended_info` VALUES ('25451000000007973', null, null, null, null, null, null, null, null, null, null, null, null, null, null, null, null, null, null, null, null, null, null, null, null, null, null, null);
INSERT INTO `send_green_thr_sended_info` VALUES ('25451000000007984', null, null, null, null, null, null, null, null, null, null, null, null, null, null, null, null, null, null, null, null, null, null, null, null, null, null, null);
INSERT INTO `send_green_thr_sended_info` VALUES ('25451000000007995', null, null, null, null, null, null, null, null, null, null, null, null, null, null, null, null, null, null, null, null, null, null, null, null, null, null, null);
INSERT INTO `send_green_thr_sended_info` VALUES ('25451000000007871', null, null, null, null, null, null, null, null, null, null, null, null, null, null, null, null, null, null, null, null, null, null, null, null, null, null, null);
INSERT INTO `send_green_thr_sended_info` VALUES ('25451000000007826', null, null, null, null, null, null, null, null, null, null, null, null, null, null, null, null, null, null, null, null, null, null, null, null, null, null, null);
INSERT INTO `send_green_thr_sended_info` VALUES ('25451000000007848', null, null, null, null, null, null, null, null, null, null, null, null, null, null, null, null, null, null, null, null, null, null, null, null, null, null, null);
INSERT INTO `send_green_thr_sended_info` VALUES ('25451000000007837', null, null, null, null, null, null, null, null, null, null, null, null, null, null, null, null, null, null, null, null, null, null, null, null, null, null, null);
INSERT INTO `send_green_thr_sended_info` VALUES ('25451000000007815', null, null, null, null, null, null, null, null, null, null, null, null, null, null, null, null, null, null, null, null, null, null, null, null, null, null, null);
INSERT INTO `send_green_thr_sended_info` VALUES ('25451000000007780', null, null, null, null, null, null, null, null, null, null, null, null, null, null, null, null, null, null, null, null, null, null, null, null, null, null, null);
INSERT INTO `send_green_thr_sended_info` VALUES ('25451000000007804', null, null, null, null, null, null, null, null, null, null, null, null, null, null, null, null, null, null, null, null, null, null, null, null, null, null, null);
INSERT INTO `send_green_thr_sended_info` VALUES ('25451000000007713', null, null, null, null, null, null, null, null, null, null, null, null, null, null, null, null, null, null, null, null, null, null, null, null, null, null, null);
INSERT INTO `send_green_thr_sended_info` VALUES ('25451000000007724', null, null, null, null, null, null, null, null, null, null, null, null, null, null, null, null, null, null, null, null, null, null, null, null, null, null, null);
INSERT INTO `send_green_thr_sended_info` VALUES ('25451000000007699', null, null, null, null, null, null, null, null, null, null, null, null, null, null, null, null, null, null, null, null, null, null, null, null, null, null, null);
INSERT INTO `send_green_thr_sended_info` VALUES ('25451000000007702', null, null, null, null, null, null, null, null, null, null, null, null, null, null, null, null, null, null, null, null, null, null, null, null, null, null, null);
INSERT INTO `send_green_thr_sended_info` VALUES ('25497000000030317', null, null, null, null, null, null, null, null, null, null, null, null, null, null, null, null, null, null, null, null, null, null, null, null, null, null, null);
INSERT INTO `send_green_thr_sended_info` VALUES ('25497000000030306', null, null, null, null, null, null, null, null, null, null, null, null, null, null, null, null, null, null, null, null, null, null, null, null, null, null, null);
INSERT INTO `send_green_thr_sended_info` VALUES ('25456000000003489', null, null, null, null, null, null, null, null, null, null, null, null, null, null, null, null, null, null, null, null, null, null, null, null, null, null, null);
INSERT INTO `send_green_thr_sended_info` VALUES ('25497000000030215', null, null, null, null, null, null, null, null, null, null, null, null, null, null, null, null, null, null, null, null, null, null, null, null, null, null, null);
INSERT INTO `send_green_thr_sended_info` VALUES ('25497000000030204', null, null, null, null, null, null, null, null, null, null, null, null, null, null, null, null, null, null, null, null, null, null, null, null, null, null, null);
INSERT INTO `send_green_thr_sended_info` VALUES ('25497000000030226', null, null, null, null, null, null, null, null, null, null, null, null, null, null, null, null, null, null, null, null, null, null, null, null, null, null, null);
INSERT INTO `send_green_thr_sended_info` VALUES ('25497000000030000', null, null, null, null, null, null, null, null, null, null, null, null, null, null, null, null, null, null, null, null, null, null, null, null, null, null, null);
INSERT INTO `send_green_thr_sended_info` VALUES ('25497000000029981', null, null, null, null, null, null, null, null, null, null, null, null, null, null, null, null, null, null, null, null, null, null, null, null, null, null, null);
INSERT INTO `send_green_thr_sended_info` VALUES ('25497000000029992', null, null, null, null, null, null, null, null, null, null, null, null, null, null, null, null, null, null, null, null, null, null, null, null, null, null, null);
INSERT INTO `send_green_thr_sended_info` VALUES ('25497000000029834', null, null, null, null, null, null, null, null, null, null, null, null, null, null, null, null, null, null, null, null, null, null, null, null, null, null, null);
INSERT INTO `send_green_thr_sended_info` VALUES ('25497000000029823', null, null, null, null, null, null, null, null, null, null, null, null, null, null, null, null, null, null, null, null, null, null, null, null, null, null, null);
INSERT INTO `send_green_thr_sended_info` VALUES ('25497000000029812', null, null, null, null, null, null, null, null, null, null, null, null, null, null, null, null, null, null, null, null, null, null, null, null, null, null, null);
INSERT INTO `send_green_thr_sended_info` VALUES ('25497000000029776', null, null, null, null, null, null, null, null, null, null, null, null, null, null, null, null, null, null, null, null, null, null, null, null, null, null, null);
INSERT INTO `send_green_thr_sended_info` VALUES ('25497000000029765', null, null, null, null, null, null, null, null, null, null, null, null, null, null, null, null, null, null, null, null, null, null, null, null, null, null, null);
INSERT INTO `send_green_thr_sended_info` VALUES ('25497000000029630', null, null, null, null, null, null, null, null, null, null, null, null, null, null, null, null, null, null, null, null, null, null, null, null, null, null, null);
INSERT INTO `send_green_thr_sended_info` VALUES ('25497000000029641', null, null, null, null, null, null, null, null, null, null, null, null, null, null, null, null, null, null, null, null, null, null, null, null, null, null, null);
INSERT INTO `send_green_thr_sended_info` VALUES ('25497000000029607', null, null, null, null, null, null, null, null, null, null, null, null, null, null, null, null, null, null, null, null, null, null, null, null, null, null, null);
INSERT INTO `send_green_thr_sended_info` VALUES ('25497000000029595', null, null, null, null, null, null, null, null, null, null, null, null, null, null, null, null, null, null, null, null, null, null, null, null, null, null, null);
INSERT INTO `send_green_thr_sended_info` VALUES ('25452000000006915', null, null, null, null, null, null, null, null, null, null, null, null, null, null, null, null, null, null, null, null, null, null, null, null, null, null, null);
INSERT INTO `send_green_thr_sended_info` VALUES ('25497000000029346', null, null, null, null, null, null, null, null, null, null, null, null, null, null, null, null, null, null, null, null, null, null, null, null, null, null, null);
INSERT INTO `send_green_thr_sended_info` VALUES ('25452000000006835', null, null, null, null, null, null, null, null, null, null, null, null, null, null, null, null, null, null, null, null, null, null, null, null, null, null, null);
INSERT INTO `send_green_thr_sended_info` VALUES ('25497000000029119', null, null, null, null, null, null, null, null, null, null, null, null, null, null, null, null, null, null, null, null, null, null, null, null, null, null, null);
INSERT INTO `send_green_thr_sended_info` VALUES ('25497000000029108', null, null, null, null, null, null, null, null, null, null, null, null, null, null, null, null, null, null, null, null, null, null, null, null, null, null, null);
INSERT INTO `send_green_thr_sended_info` VALUES ('25497000000028977', null, null, null, null, null, null, null, null, null, null, null, null, null, null, null, null, null, null, null, null, null, null, null, null, null, null, null);
INSERT INTO `send_green_thr_sended_info` VALUES ('25497000000029017', null, null, null, null, null, null, null, null, null, null, null, null, null, null, null, null, null, null, null, null, null, null, null, null, null, null, null);
INSERT INTO `send_green_thr_sended_info` VALUES ('25452000000006541', null, null, null, null, null, null, null, null, null, null, null, null, null, null, null, null, null, null, null, null, null, null, null, null, null, null, null);
INSERT INTO `send_green_thr_sended_info` VALUES ('25497000000028740', null, null, null, null, null, null, null, null, null, null, null, null, null, null, null, null, null, null, null, null, null, null, null, null, null, null, null);
INSERT INTO `send_green_thr_sended_info` VALUES ('25497000000028739', null, null, null, null, null, null, null, null, null, null, null, null, null, null, null, null, null, null, null, null, null, null, null, null, null, null, null);
INSERT INTO `send_green_thr_sended_info` VALUES ('25497000000028751', null, null, null, null, null, null, null, null, null, null, null, null, null, null, null, null, null, null, null, null, null, null, null, null, null, null, null);
INSERT INTO `send_green_thr_sended_info` VALUES ('25452000000006530', null, null, null, null, null, null, null, null, null, null, null, null, null, null, null, null, null, null, null, null, null, null, null, null, null, null, null);
INSERT INTO `send_green_thr_sended_info` VALUES ('25497000000028693', null, null, null, null, null, null, null, null, null, null, null, null, null, null, null, null, null, null, null, null, null, null, null, null, null, null, null);
INSERT INTO `send_green_thr_sended_info` VALUES ('25497000000028706', null, null, null, null, null, null, null, null, null, null, null, null, null, null, null, null, null, null, null, null, null, null, null, null, null, null, null);
INSERT INTO `send_green_thr_sended_info` VALUES ('25452000000006529', null, null, null, null, null, null, null, null, null, null, null, null, null, null, null, null, null, null, null, null, null, null, null, null, null, null, null);
INSERT INTO `send_green_thr_sended_info` VALUES ('25497000000028682', null, null, null, null, null, null, null, null, null, null, null, null, null, null, null, null, null, null, null, null, null, null, null, null, null, null, null);
INSERT INTO `send_green_thr_sended_info` VALUES ('25452000000006518', null, null, null, null, null, null, null, null, null, null, null, null, null, null, null, null, null, null, null, null, null, null, null, null, null, null, null);
INSERT INTO `send_green_thr_sended_info` VALUES ('25451000000007167', null, null, null, null, null, null, null, null, null, null, null, null, null, null, null, null, null, null, null, null, null, null, null, null, null, null, null);
INSERT INTO `send_green_thr_sended_info` VALUES ('25497000000028525', null, null, null, null, null, null, null, null, null, null, null, null, null, null, null, null, null, null, null, null, null, null, null, null, null, null, null);
INSERT INTO `send_green_thr_sended_info` VALUES ('25497000000028536', null, null, null, null, null, null, null, null, null, null, null, null, null, null, null, null, null, null, null, null, null, null, null, null, null, null, null);
INSERT INTO `send_green_thr_sended_info` VALUES ('25497000000028489', null, null, null, null, null, null, null, null, null, null, null, null, null, null, null, null, null, null, null, null, null, null, null, null, null, null, null);
INSERT INTO `send_green_thr_sended_info` VALUES ('25497000000028490', null, null, null, null, null, null, null, null, null, null, null, null, null, null, null, null, null, null, null, null, null, null, null, null, null, null, null);
INSERT INTO `send_green_thr_sended_info` VALUES ('25452000000006438', null, null, null, null, null, null, null, null, null, null, null, null, null, null, null, null, null, null, null, null, null, null, null, null, null, null, null);
INSERT INTO `send_green_thr_sended_info` VALUES ('25452000000006449', null, null, null, null, null, null, null, null, null, null, null, null, null, null, null, null, null, null, null, null, null, null, null, null, null, null, null);
INSERT INTO `send_green_thr_sended_info` VALUES ('25497000000028354', null, null, null, null, null, null, null, null, null, null, null, null, null, null, null, null, null, null, null, null, null, null, null, null, null, null, null);
INSERT INTO `send_green_thr_sended_info` VALUES ('25497000000028398', null, null, null, null, null, null, null, null, null, null, null, null, null, null, null, null, null, null, null, null, null, null, null, null, null, null, null);
INSERT INTO `send_green_thr_sended_info` VALUES ('25497000000028387', null, null, null, null, null, null, null, null, null, null, null, null, null, null, null, null, null, null, null, null, null, null, null, null, null, null, null);
INSERT INTO `send_green_thr_sended_info` VALUES ('25497000000028376', null, null, null, null, null, null, null, null, null, null, null, null, null, null, null, null, null, null, null, null, null, null, null, null, null, null, null);
INSERT INTO `send_green_thr_sended_info` VALUES ('25497000000028365', null, null, null, null, null, null, null, null, null, null, null, null, null, null, null, null, null, null, null, null, null, null, null, null, null, null, null);
INSERT INTO `send_green_thr_sended_info` VALUES ('25497000000028241', null, null, null, null, null, null, null, null, null, null, null, null, null, null, null, null, null, null, null, null, null, null, null, null, null, null, null);
INSERT INTO `send_green_thr_sended_info` VALUES ('25497000000028218', null, null, null, null, null, null, null, null, null, null, null, null, null, null, null, null, null, null, null, null, null, null, null, null, null, null, null);
INSERT INTO `send_green_thr_sended_info` VALUES ('25497000000028138', null, null, null, null, null, null, null, null, null, null, null, null, null, null, null, null, null, null, null, null, null, null, null, null, null, null, null);
INSERT INTO `send_green_thr_sended_info` VALUES ('25497000000028127', null, null, null, null, null, null, null, null, null, null, null, null, null, null, null, null, null, null, null, null, null, null, null, null, null, null, null);
INSERT INTO `send_green_thr_sended_info` VALUES ('25497000000028036', null, null, null, null, null, null, null, null, null, null, null, null, null, null, null, null, null, null, null, null, null, null, null, null, null, null, null);
INSERT INTO `send_green_thr_sended_info` VALUES ('25452000000006325', null, null, null, null, null, null, null, null, null, null, null, null, null, null, null, null, null, null, null, null, null, null, null, null, null, null, null);
INSERT INTO `send_green_thr_sended_info` VALUES ('25452000000006336', null, null, null, null, null, null, null, null, null, null, null, null, null, null, null, null, null, null, null, null, null, null, null, null, null, null, null);
INSERT INTO `send_green_thr_sended_info` VALUES ('25456000000003116', null, null, null, null, null, null, null, null, null, null, null, null, null, null, null, null, null, null, null, null, null, null, null, null, null, null, null);
INSERT INTO `send_green_thr_sended_info` VALUES ('25456000000003105', null, null, null, null, null, null, null, null, null, null, null, null, null, null, null, null, null, null, null, null, null, null, null, null, null, null, null);
INSERT INTO `send_green_thr_sended_info` VALUES ('25456000000003025', null, null, null, null, null, null, null, null, null, null, null, null, null, null, null, null, null, null, null, null, null, null, null, null, null, null, null);
INSERT INTO `send_green_thr_sended_info` VALUES ('25452000000005934', null, null, null, null, null, null, null, null, null, null, null, null, null, null, null, null, null, null, null, null, null, null, null, null, null, null, null);
INSERT INTO `send_green_thr_sended_info` VALUES ('25452000000005184', null, null, null, null, null, null, null, null, null, null, null, null, null, null, null, null, null, null, null, null, null, null, null, null, null, null, null);
INSERT INTO `send_green_thr_sended_info` VALUES ('25452000000005162', null, null, null, null, null, null, null, null, null, null, null, null, null, null, null, null, null, null, null, null, null, null, null, null, null, null, null);
INSERT INTO `send_green_thr_sended_info` VALUES ('25452000000005060', null, null, null, null, null, null, null, null, null, null, null, null, null, null, null, null, null, null, null, null, null, null, null, null, null, null, null);
INSERT INTO `send_green_thr_sended_info` VALUES ('25497000000023026', null, null, null, null, null, null, null, null, null, null, null, null, null, null, null, null, null, null, null, null, null, null, null, null, null, null, null);
INSERT INTO `send_green_thr_sended_info` VALUES ('25452000000004667', null, null, null, null, null, null, null, null, null, null, null, null, null, null, null, null, null, null, null, null, null, null, null, null, null, null, null);
INSERT INTO `send_green_thr_sended_info` VALUES ('25452000000004486', null, null, null, null, null, null, null, null, null, null, null, null, null, null, null, null, null, null, null, null, null, null, null, null, null, null, null);
INSERT INTO `send_green_thr_sended_info` VALUES ('25452000000004419', null, null, null, null, null, null, null, null, null, null, null, null, null, null, null, null, null, null, null, null, null, null, null, null, null, null, null);
INSERT INTO `send_green_thr_sended_info` VALUES ('25452000000004340', null, null, null, null, null, null, null, null, null, null, null, null, null, null, null, null, null, null, null, null, null, null, null, null, null, null, null);
INSERT INTO `send_green_thr_sended_info` VALUES ('25452000000004351', null, null, null, null, null, null, null, null, null, null, null, null, null, null, null, null, null, null, null, null, null, null, null, null, null, null, null);
INSERT INTO `send_green_thr_sended_info` VALUES ('25497000000021563', null, null, null, null, null, null, null, null, null, null, null, null, null, null, null, null, null, null, null, null, null, null, null, null, null, null, null);
INSERT INTO `send_green_thr_sended_info` VALUES ('25452000000003936', null, null, null, null, null, null, null, null, null, null, null, null, null, null, null, null, null, null, null, null, null, null, null, null, null, null, null);
INSERT INTO `send_green_thr_sended_info` VALUES ('25452000000003890', null, null, null, null, null, null, null, null, null, null, null, null, null, null, null, null, null, null, null, null, null, null, null, null, null, null, null);
INSERT INTO `send_green_thr_sended_info` VALUES ('25452000000003878', null, null, null, null, null, null, null, null, null, null, null, null, null, null, null, null, null, null, null, null, null, null, null, null, null, null, null);
INSERT INTO `send_green_thr_sended_info` VALUES ('25452000000003776', null, null, null, null, null, null, null, null, null, null, null, null, null, null, null, null, null, null, null, null, null, null, null, null, null, null, null);
INSERT INTO `send_green_thr_sended_info` VALUES ('25452000000003404', null, null, null, null, null, null, null, null, null, null, null, null, null, null, null, null, null, null, null, null, null, null, null, null, null, null, null);
INSERT INTO `send_green_thr_sended_info` VALUES ('25452000000003391', null, null, null, null, null, null, null, null, null, null, null, null, null, null, null, null, null, null, null, null, null, null, null, null, null, null, null);
INSERT INTO `send_green_thr_sended_info` VALUES ('25456000000000965', null, null, null, null, null, null, null, null, null, null, null, null, null, null, null, null, null, null, null, null, null, null, null, null, null, null, null);
INSERT INTO `send_green_thr_sended_info` VALUES ('25452000000003120', null, null, null, null, null, null, null, null, null, null, null, null, null, null, null, null, null, null, null, null, null, null, null, null, null, null, null);
INSERT INTO `send_green_thr_sended_info` VALUES ('25452000000002820', null, null, null, null, null, null, null, null, null, null, null, null, null, null, null, null, null, null, null, null, null, null, null, null, null, null, null);
INSERT INTO `send_green_thr_sended_info` VALUES ('25452000000002762', null, null, null, null, null, null, null, null, null, null, null, null, null, null, null, null, null, null, null, null, null, null, null, null, null, null, null);
INSERT INTO `send_green_thr_sended_info` VALUES ('25452000000002592', null, null, null, null, null, null, null, null, null, null, null, null, null, null, null, null, null, null, null, null, null, null, null, null, null, null, null);
INSERT INTO `send_green_thr_sended_info` VALUES ('25452000000002569', null, null, null, null, null, null, null, null, null, null, null, null, null, null, null, null, null, null, null, null, null, null, null, null, null, null, null);
INSERT INTO `send_green_thr_sended_info` VALUES ('25452000000002581', null, null, null, null, null, null, null, null, null, null, null, null, null, null, null, null, null, null, null, null, null, null, null, null, null, null, null);
INSERT INTO `send_green_thr_sended_info` VALUES ('25452000000002570', null, null, null, null, null, null, null, null, null, null, null, null, null, null, null, null, null, null, null, null, null, null, null, null, null, null, null);
INSERT INTO `send_green_thr_sended_info` VALUES ('25456000000000488', null, null, null, null, null, null, null, null, null, null, null, null, null, null, null, null, null, null, null, null, null, null, null, null, null, null, null);
INSERT INTO `send_green_thr_sended_info` VALUES ('25452000000002161', null, null, null, null, null, null, null, null, null, null, null, null, null, null, null, null, null, null, null, null, null, null, null, null, null, null, null);
INSERT INTO `send_green_thr_sended_info` VALUES ('25452000000002150', null, null, null, null, null, null, null, null, null, null, null, null, null, null, null, null, null, null, null, null, null, null, null, null, null, null, null);
INSERT INTO `send_green_thr_sended_info` VALUES ('25452000000001757', null, null, null, null, null, null, null, null, null, null, null, null, null, null, null, null, null, null, null, null, null, null, null, null, null, null, null);
INSERT INTO `send_green_thr_sended_info` VALUES ('25452000000001633', null, null, null, null, null, null, null, null, null, null, null, null, null, null, null, null, null, null, null, null, null, null, null, null, null, null, null);
INSERT INTO `send_green_thr_sended_info` VALUES ('25452000000001622', null, null, null, null, null, null, null, null, null, null, null, null, null, null, null, null, null, null, null, null, null, null, null, null, null, null, null);
INSERT INTO `send_green_thr_sended_info` VALUES ('25497000000013450', null, null, null, null, null, null, null, null, null, null, null, null, null, null, null, null, null, null, null, null, null, null, null, null, null, null, null);
INSERT INTO `send_green_thr_sended_info` VALUES ('25497000000013507', null, null, null, null, null, null, null, null, null, null, null, null, null, null, null, null, null, null, null, null, null, null, null, null, null, null, null);
INSERT INTO `send_green_thr_sended_info` VALUES ('25497000000013472', null, null, null, null, null, null, null, null, null, null, null, null, null, null, null, null, null, null, null, null, null, null, null, null, null, null, null);
INSERT INTO `send_green_thr_sended_info` VALUES ('25452000000001644', null, null, null, null, null, null, null, null, null, null, null, null, null, null, null, null, null, null, null, null, null, null, null, null, null, null, null);
INSERT INTO `send_green_thr_sended_info` VALUES ('25456000000000240', null, null, null, null, null, null, null, null, null, null, null, null, null, null, null, null, null, null, null, null, null, null, null, null, null, null, null);
INSERT INTO `send_green_thr_sended_info` VALUES ('25456000000000239', null, null, null, null, null, null, null, null, null, null, null, null, null, null, null, null, null, null, null, null, null, null, null, null, null, null, null);
INSERT INTO `send_green_thr_sended_info` VALUES ('25456000000000193', null, null, null, null, null, null, null, null, null, null, null, null, null, null, null, null, null, null, null, null, null, null, null, null, null, null, null);
INSERT INTO `send_green_thr_sended_info` VALUES ('25497000000013063', null, null, null, null, null, null, null, null, null, null, null, null, null, null, null, null, null, null, null, null, null, null, null, null, null, null, null);
INSERT INTO `send_green_thr_sended_info` VALUES ('25497000000013018', null, null, null, null, null, null, null, null, null, null, null, null, null, null, null, null, null, null, null, null, null, null, null, null, null, null, null);
INSERT INTO `send_green_thr_sended_info` VALUES ('25497000000012832', null, null, null, null, null, null, null, null, null, null, null, null, null, null, null, null, null, null, null, null, null, null, null, null, null, null, null);
INSERT INTO `send_green_thr_sended_info` VALUES ('25456000000000148', null, null, null, null, null, null, null, null, null, null, null, null, null, null, null, null, null, null, null, null, null, null, null, null, null, null, null);
INSERT INTO `send_green_thr_sended_info` VALUES ('25452000000001269', null, null, null, null, null, null, null, null, null, null, null, null, null, null, null, null, null, null, null, null, null, null, null, null, null, null, null);
INSERT INTO `send_green_thr_sended_info` VALUES ('25451000000001574', null, null, null, null, null, null, null, null, null, null, null, null, null, null, null, null, null, null, null, null, null, null, null, null, null, null, null);
INSERT INTO `send_green_thr_sended_info` VALUES ('25452000000000924', null, null, null, null, null, null, null, null, null, null, null, null, null, null, null, null, null, null, null, null, null, null, null, null, null, null, null);
INSERT INTO `send_green_thr_sended_info` VALUES ('25456000000000024', null, null, null, null, null, null, null, null, null, null, null, null, null, null, null, null, null, null, null, null, null, null, null, null, null, null, null);
INSERT INTO `send_green_thr_sended_info` VALUES ('25451000000001030', null, null, null, null, null, null, null, null, null, null, null, null, null, null, null, null, null, null, null, null, null, null, null, null, null, null, null);
INSERT INTO `send_green_thr_sended_info` VALUES ('25451000000000944', null, null, null, null, null, null, null, null, null, null, null, null, null, null, null, null, null, null, null, null, null, null, null, null, null, null, null);
INSERT INTO `send_green_thr_sended_info` VALUES ('25497000000045835', null, null, null, null, null, null, null, null, null, null, null, null, null, null, null, null, null, null, null, null, null, null, null, null, null, null, null);
INSERT INTO `send_green_thr_sended_info` VALUES ('25497000000045620', null, null, null, null, null, null, null, null, null, null, null, null, null, null, null, null, null, null, null, null, null, null, null, null, null, null, null);
INSERT INTO `send_green_thr_sended_info` VALUES ('25497000000045529', null, null, null, null, null, null, null, null, null, null, null, null, null, null, null, null, null, null, null, null, null, null, null, null, null, null, null);
INSERT INTO `send_green_thr_sended_info` VALUES ('25497000000045370', null, null, null, null, null, null, null, null, null, null, null, null, null, null, null, null, null, null, null, null, null, null, null, null, null, null, null);
INSERT INTO `send_green_thr_sended_info` VALUES ('25452000000013242', null, null, null, null, null, null, null, null, null, null, null, null, null, null, null, null, null, null, null, null, null, null, null, null, null, null, null);
INSERT INTO `send_green_thr_sended_info` VALUES ('25452000000013253', null, null, null, null, null, null, null, null, null, null, null, null, null, null, null, null, null, null, null, null, null, null, null, null, null, null, null);
INSERT INTO `send_green_thr_sended_info` VALUES ('25497000000041579', null, null, null, null, null, null, null, null, null, null, null, null, null, null, null, null, null, null, null, null, null, null, null, null, null, null, null);
INSERT INTO `send_green_thr_sended_info` VALUES ('25497000000041444', null, null, null, null, null, null, null, null, null, null, null, null, null, null, null, null, null, null, null, null, null, null, null, null, null, null, null);
INSERT INTO `send_green_thr_sended_info` VALUES ('25497000000041353', null, null, null, null, null, null, null, null, null, null, null, null, null, null, null, null, null, null, null, null, null, null, null, null, null, null, null);
INSERT INTO `send_green_thr_sended_info` VALUES ('25452000000011289', null, null, null, null, null, null, null, null, null, null, null, null, null, null, null, null, null, null, null, null, null, null, null, null, null, null, null);
INSERT INTO `send_green_thr_sended_info` VALUES ('25452000000011256', null, null, null, null, null, null, null, null, null, null, null, null, null, null, null, null, null, null, null, null, null, null, null, null, null, null, null);
INSERT INTO `send_green_thr_sended_info` VALUES ('25497000000041057', null, null, null, null, null, null, null, null, null, null, null, null, null, null, null, null, null, null, null, null, null, null, null, null, null, null, null);
INSERT INTO `send_green_thr_sended_info` VALUES ('25456000000005884', null, null, null, null, null, null, null, null, null, null, null, null, null, null, null, null, null, null, null, null, null, null, null, null, null, null, null);
INSERT INTO `send_green_thr_sended_info` VALUES ('25456000000005793', null, null, null, null, null, null, null, null, null, null, null, null, null, null, null, null, null, null, null, null, null, null, null, null, null, null, null);
INSERT INTO `send_green_thr_sended_info` VALUES ('25497000000040315', null, null, null, null, null, null, null, null, null, null, null, null, null, null, null, null, null, null, null, null, null, null, null, null, null, null, null);
INSERT INTO `send_green_thr_sended_info` VALUES ('25452000000010740', null, null, null, null, null, null, null, null, null, null, null, null, null, null, null, null, null, null, null, null, null, null, null, null, null, null, null);
INSERT INTO `send_green_thr_sended_info` VALUES ('25452000000010489', null, null, null, null, null, null, null, null, null, null, null, null, null, null, null, null, null, null, null, null, null, null, null, null, null, null, null);
INSERT INTO `send_green_thr_sended_info` VALUES ('25451000000001198', null, null, null, null, null, null, null, null, null, null, null, null, null, null, null, null, null, null, null, null, null, null, null, null, null, null, null);
INSERT INTO `send_green_thr_sended_info` VALUES ('25451000000001029', null, null, null, null, null, null, null, null, null, null, null, null, null, null, null, null, null, null, null, null, null, null, null, null, null, null, null);
INSERT INTO `send_green_thr_sended_info` VALUES ('25451000000000966', null, null, null, null, null, null, null, null, null, null, null, null, null, null, null, null, null, null, null, null, null, null, null, null, null, null, null);
INSERT INTO `send_green_thr_sended_info` VALUES ('25456000000005396', null, null, null, null, null, null, null, null, null, null, null, null, null, null, null, null, null, null, null, null, null, null, null, null, null, null, null);
INSERT INTO `send_green_thr_sended_info` VALUES ('25497000000027203', null, null, null, null, null, null, null, null, null, null, null, null, null, null, null, null, null, null, null, null, null, null, null, null, null, null, null);
INSERT INTO `send_green_thr_sended_info` VALUES ('25497000000026742', null, null, null, null, null, null, null, null, null, null, null, null, null, null, null, null, null, null, null, null, null, null, null, null, null, null, null);
INSERT INTO `send_green_thr_sended_info` VALUES ('25497000000026287', null, null, null, null, null, null, null, null, null, null, null, null, null, null, null, null, null, null, null, null, null, null, null, null, null, null, null);
INSERT INTO `send_green_thr_sended_info` VALUES ('25497000000025818', null, null, null, null, null, null, null, null, null, null, null, null, null, null, null, null, null, null, null, null, null, null, null, null, null, null, null);
INSERT INTO `send_green_thr_sended_info` VALUES ('25497000000025013', null, null, null, null, null, null, null, null, null, null, null, null, null, null, null, null, null, null, null, null, null, null, null, null, null, null, null);
INSERT INTO `send_green_thr_sended_info` VALUES ('25497000000023388', null, null, null, null, null, null, null, null, null, null, null, null, null, null, null, null, null, null, null, null, null, null, null, null, null, null, null);
INSERT INTO `send_green_thr_sended_info` VALUES ('25497000000022613', null, null, null, null, null, null, null, null, null, null, null, null, null, null, null, null, null, null, null, null, null, null, null, null, null, null, null);
INSERT INTO `send_green_thr_sended_info` VALUES ('25497000000022272', null, null, null, null, null, null, null, null, null, null, null, null, null, null, null, null, null, null, null, null, null, null, null, null, null, null, null);
INSERT INTO `send_green_thr_sended_info` VALUES ('25497000000022045', null, null, null, null, null, null, null, null, null, null, null, null, null, null, null, null, null, null, null, null, null, null, null, null, null, null, null);
INSERT INTO `send_green_thr_sended_info` VALUES ('25497000000019270', null, null, null, null, null, null, null, null, null, null, null, null, null, null, null, null, null, null, null, null, null, null, null, null, null, null, null);
INSERT INTO `send_green_thr_sended_info` VALUES ('25497000000018211', null, null, null, null, null, null, null, null, null, null, null, null, null, null, null, null, null, null, null, null, null, null, null, null, null, null, null);
INSERT INTO `send_green_thr_sended_info` VALUES ('25451000000011061', null, null, null, null, null, null, null, null, null, null, null, null, null, null, null, null, null, null, null, null, null, null, null, null, null, null, null);
INSERT INTO `send_green_thr_sended_info` VALUES ('25452000000009291', null, null, null, null, null, null, null, null, null, null, null, null, null, null, null, null, null, null, null, null, null, null, null, null, null, null, null);
INSERT INTO `send_green_thr_sended_info` VALUES ('25452000000006450', null, null, null, null, null, null, null, null, null, null, null, null, null, null, null, null, null, null, null, null, null, null, null, null, null, null, null);
INSERT INTO `send_green_thr_sended_info` VALUES ('25452000000006154', null, null, null, null, null, null, null, null, null, null, null, null, null, null, null, null, null, null, null, null, null, null, null, null, null, null, null);
INSERT INTO `send_green_thr_sended_info` VALUES ('25452000000005446', null, null, null, null, null, null, null, null, null, null, null, null, null, null, null, null, null, null, null, null, null, null, null, null, null, null, null);
INSERT INTO `send_green_thr_sended_info` VALUES ('25452000000005286', null, null, null, null, null, null, null, null, null, null, null, null, null, null, null, null, null, null, null, null, null, null, null, null, null, null, null);
INSERT INTO `send_green_thr_sended_info` VALUES ('25452000000005128', null, null, null, null, null, null, null, null, null, null, null, null, null, null, null, null, null, null, null, null, null, null, null, null, null, null, null);
INSERT INTO `send_green_thr_sended_info` VALUES ('25452000000004861', null, null, null, null, null, null, null, null, null, null, null, null, null, null, null, null, null, null, null, null, null, null, null, null, null, null, null);
INSERT INTO `send_green_thr_sended_info` VALUES ('25452000000004555', null, null, null, null, null, null, null, null, null, null, null, null, null, null, null, null, null, null, null, null, null, null, null, null, null, null, null);
INSERT INTO `send_green_thr_sended_info` VALUES ('25452000000011675', null, null, null, null, null, null, null, null, null, null, null, null, null, null, null, null, null, null, null, null, null, null, null, null, null, null, null);
INSERT INTO `send_green_thr_sended_info` VALUES ('25452000000010401', null, null, null, null, null, null, null, null, null, null, null, null, null, null, null, null, null, null, null, null, null, null, null, null, null, null, null);
INSERT INTO `send_green_thr_sended_info` VALUES ('25497000000037801', null, null, null, null, null, null, null, null, null, null, null, null, null, null, null, null, null, null, null, null, null, null, null, null, null, null, null);
INSERT INTO `send_green_thr_sended_info` VALUES ('25497000000036375', null, null, null, null, null, null, null, null, null, null, null, null, null, null, null, null, null, null, null, null, null, null, null, null, null, null, null);
INSERT INTO `send_green_thr_sended_info` VALUES ('25456000000004733', null, null, null, null, null, null, null, null, null, null, null, null, null, null, null, null, null, null, null, null, null, null, null, null, null, null, null);
INSERT INTO `send_green_thr_sended_info` VALUES ('25451000000001416', null, null, null, null, null, null, null, null, null, null, null, null, null, null, null, null, null, null, null, null, null, null, null, null, null, null, null);
INSERT INTO `send_green_thr_sended_info` VALUES ('25452000000000345', null, null, null, null, null, null, null, null, null, null, null, null, null, null, null, null, null, null, null, null, null, null, null, null, null, null, null);

-- ----------------------------
-- Table structure for `send_green_thr_standing_book_info`
-- ----------------------------
DROP TABLE IF EXISTS `send_green_thr_standing_book_info`;
CREATE TABLE `send_green_thr_standing_book_info` (
  `reportSceneType` varchar(200) DEFAULT NULL COMMENT '报送场景类型',
  `businessDate` varchar(200) DEFAULT NULL COMMENT '业务日期',
  `contractNo` varchar(200) DEFAULT NULL COMMENT '贷款合同号',
  `loanNo` varchar(200) DEFAULT NULL COMMENT '借据号',
  `customerTypeCd` varchar(200) DEFAULT NULL COMMENT '承贷主体类型',
  `customerNo` varchar(200) DEFAULT NULL COMMENT '报送机构内部承贷主体编号',
  `projectNo` varchar(200) DEFAULT NULL COMMENT '报送机构内部项目编号',
  `loanKindCd` varchar(200) DEFAULT NULL COMMENT '贷款类型',
  `loanProduct` varchar(200) DEFAULT NULL COMMENT '贷款产品名称',
  `loanTypeCd` varchar(200) DEFAULT NULL COMMENT '贷款种类',
  `cnapsCode` varchar(200) DEFAULT NULL COMMENT '业务经营机构代码',
  `loanPurpose` varchar(200) DEFAULT NULL COMMENT '贷款用途',
  `loanAmount` varchar(200) DEFAULT NULL COMMENT '贷款金额',
  `loanBalance` varchar(200) DEFAULT NULL COMMENT '贷款余额',
  `overBalance` varchar(200) DEFAULT NULL COMMENT '逾期金额',
  `timeLimit` varchar(200) DEFAULT NULL COMMENT '贷款期限',
  `timeLimitUnit` varchar(200) DEFAULT NULL COMMENT '贷款期限单位',
  `loanDate` varchar(200) DEFAULT NULL COMMENT '放款日',
  `expiringDate` varchar(200) DEFAULT NULL COMMENT '到期日',
  `overdueDate` varchar(200) DEFAULT NULL COMMENT '逾期日',
  `fiveLevelChgDate` varchar(200) DEFAULT NULL COMMENT '五级分类变更日',
  `guaranteeMethodCd` varchar(200) DEFAULT NULL COMMENT '担保方式',
  `interestRate` varchar(200) DEFAULT NULL COMMENT '执行利率（年化）',
  `repaymentMethod` varchar(200) DEFAULT NULL COMMENT '还款方式',
  `latestRepaydate` varchar(200) DEFAULT NULL COMMENT '最近还款日',
  `fiveLevelCd` varchar(200) DEFAULT NULL COMMENT '五级分类',
  `greenDecidedDate` varchar(200) DEFAULT NULL COMMENT '绿色认定日期',
  `pbcGreenClass` varchar(200) DEFAULT NULL COMMENT '人民银行绿色贷款专项统计制度绿色认定分类代码',
  `cbrcGreenClass` varchar(200) DEFAULT NULL COMMENT '银保监会绿色信贷统计制度绿色认定分类代码',
  `otherGreenDecidedStdNm` varchar(200) DEFAULT NULL COMMENT '其它绿色认定标准名称',
  `otherGreenClass` varchar(200) DEFAULT NULL COMMENT '其它绿色认定标准认定分类名称',
  `isAccordWithCreditPolicy` varchar(200) DEFAULT NULL COMMENT '是否符合信贷政策导向（质押再贷款）',
  `pledgeReloanState` varchar(200) DEFAULT NULL COMMENT '质押再贷款状态',
  `pledgeReloanChgDate` varchar(200) DEFAULT NULL COMMENT '质押再贷款状态变更日',
  `pledgeExpiringDate` varchar(200) DEFAULT NULL COMMENT '质押预期到期日',
  `organization` varchar(200) DEFAULT NULL COMMENT '机构',
  `gdate` varchar(200) DEFAULT NULL COMMENT '增量日期 yyyyMMdd'
) ENGINE=InnoDB DEFAULT CHARSET=utf8;

-- ----------------------------
-- Records of send_green_thr_standing_book_info
-- ----------------------------
INSERT INTO `send_green_thr_standing_book_info` VALUES ('11050005', '20200920', 'HUZZX0210120200080', '25451000000019515', '12000001', '0600006647', '', '10190002', '绿色贷款', '10710003', 'C1030433016478', '废旧资源再生利用', '88,200,000', '88,200,000.', '183', '183', '20200624', '20201224', '', '20200920', '10470002', '0.043500', '10410004', '', '10240001', '20200624', 'PBOCGC2020010702', '', null, null, null, null, null, null, null, '杭州分行', '2020-12-01');
INSERT INTO `send_green_thr_standing_book_info` VALUES ('11050002', '20200930', 'HUZ1210220190088', '25456000000008217', '12000001', '0100000005', '', '10190002', '绿色贷款', '10710003', 'C1030433016639', '农村人居环境整治', '27,000,000', '27,000,000.', '2,555', '2,555', '20191129', '20261127', '', '20191129', '10470003', '0.066150', '10410009', '', '10240001', '20190604', 'PBOCGC2020010614', '', null, null, null, null, null, null, null, '杭州分行', '2020-12-01');
INSERT INTO `send_green_thr_standing_book_info` VALUES ('11050002', '20200930', 'HUZ1210220170034', '25456000000003116', '12000001', '0100000005', '', '10190002', '绿色贷款', '10710003', 'C1030433016639', '农村人居环境整治', '5,000,000', '4,420,000.', '2,551', '2,551', '20170816', '20240810', '', '20170816', '10470003', '0.065000', '10410009', '', '10240001', '20190604', 'PBOCGC2020010614', '', null, null, null, null, null, null, null, '杭州分行', '2020-12-01');
INSERT INTO `send_green_thr_standing_book_info` VALUES ('11050002', '20200930', 'HUZ1210220180018', '25456000000003886', '12000001', '0100000005', '', '10190002', '绿色贷款', '10710003', 'C1030433016639', '农村人居环境整治', '17,700,000', '16,675,000.', '2,557', '2,557', '20180131', '20250131', '', '20180131', '10470003', '0.065000', '10410009', '', '10240001', '20190604', 'PBOCGC2020010614', '', null, null, null, null, null, null, null, '杭州分行', '2020-12-01');
INSERT INTO `send_green_thr_standing_book_info` VALUES ('11050002', '20200930', 'HUZ1210220180045', '25456000000004686', '12000001', '0100000005', '', '10190002', '绿色贷款', '10710003', 'C1030433016639', '农村人居环境整治', '30,000,000', '28,270,000.', '2,553', '2,553', '20180612', '20250608', '', '20180612', '10470003', '0.074999', '10410009', '', '10240001', '20190604', 'PBOCGC2020010614', '', null, null, null, null, null, null, null, '杭州分行', '2020-12-01');
INSERT INTO `send_green_thr_standing_book_info` VALUES ('11050002', '20200930', 'HUZ1210220190066', '25456000000007676', '12000001', '0100000005', '', '10190002', '绿色贷款', '10710003', 'C1030433016639', '农村人居环境整治', '30,000,000', '30,000,000.', '2,553', '2,553', '20190812', '20260808', '', '20190812', '10470003', '0.066150', '10410009', '', '10240001', '20190604', 'PBOCGC2020010614', '', null, null, null, null, null, null, null, '杭州分行', '2020-12-01');
INSERT INTO `send_green_thr_standing_book_info` VALUES ('11050002', '20200930', 'HUZ0410120200013', '25497000000050083', '12000001', '0100000574', '', '10190002', '绿色贷款', '10710002', 'C1030433016387', '道路绿化建设、养护管理', '20,000,000', '20,000,000.', '366', '366', '20200119', '20210119', '', '20200119', '10470003', '0.050000', '10410004', '', '10240001', '20200117', 'PBOCGC2020050604', '', null, null, null, null, null, null, null, '杭州分行', '2020-12-01');
INSERT INTO `send_green_thr_standing_book_info` VALUES ('11050002', '20200930', 'HUZ0510220190010', '25497000000042471', '12000001', '0100002824', '', '10190002', '绿色贷款', '10710003', 'C1030433016387', '园区污染治理集中化改造', '100,000,000', '95,830,000.', '2,882', '2,882', '20190312', '20270131', '', '20190312', '10470001', '0.066200', '10410009', '', '10240001', '20190312', 'PBOCGC2020020103', '', null, null, null, null, null, null, null, '杭州分行', '2020-12-01');
INSERT INTO `send_green_thr_standing_book_info` VALUES ('11050002', '20200930', 'HUZ0510220190061', '25497000000048371', '12000001', '0100002824', '', '10190002', '绿色贷款', '10710003', 'C1030433016387', '园区污染治理集中化改造', '50,000,000', '50,000,000.', '2,610', '2,610', '20191209', '20270131', '', '20191209', '10470003', '0.053000', '10410009', '', '10240001', '20191209', 'PBOCGC2020020103', '', null, null, null, null, null, null, null, '杭州分行', '2020-12-01');
INSERT INTO `send_green_thr_standing_book_info` VALUES ('11050002', '20200930', 'HUZ0510220190009', '25497000000041909', '12000001', '0100002824', '', '10190002', '绿色贷款', '10710003', 'C1030433016387', '园区污染治理集中化改造', '100,000,000', '95,830,000.', '2,922', '2,922', '20190131', '20270131', '', '20190131', '10470001', '0.068000', '10410009', '', '10240001', '20201026', 'PBOCGC2020020103', '', null, null, null, null, null, null, null, '杭州分行', '2020-12-01');
INSERT INTO `send_green_thr_standing_book_info` VALUES ('11050002', '20200930', 'HUZ0510120180007', '25497000000034786', '12000001', '0200000221', '', '10190002', '绿色贷款', '10710005', 'C1030433016387', '水生态系统旱涝灾害防控及应对', '90,000,000', '81,000,000.', '1,096', '1,096', '20180517', '20210517', '', '20180517', '10470003', '0.071013', '10410009', '', '10240001', '20201112', 'PBOCGC2020040309', '', null, null, null, null, null, null, null, '杭州分行', '2020-12-01');
INSERT INTO `send_green_thr_standing_book_info` VALUES ('11050002', '20200930', 'HUZ0510120180004', '25497000000034414', '12000001', '0200000221', '', '10190002', '绿色贷款', '10710005', 'C1030433016387', '水生态系统旱涝灾害防控及应对', '10,000,000', '9,000,000.', '1,096', '1,096', '20180427', '20210427', '', '20180427', '10470003', '0.066500', '10410009', '', '10240001', '20201112', 'PBOCGC2020040309', '', null, null, null, null, null, null, null, '杭州分行', '2020-12-01');
INSERT INTO `send_green_thr_standing_book_info` VALUES ('11050002', '20200930', 'HUZ0310120190144', '25497000000047548', '12000001', '0200000588', '', '10190002', '绿色贷款', '10710002', 'C1030433016387', '道路绿化建设、养护管理', '130,000,000', '130,000,000.', '366', '366', '20191025', '20201025', '', '20191025', '10470003', '0.059000', '10410009', '', '10240001', '20191025', 'PBOCGC2020050604', '', null, null, null, null, null, null, null, '杭州分行', '2020-12-01');
INSERT INTO `send_green_thr_standing_book_info` VALUES ('11050002', '20200930', 'HUZ1210220160031', '25456000000000965', '12000001', '0200000646', '', '10190002', '绿色贷款', '10710003', 'C1030433016639', '城镇污水收集系统排查改造建设修复', '100,000,000', '60,000,000.', '1,826', '1,826', '20160826', '20210826', '', '20160826', '10470003', '0.060000', '10410004', '', '10240001', '20160411', 'PBOCGC2020050304', '', null, null, null, null, null, null, null, '杭州分行', '2020-12-01');
INSERT INTO `send_green_thr_standing_book_info` VALUES ('11050002', '20200930', 'HUZ1210220160016', '25456000000000488', '12000001', '0200000646', '', '10190002', '绿色贷款', '10710003', 'C1030433016639', '城镇污水收集系统排查改造建设修复', '150,000,000', '80,000,000.', '1,813', '1,813', '20160428', '20210415', '', '20160428', '10470003', '0.060000', '10410004', '', '10240001', '20160411', 'PBOCGC2020050304', '', null, null, null, null, null, null, null, '杭州分行', '2020-12-01');
INSERT INTO `send_green_thr_standing_book_info` VALUES ('11050002', '20200930', 'HUZ1010120190105', '25452000000014789', '12000001', '0200002347', '', '10190002', '绿色贷款', '10710002', 'C1030433016593', '无毒无害原料生产与替代使用', '10,000,000', '10,000,000.', '366', '366', '20191209', '20201209', '', '20191209', '10470001', '0.050025', '10410004', '', '10240001', '20200305', 'PBOCGC2020020201', '', null, null, null, null, null, null, null, '杭州分行', '2020-12-01');
INSERT INTO `send_green_thr_standing_book_info` VALUES ('11050002', '20200930', 'HUZ1010120200018', '25452000000015705', '12000001', '0200002347', '', '10190002', '绿色贷款', '10710002', 'C1030433016593', '无毒无害原料生产与替代使用', '15,000,000', '15,000,000.', '365', '365', '20200306', '20210306', '', '20200306', '10470001', '0.050025', '10410004', '', '10240001', '20200305', 'PBOCGC2020020201', '', null, null, null, null, null, null, null, '杭州分行', '2020-12-01');
INSERT INTO `send_green_thr_standing_book_info` VALUES ('11050002', '20200930', 'HUZ1010120190091', '25452000000014575', '12000001', '0200002347', '', '10190002', '绿色贷款', '10710002', 'C1030433016593', '无毒无害原料生产与替代使用', '5,000,000', '5,000,000.', '366', '366', '20191128', '20201128', '', '20191128', '10470001', '0.050025', '10410009', '', '10240001', '20191128', 'PBOCGC2020020201', '', null, null, null, null, null, null, null, '杭州分行', '2020-12-01');
INSERT INTO `send_green_thr_standing_book_info` VALUES ('11050002', '20200930', 'HUZ0710220190052', '25451000000015690', '12000001', '0300000958', '', '10190002', '绿色贷款', '10710003', 'C1030433016478', '生产过程节水和水资源高效利用', '50,000,000', '50,000,000.', '2,808', '2,808', '20190911', '20270520', '', '20190911', '10470003', '0.066150', '10410009', '', '10240001', '20200324', 'PBOCGC2020020401', '', null, null, null, null, null, null, null, '杭州分行', '2020-12-01');
INSERT INTO `send_green_thr_standing_book_info` VALUES ('11050002', '20200930', 'HUZ0710220190031', '25451000000014618', '12000001', '0300000958', '', '10190002', '绿色贷款', '10710003', 'C1030433016478', '生产过程节水和水资源高效利用', '98,490,000', '98,490,000.', '2,894', '2,894', '20190617', '20270520', '', '20190617', '10470003', '0.066150', '10410009', '', '10240001', '20200324', 'PBOCGC2020020401', '', null, null, null, null, null, null, null, '杭州分行', '2020-12-01');
INSERT INTO `send_green_thr_standing_book_info` VALUES ('11050002', '20200930', 'HUZ0710220200021', '25451000000018294', '12000001', '0300000958', '', '10190002', '绿色贷款', '10710003', 'C1030433016478', '生产过程节水和水资源高效利用', '42,000,000', '42,000,000.', '2,607', '2,607', '20200330', '20270520', '', '20200330', '10470003', '0.050000', '10410009', '', '10240001', '20200324', 'PBOCGC2020020401', '', null, null, null, null, null, null, null, '杭州分行', '2020-12-01');
INSERT INTO `send_green_thr_standing_book_info` VALUES ('11050002', '20200930', 'HUZ1210220200032', '25456000000009130', '12000001', '0300001495', '', '10190002', '绿色贷款', '10710003', 'C1030433016639', '绿色建筑', '100,000,000', '98,000,000.', '1,044', '1,044', '20200529', '20230408', '', '20200529', '10470001', '0.058000', '10410009', '', '10240001', '20200331', 'PBOCGC2020050102', '', null, null, null, null, null, null, null, '杭州分行', '2020-12-01');
INSERT INTO `send_green_thr_standing_book_info` VALUES ('11050002', '20200930', 'HUZ1210220200031', '25456000000008794', '12000001', '0300001495', '', '10190002', '绿色贷款', '10710003', 'C1030433016639', '绿色建筑', '200,000,000', '197,000,000.', '1,088', '1,088', '20200415', '20230408', '', '20200415', '10470001', '0.058000', '10410009', '', '10240001', '20200331', 'PBOCGC2020050102', '', null, null, null, null, null, null, null, '杭州分行', '2020-12-01');
INSERT INTO `send_green_thr_standing_book_info` VALUES ('11050002', '20200930', 'HUZ0710220140062', '25451000000000944', '12000001', '0300003878', '', '10190002', '绿色贷款', '10710003', 'C1030433016478', '重点流域海域水环境治理', '50,000,000', '21,875,000.', '3,653', '3,653', '20141120', '20241120', '', '20141120', '10470003', '0.051450', '10410004', '', '10240001', '20140822', 'PBOCGC2020010602', '', null, null, null, null, null, null, null, '杭州分行', '2020-12-01');
INSERT INTO `send_green_thr_standing_book_info` VALUES ('11050002', '20200930', 'HUZ0710220140076', '25451000000001030', '12000001', '0300003878', '', '10190002', '绿色贷款', '10710003', 'C1030433016478', '重点流域海域水环境治理', '50,000,000', '21,875,000.', '3,638', '3,638', '20150104', '20241220', '', '20150104', '10470003', '0.053999', '10410004', '', '10240001', '20140822', 'PBOCGC2020010602', '', null, null, null, null, null, null, null, '杭州分行', '2020-12-01');
INSERT INTO `send_green_thr_standing_book_info` VALUES ('11050002', '20200930', 'HUZ0710120200032', '25451000000019106', '12000001', '0400002614', '', '10190002', '绿色贷款', '10710002', 'C1030433016478', '矿山生态环境恢复', '150,000,000', '150,000,000.', '365', '365', '20200520', '20210520', '', '20200520', '10470001', '0.055000', '10410004', '', '10240001', '20200511', 'PBOCGC2020040306', '', null, null, null, null, null, null, null, '杭州分行', '2020-12-01');
INSERT INTO `send_green_thr_standing_book_info` VALUES ('11050005', '20200922', 'HUZ0410120200055', '25497000000051780', '12000001', '0400003062', '', '10190002', '绿色贷款', '10710002', 'C1030433016387', '绿色建材认证推广', '98,000,000', '98,000,000.', '183', '183', '20200623', '20201223', '', '20200922', '10470002', '0.037500', '10410004', '', '10240001', '20200507', 'PBOCGC2020060508', '', null, null, null, null, null, null, null, '杭州分行', '2020-12-01');
INSERT INTO `send_green_thr_standing_book_info` VALUES ('11050005', '20200922', 'HUZ0410120200054', '25497000000051791', '12000001', '0400003078', '', '10190002', '绿色贷款', '10710002', 'C1030433016387', '绿色建材认证推广', '98,000,000', '98,000,000.', '183', '183', '20200623', '20201223', '', '20200922', '10470002', '0.037500', '10410004', '', '10240001', '20200507', 'PBOCGC2020060508', '', null, null, null, null, null, null, null, '杭州分行', '2020-12-01');
INSERT INTO `send_green_thr_standing_book_info` VALUES ('11050005', '20200924', 'HUZ0710120200046', '25451000000020803', '12000001', '0400004637', '', '10190002', '绿色贷款', '10710002', 'C1030433016478', '废旧资源再生利用', '200,000,000', '200,000,000.', '365', '365', '20200831', '20210831', '', '20200924', '10470003', '0.038500', '10410004', '', '10240001', '20200812', 'PBOCGC2020010702', '', null, null, null, null, null, null, null, '杭州分行', '2020-12-01');
INSERT INTO `send_green_thr_standing_book_info` VALUES ('11050002', '20200930', 'HUZZX06S12020170030', '25497000000028036', '12000002', '0500000056', '', '10190003', '绿色贷款', '10710003', 'C1030433016387', '太阳能利用设施建设和运营', '91,200', '62,282.93', '10', '10', '20170913', '20270913', '', '20170913', '10470003', '0.066150', '10410009', '', '10240001', '20170913', 'PBOCGC2020030202', '', null, null, null, null, null, null, null, '杭州分行', '2020-12-01');
INSERT INTO `send_green_thr_standing_book_info` VALUES ('11050002', '20200930', 'HUZZX06S12020170031', '25497000000028127', '12000002', '0500000057', '', '10190003', '绿色贷款', '10710003', 'C1030433016387', '太阳能利用设施建设和运营', '81,090', '55,378.47', '10', '10', '20170915', '20270915', '', '20170915', '10470003', '0.066150', '10410009', '', '10240001', '20170915', 'PBOCGC2020030202', '', null, null, null, null, null, null, null, '杭州分行', '2020-12-01');
INSERT INTO `send_green_thr_standing_book_info` VALUES ('11050002', '20200930', 'HUZZX06S12020170033', '25497000000028138', '12000002', '0500000058', '', '10190003', '绿色贷款', '10710003', 'C1030433016387', '太阳能利用设施建设和运营', '76,585', '52,301.91', '10', '10', '20170915', '20270915', '', '20170915', '10470003', '0.066150', '10410009', '', '10240001', '20170915', 'PBOCGC2020030202', '', null, null, null, null, null, null, null, '杭州分行', '2020-12-01');
INSERT INTO `send_green_thr_standing_book_info` VALUES ('11050002', '20200930', 'HUZZX06S12020170032', '25497000000028218', '12000002', '0500000059', '', '10190003', '绿色贷款', '10710003', 'C1030433016387', '太阳能利用设施建设和运营', '27,030', '19,118.76', '10', '10', '20170921', '20270921', '', '20170921', '10470003', '0.066150', '10410009', '', '10240001', '20170921', 'PBOCGC2020030202', '', null, null, null, null, null, null, null, '杭州分行', '2020-12-01');
INSERT INTO `send_green_thr_standing_book_info` VALUES ('11050002', '20200930', 'HUZZX06S12020170040', '25497000000028241', '12000002', '0500000060', '', '10190003', '绿色贷款', '10710003', 'C1030433016387', '太阳能利用设施建设和运营', '67,575', '47,796.96', '10', '10', '20170922', '20270922', '', '20170922', '10470003', '0.066150', '10410009', '', '10240001', '20170922', 'PBOCGC2020030202', '', null, null, null, null, null, null, null, '杭州分行', '2020-12-01');
INSERT INTO `send_green_thr_standing_book_info` VALUES ('11050002', '20200930', 'HUZZX06S12020170039', '25497000000028354', '12000002', '0500000061', '', '10190003', '绿色贷款', '10710003', 'C1030433016387', '太阳能利用设施建设和运营', '74,587.5', '52,756.98', '10', '10', '20170925', '20270925', '', '20170925', '10470003', '0.066150', '10410009', '', '10240001', '20170925', 'PBOCGC2020030202', '', null, null, null, null, null, null, null, '杭州分行', '2020-12-01');
INSERT INTO `send_green_thr_standing_book_info` VALUES ('11050002', '20200930', 'HUZZX06S12020170044', '25497000000028365', '12000002', '0500000062', '', '10190003', '绿色贷款', '10710003', 'C1030433016387', '太阳能利用设施建设和运营', '76,585', '54,169.84', '10', '10', '20170925', '20270925', '', '20170925', '10470003', '0.066150', '10410009', '', '10240001', '20170925', 'PBOCGC2020030202', '', null, null, null, null, null, null, null, '杭州分行', '2020-12-01');
INSERT INTO `send_green_thr_standing_book_info` VALUES ('11050002', '20200930', 'HUZZX06S12020170043', '25497000000028387', '12000002', '0500000063', '', '10190003', '绿色贷款', '10710003', 'C1030433016387', '太阳能利用设施建设和运营', '66,300', '46,895.16', '10', '10', '20170925', '20270925', '', '20170925', '10470003', '0.066150', '10410009', '', '10240001', '20170925', 'PBOCGC2020030202', '', null, null, null, null, null, null, null, '杭州分行', '2020-12-01');
INSERT INTO `send_green_thr_standing_book_info` VALUES ('11050002', '20200930', 'HUZZX06S12020170053', '25497000000028682', '12000002', '0500000064', '', '10190003', '绿色贷款', '10710003', 'C1030433016387', '太阳能利用设施建设和运营', '88,400', '62,526.8', '10', '10', '20171009', '20271009', '', '20171009', '10470003', '0.066150', '10410009', '', '10240001', '20171009', 'PBOCGC2020030202', '', null, null, null, null, null, null, null, '杭州分行', '2020-12-01');
INSERT INTO `send_green_thr_standing_book_info` VALUES ('11050002', '20200930', 'HUZZX06S12020170046', '25497000000028489', '12000002', '0500000065', '', '10190003', '绿色贷款', '10710003', 'C1030433016387', '太阳能利用设施建设和运营', '74,332.5', '52,576.62', '10', '10', '20170928', '20270928', '', '20170928', '10470003', '0.066150', '10410009', '', '10240001', '20170928', 'PBOCGC2020030202', '', null, null, null, null, null, null, null, '杭州分行', '2020-12-01');
INSERT INTO `send_green_thr_standing_book_info` VALUES ('11050002', '20200930', 'HUZZX06S12020170049', '25497000000028536', '12000002', '0500000066', '', '10190003', '绿色贷款', '10710003', 'C1030433016387', '太阳能利用设施建设和运营', '90,100', '63,729.28', '10', '10', '20170929', '20270929', '', '20170929', '10470003', '0.066150', '10410009', '', '10240001', '20170929', 'PBOCGC2020030202', '', null, null, null, null, null, null, null, '杭州分行', '2020-12-01');
INSERT INTO `send_green_thr_standing_book_info` VALUES ('11050002', '20200930', 'HUZZX06S12020170048', '25497000000028525', '12000002', '0500000068', '', '10190003', '绿色贷款', '10710003', 'C1030433016387', '太阳能利用设施建设和运营', '85,552.5', '44,837.02', '10', '10', '20170929', '20270929', '', '20170929', '10470003', '0.066150', '10410009', '', '10240001', '20170929', 'PBOCGC2020030202', '', null, null, null, null, null, null, null, '杭州分行', '2020-12-01');
INSERT INTO `send_green_thr_standing_book_info` VALUES ('11050002', '20200930', 'HUZZX06S12020170047', '25497000000028490', '12000002', '0500000069', '', '10190003', '绿色贷款', '10710003', 'C1030433016387', '太阳能利用设施建设和运营', '99,450', '70,342.68', '10', '10', '20170928', '20270928', '', '20170928', '10470003', '0.066150', '10410009', '', '10240001', '20170928', 'PBOCGC2020030202', '', null, null, null, null, null, null, null, '杭州分行', '2020-12-01');
INSERT INTO `send_green_thr_standing_book_info` VALUES ('11050002', '20200930', 'HUZZX06S12020170060', '25497000000028977', '12000002', '0500000070', '', '10190003', '绿色贷款', '10710003', 'C1030433016387', '太阳能利用设施建设和运营', '55,250', '39,079.28', '10', '10', '20171019', '20271019', '', '20171019', '10470003', '0.066150', '10410009', '', '10240001', '20171019', 'PBOCGC2020030202', '', null, null, null, null, null, null, null, '杭州分行', '2020-12-01');
INSERT INTO `send_green_thr_standing_book_info` VALUES ('11050002', '20200930', 'HUZZX06S12020170041', '25497000000028398', '12000002', '0500000071', '', '10190003', '绿色贷款', '10710003', 'C1030433016387', '太阳能利用设施建设和运营', '43,520', '30,782.48', '10', '10', '20170925', '20270925', '', '20170925', '10470003', '0.066150', '10410009', '', '10240001', '20170925', 'PBOCGC2020030202', '', null, null, null, null, null, null, null, '杭州分行', '2020-12-01');
INSERT INTO `send_green_thr_standing_book_info` VALUES ('11050002', '20200930', 'HUZZX06S12020170042', '25497000000028376', '12000002', '0500000072', '', '10190003', '绿色贷款', '10710003', 'C1030433016387', '太阳能利用设施建设和运营', '57,120', '40,401.96', '10', '10', '20170925', '20270925', '', '20170925', '10470003', '0.066150', '10410009', '', '10240001', '20170925', 'PBOCGC2020030202', '', null, null, null, null, null, null, null, '杭州分行', '2020-12-01');
INSERT INTO `send_green_thr_standing_book_info` VALUES ('11050002', '20200930', 'HUZZX06S12020170055', '25497000000028693', '12000002', '0500000073', '', '10190003', '绿色贷款', '10710003', 'C1030433016387', '太阳能利用设施建设和运营', '62,560', '44,249.8', '10', '10', '20171009', '20271009', '', '20171009', '10470003', '0.066150', '10410009', '', '10240001', '20171009', 'PBOCGC2020030202', '', null, null, null, null, null, null, null, '杭州分行', '2020-12-01');
INSERT INTO `send_green_thr_standing_book_info` VALUES ('11050002', '20200930', 'HUZZX06S12020170058', '25497000000028739', '12000002', '0500000074', '', '10190003', '绿色贷款', '10710003', 'C1030433016387', '太阳能利用设施建设和运营', '52,272', '36,972.84', '10', '10', '20171010', '20271010', '', '20171010', '10470003', '0.066150', '10410009', '', '10240001', '20171010', 'PBOCGC2020030202', '', null, null, null, null, null, null, null, '杭州分行', '2020-12-01');
INSERT INTO `send_green_thr_standing_book_info` VALUES ('11050002', '20200930', 'HUZZX06S12020170051', '25497000000029346', '12000002', '0500000075', '', '10190003', '绿色贷款', '10710003', 'C1030433016387', '太阳能利用设施建设和运营', '64,260', '45,452.16', '10', '10', '20171031', '20271031', '', '20171031', '10470003', '0.066150', '10410009', '', '10240001', '20171031', 'PBOCGC2020030202', '', null, null, null, null, null, null, null, '杭州分行', '2020-12-01');
INSERT INTO `send_green_thr_standing_book_info` VALUES ('11050002', '20200930', 'HUZZX06S12020170052', '25497000000029017', '12000002', '0500000076', '', '10190003', '绿色贷款', '10710003', 'C1030433016387', '太阳能利用设施建设和运营', '95,040', '67,223.4', '10', '10', '20171019', '20271019', '', '20171019', '10470003', '0.066150', '10410009', '', '10240001', '20171019', 'PBOCGC2020030202', '', null, null, null, null, null, null, null, '杭州分行', '2020-12-01');
INSERT INTO `send_green_thr_standing_book_info` VALUES ('11050002', '20200930', 'HUZZX06S12020170054', '25497000000028706', '12000002', '0500000077', '', '10190003', '绿色贷款', '10710003', 'C1030433016387', '太阳能利用设施建设和运营', '69,827.5', '49,390.18', '10', '10', '20171009', '20271009', '', '20171009', '10470003', '0.066150', '10410009', '', '10240001', '20171009', 'PBOCGC2020030202', '', null, null, null, null, null, null, null, '杭州分行', '2020-12-01');
INSERT INTO `send_green_thr_standing_book_info` VALUES ('11050002', '20200930', 'HUZZX06S12020170056', '25497000000028751', '12000002', '0500000078', '', '10190003', '绿色贷款', '10710003', 'C1030433016387', '太阳能利用设施建设和运营', '96,687.5', '68,388.74', '10', '10', '20171010', '20271010', '', '20171010', '10470003', '0.066150', '10410009', '', '10240001', '20171010', 'PBOCGC2020030202', '', null, null, null, null, null, null, null, '杭州分行', '2020-12-01');
INSERT INTO `send_green_thr_standing_book_info` VALUES ('11050002', '20200930', 'HUZZX06S12020170057', '25497000000028740', '12000002', '0500000079', '', '10190003', '绿色贷款', '10710003', 'C1030433016387', '太阳能利用设施建设和运营', '99,450', '70,342.68', '10', '10', '20171010', '20271010', '', '20171010', '10470003', '0.066150', '10410009', '', '10240001', '20171010', 'PBOCGC2020030202', '', null, null, null, null, null, null, null, '杭州分行', '2020-12-01');
INSERT INTO `send_green_thr_standing_book_info` VALUES ('11050002', '20200930', 'HUZZX06S12020170068', '25497000000029595', '12000002', '0500000080', '', '10190003', '绿色贷款', '10710003', 'C1030433016387', '太阳能利用设施建设和运营', '59,670', '42,205.56', '10', '10', '20171107', '20271107', '', '20171107', '10470003', '0.066150', '10410009', '', '10240001', '20171107', 'PBOCGC2020030202', '', null, null, null, null, null, null, null, '杭州分行', '2020-12-01');
INSERT INTO `send_green_thr_standing_book_info` VALUES ('11050002', '20200930', 'HUZZX06S12020170067', '25497000000029607', '12000002', '0500000081', '', '10190003', '绿色贷款', '10710003', 'C1030433016387', '太阳能利用设施建设和运营', '96,687.5', '68,388.74', '10', '10', '20171107', '20271107', '', '20171107', '10470003', '0.066150', '10410009', '', '10240001', '20171107', 'PBOCGC2020030202', '', null, null, null, null, null, null, null, '杭州分行', '2020-12-01');
INSERT INTO `send_green_thr_standing_book_info` VALUES ('11050002', '20200930', 'HUZZX06S12020170070', '25497000000029630', '12000002', '0500000082', '', '10190003', '绿色贷款', '10710003', 'C1030433016387', '太阳能利用设施建设和运营', '52,785', '37,335.72', '10', '10', '20171108', '20271108', '', '20171108', '10470003', '0.066150', '10410009', '', '10240001', '20171108', 'PBOCGC2020030202', '', null, null, null, null, null, null, null, '杭州分行', '2020-12-01');
INSERT INTO `send_green_thr_standing_book_info` VALUES ('11050002', '20200930', 'HUZZX06S12020170069', '25497000000029641', '12000002', '0500000083', '', '10190003', '绿色贷款', '10710003', 'C1030433016387', '太阳能利用设施建设和运营', '77,350', '54,710.92', '10', '10', '20171108', '20271108', '', '20171108', '10470003', '0.066150', '10410009', '', '10240001', '20171108', 'PBOCGC2020030202', '', null, null, null, null, null, null, null, '杭州分行', '2020-12-01');
INSERT INTO `send_green_thr_standing_book_info` VALUES ('11050002', '20200930', 'HUZZX06S12020170072', '25497000000029765', '12000002', '0500000084', '', '10190003', '绿色贷款', '10710003', 'C1030433016387', '太阳能利用设施建设和运营', '68,000', '48,097.52', '10', '10', '20171115', '20271115', '', '20171115', '10470004', '0.066150', '10410009', '', '10240001', '20171115', 'PBOCGC2020030202', '', null, null, null, null, null, null, null, '杭州分行', '2020-12-01');
INSERT INTO `send_green_thr_standing_book_info` VALUES ('11050002', '20200930', 'HUZZX06S12020170071', '25497000000029776', '12000002', '0500000085', '', '10190003', '绿色贷款', '10710003', 'C1030433016387', '太阳能利用设施建设和运营', '60,775', '42,987.16', '10', '10', '20171115', '20271115', '', '20171115', '10470003', '0.066150', '10410009', '', '10240001', '20171115', 'PBOCGC2020030202', '', null, null, null, null, null, null, null, '杭州分行', '2020-12-01');
INSERT INTO `send_green_thr_standing_book_info` VALUES ('11050002', '20200930', 'HUZZX06S12020170074', '25497000000029823', '12000002', '0500000086', '', '10190003', '绿色贷款', '10710003', 'C1030433016387', '太阳能利用设施建设和运营', '34,425', '24,349.44', '10', '10', '20171116', '20271116', '', '20171116', '10470003', '0.066150', '10410009', '', '10240001', '20171116', 'PBOCGC2020030202', '', null, null, null, null, null, null, null, '杭州分行', '2020-12-01');
INSERT INTO `send_green_thr_standing_book_info` VALUES ('11050002', '20200930', 'HUZZX06S12020170076', '25497000000029834', '12000002', '0500000087', '', '10190003', '绿色贷款', '10710003', 'C1030433016387', '太阳能利用设施建设和运营', '56,312.5', '39,830.74', '10', '10', '20171116', '20271116', '', '20171116', '10470003', '0.066150', '10410009', '', '10240001', '20171116', 'PBOCGC2020030202', '', null, null, null, null, null, null, null, '杭州分行', '2020-12-01');
INSERT INTO `send_green_thr_standing_book_info` VALUES ('11050002', '20200930', 'HUZZX06S12020170075', '25497000000029812', '12000002', '0500000088', '', '10190003', '绿色贷款', '10710003', 'C1030433016387', '太阳能利用设施建设和运营', '68,850', '48,698.76', '10', '10', '20171116', '20271116', '', '20171116', '10470003', '0.066150', '10410009', '', '10240001', '20171116', 'PBOCGC2020030202', '', null, null, null, null, null, null, null, '杭州分行', '2020-12-01');
INSERT INTO `send_green_thr_standing_book_info` VALUES ('11050002', '20200930', 'HUZZX06S12020170077', '25497000000029981', '12000002', '0500000089', '', '10190003', '绿色贷款', '10710003', 'C1030433016387', '太阳能利用设施建设和运营', '48,195', '34,089.12', '10', '10', '20171121', '20271121', '', '20171121', '10470003', '0.066150', '10410009', '', '10240001', '20171121', 'PBOCGC2020030202', '', null, null, null, null, null, null, null, '杭州分行', '2020-12-01');
INSERT INTO `send_green_thr_standing_book_info` VALUES ('11050002', '20200930', 'HUZZX06S12020170079', '25497000000029992', '12000002', '0500000090', '', '10190003', '绿色贷款', '10710003', 'C1030433016387', '太阳能利用设施建设和运营', '52,785', '37,335.72', '10', '10', '20171121', '20271121', '', '20171121', '10470003', '0.066150', '10410009', '', '10240001', '20171121', 'PBOCGC2020030202', '', null, null, null, null, null, null, null, '杭州分行', '2020-12-01');
INSERT INTO `send_green_thr_standing_book_info` VALUES ('11050002', '20200930', 'HUZZX06S12020170078', '25497000000030000', '12000002', '0500000091', '', '10190003', '绿色贷款', '10710003', 'C1030433016387', '太阳能利用设施建设和运营', '96,390', '68,178.24', '10', '10', '20171121', '20271121', '', '20171121', '10470003', '0.066150', '10410009', '', '10240001', '20171121', 'PBOCGC2020030202', '', null, null, null, null, null, null, null, '杭州分行', '2020-12-01');
INSERT INTO `send_green_thr_standing_book_info` VALUES ('11050002', '20200930', 'HUZZX06S12020170083', '25497000000030215', '12000002', '0500000092', '', '10190003', '绿色贷款', '10710003', 'C1030433016387', '太阳能利用设施建设和运营', '71,145', '50,322.12', '10', '10', '20171127', '20271127', '', '20171127', '10470003', '0.066150', '10410009', '', '10240001', '20171127', 'PBOCGC2020030202', '', null, null, null, null, null, null, null, '杭州分行', '2020-12-01');
INSERT INTO `send_green_thr_standing_book_info` VALUES ('11050002', '20200930', 'HUZZX06S12020170073', '25497000000030204', '12000002', '0500000093', '', '10190003', '绿色贷款', '10710003', 'C1030433016387', '太阳能利用设施建设和运营', '40,800', '28,858.56', '10', '10', '20171127', '20271127', '', '20171127', '10470003', '0.066150', '10410009', '', '10240001', '20171127', 'PBOCGC2020030202', '', null, null, null, null, null, null, null, '杭州分行', '2020-12-01');
INSERT INTO `send_green_thr_standing_book_info` VALUES ('11050002', '20200930', 'HUZZX06S12020170086', '25497000000030317', '12000002', '0500000095', '', '10190003', '绿色贷款', '10710003', 'C1030433016387', '太阳能利用设施建设和运营', '58,565', '41,423.96', '10', '10', '20171130', '20271130', '', '20171130', '10470003', '0.066150', '10410009', '', '10240001', '20171130', 'PBOCGC2020030202', '', null, null, null, null, null, null, null, '杭州分行', '2020-12-01');
INSERT INTO `send_green_thr_standing_book_info` VALUES ('11050002', '20200930', 'HUZZX06S12020170085', '25497000000030306', '12000002', '0500000096', '', '10190003', '绿色贷款', '10710003', 'C1030433016387', '太阳能利用设施建设和运营', '54,400', '38,478.04', '10', '10', '20171130', '20271130', '', '20171130', '10470003', '0.066150', '10410009', '', '10240001', '20171130', 'PBOCGC2020030202', '', null, null, null, null, null, null, null, '杭州分行', '2020-12-01');
INSERT INTO `send_green_thr_standing_book_info` VALUES ('11050002', '20200930', 'HUZZX06S12020180011', '25497000000032406', '12000002', '0500000097', '', '10190003', '绿色贷款', '10710003', 'C1030433016387', '太阳能利用设施建设和运营', '68,850', '50,378.03', '10', '10', '20180208', '20280208', '', '20180208', '10470003', '0.066150', '10410009', '', '10240001', '20180208', 'PBOCGC2020030202', '', null, null, null, null, null, null, null, '杭州分行', '2020-12-01');
INSERT INTO `send_green_thr_standing_book_info` VALUES ('11050002', '20200930', 'HUZZX06S12020180012', '25497000000032643', '12000002', '0500000098', '', '10190003', '绿色贷款', '10710003', 'C1030433016387', '太阳能利用设施建设和运营', '64,260', '47,019.48', '10', '10', '20180212', '20280212', '', '20180212', '10470003', '0.066150', '10410009', '', '10240001', '20180212', 'PBOCGC2020030202', '', null, null, null, null, null, null, null, '杭州分行', '2020-12-01');
INSERT INTO `send_green_thr_standing_book_info` VALUES ('11050002', '20200930', 'HUZZX06S12020180014', '25497000000032654', '12000002', '0500000099', '', '10190003', '绿色贷款', '10710003', 'C1030433016387', '太阳能利用设施建设和运营', '64,260', '47,019.48', '10', '10', '20180212', '20280212', '', '20180212', '10470003', '0.066150', '10410009', '', '10240001', '20180212', 'PBOCGC2020030202', '', null, null, null, null, null, null, null, '杭州分行', '2020-12-01');
INSERT INTO `send_green_thr_standing_book_info` VALUES ('11050002', '20200930', 'HUZZX06S12020180015', '25497000000032676', '12000002', '0500000100', '', '10190003', '绿色贷款', '10710003', 'C1030433016387', '太阳能利用设施建设和运营', '87,210', '63,812.23', '10', '10', '20180212', '20280212', '', '20180212', '10470003', '0.066150', '10410009', '', '10240001', '20180212', 'PBOCGC2020030202', '', null, null, null, null, null, null, null, '杭州分行', '2020-12-01');
INSERT INTO `send_green_thr_standing_book_info` VALUES ('11050002', '20200930', 'HUZZX06S12020180017', '25497000000032632', '12000002', '0500000101', '', '10190003', '绿色贷款', '10710003', 'C1030433016387', '太阳能利用设施建设和运营', '68,850', '50,378.03', '10', '10', '20180212', '20280212', '', '20180212', '10470003', '0.066150', '10410009', '', '10240001', '20180212', 'PBOCGC2020030202', '', null, null, null, null, null, null, null, '杭州分行', '2020-12-01');
INSERT INTO `send_green_thr_standing_book_info` VALUES ('11050002', '20200930', 'HUZZX06S12020180016', '25497000000032621', '12000002', '0500000103', '', '10190003', '绿色贷款', '10710003', 'C1030433016387', '太阳能利用设施建设和运营', '91,800', '67,170.78', '10', '10', '20180212', '20280212', '', '20180212', '10470003', '0.066150', '10410009', '', '10240001', '20180212', 'PBOCGC2020030202', '', null, null, null, null, null, null, null, '杭州分行', '2020-12-01');
INSERT INTO `send_green_thr_standing_book_info` VALUES ('11050002', '20200930', 'HUZZX06S12020180025', '25497000000032858', '12000002', '0500000104', '', '10190003', '绿色贷款', '10710003', 'C1030433016387', '太阳能利用设施建设和运营', '68,850', '50,378.03', '10', '10', '20180226', '20280226', '', '20180226', '10470003', '0.066150', '10410009', '', '10240001', '20180226', 'PBOCGC2020030202', '', null, null, null, null, null, null, null, '杭州分行', '2020-12-01');
INSERT INTO `send_green_thr_standing_book_info` VALUES ('11050002', '20200930', 'HUZZX06S12020180021', '25497000000032870', '12000002', '0500000105', '', '10190003', '绿色贷款', '10710003', 'C1030433016387', '太阳能利用设施建设和运营', '73,440', '53,736.58', '10', '10', '20180226', '20280226', '', '20180226', '10470003', '0.066150', '10410009', '', '10240001', '20180226', 'PBOCGC2020030202', '', null, null, null, null, null, null, null, '杭州分行', '2020-12-01');
INSERT INTO `send_green_thr_standing_book_info` VALUES ('11050002', '20200930', 'HUZZX06S12020180024', '25497000000032869', '12000002', '0500000106', '', '10190003', '绿色贷款', '10710003', 'C1030433016387', '太阳能利用设施建设和运营', '50,490', '36,943.94', '10', '10', '20180226', '20280226', '', '20180226', '10470003', '0.066150', '10410009', '', '10240001', '20180226', 'PBOCGC2020030202', '', null, null, null, null, null, null, null, '杭州分行', '2020-12-01');
INSERT INTO `send_green_thr_standing_book_info` VALUES ('11050002', '20200930', 'HUZZX06S12020180026', '25497000000032847', '12000002', '0500000107', '', '10190003', '绿色贷款', '10710003', 'C1030433016387', '太阳能利用设施建设和运营', '45,900', '33,585.39', '10', '10', '20180226', '20280226', '', '20180226', '10470003', '0.066150', '10410009', '', '10240001', '20180226', 'PBOCGC2020030202', '', null, null, null, null, null, null, null, '杭州分行', '2020-12-01');
INSERT INTO `send_green_thr_standing_book_info` VALUES ('11050002', '20200930', 'HUZZX06S12020170059', '25497000000029119', '12000002', '0500000108', '', '10190003', '绿色贷款', '10710003', 'C1030433016387', '太阳能利用设施建设和运营', '73,440', '51,945.36', '10', '10', '20171024', '20271024', '', '20171024', '10470003', '0.066150', '10410009', '', '10240001', '20171024', 'PBOCGC2020030202', '', null, null, null, null, null, null, null, '杭州分行', '2020-12-01');
INSERT INTO `send_green_thr_standing_book_info` VALUES ('11050002', '20200930', 'HUZZX06S12020180031', '25497000000033409', '12000002', '0500000109', '', '10190003', '绿色贷款', '10710003', 'C1030433016387', '太阳能利用设施建设和运营', '68,850', '52,057.3', '10', '10', '20180321', '20280321', '', '20180321', '10470003', '0.066150', '10410009', '', '10240001', '20180321', 'PBOCGC2020030202', '', null, null, null, null, null, null, null, '杭州分行', '2020-12-01');
INSERT INTO `send_green_thr_standing_book_info` VALUES ('11050002', '20200930', 'HUZZX06S12020180023', '25497000000032723', '12000002', '0500000110', '', '10190003', '绿色贷款', '10710003', 'C1030433016387', '太阳能利用设施建设和运营', '43,605', '31,906.06', '10', '10', '20180213', '20280213', '', '20180213', '10470003', '0.066150', '10410009', '', '10240001', '20180213', 'PBOCGC2020030202', '', null, null, null, null, null, null, null, '杭州分行', '2020-12-01');
INSERT INTO `send_green_thr_standing_book_info` VALUES ('11050002', '20200930', 'HUZZX06S12020180022', '25497000000032712', '12000002', '0500000111', '', '10190003', '绿色贷款', '10710003', 'C1030433016387', '太阳能利用设施建设和运营', '64,260', '47,019.48', '10', '10', '20180213', '20280213', '', '20180213', '10470003', '0.066150', '10410009', '', '10240001', '20180213', 'PBOCGC2020030202', '', null, null, null, null, null, null, null, '杭州分行', '2020-12-01');
INSERT INTO `send_green_thr_standing_book_info` VALUES ('11050002', '20200930', 'HUZ0710120200036', '25451000000019377', '12000001', '0500000249', '', '10190002', '绿色贷款', '10710002', 'C1030433016478', '城镇供水管网分区计量漏损控制建设和运营', '97,000,000', '97,000,000.', '182', '182', '20200619', '20201218', '', '20200619', '10470002', '0.034000', '10410004', '', '10240001', '20200610', 'PBOCGC2020050305', '', null, null, null, null, null, null, null, '杭州分行', '2020-12-01');
INSERT INTO `send_green_thr_standing_book_info` VALUES ('11050002', '20200930', 'HUZ0310120190148', '25497000000047504', '12000001', '0500000450', '', '10190002', '绿色贷款', '10710002', 'C1030433016387', '矿产资源综合利用', '30,000,000', '30,000,000.', '366', '366', '20191023', '20201023', '', '20191023', '10470003', '0.056700', '10410009', '', '10240001', '20191023', 'PBOCGC2020010701', 'CBRCGC00105010000', null, null, null, null, null, null, null, '杭州分行', '2020-12-01');
INSERT INTO `send_green_thr_standing_book_info` VALUES ('11050002', '20200930', 'HUZ1010220170003', '25452000000004486', '12000001', '0500001393', '', '10190002', '绿色贷款', '10710003', 'C1030433016593', '良好水体保护及地下水环境防治', '150,000,000', '115,000,000.', '1,826', '1,826', '20170117', '20220117', '', '20170117', '10470003', '0.056000', '10410004', '', '10240001', '20160714', 'PBOCGC2020010601', '', null, null, null, null, null, null, null, '杭州分行', '2020-12-01');
INSERT INTO `send_green_thr_standing_book_info` VALUES ('11050002', '20200930', 'HUZ1010220160045', '25452000000003391', '12000001', '0500001393', '', '10190002', '绿色贷款', '10710003', 'C1030433016593', '良好水体保护及地下水环境防治', '50,000,000', '26,660,000.', '1,826', '1,826', '20161019', '20211019', '', '20161019', '10470003', '0.052250', '10410004', '', '10240001', '20160714', 'PBOCGC2020010601', '', null, null, null, null, null, null, null, '杭州分行', '2020-12-01');
INSERT INTO `send_green_thr_standing_book_info` VALUES ('11050002', '20200930', 'HUZZX06S12020170088', '25497000000031560', '12000002', '0600000010', '', '10190003', '绿色贷款', '10710003', 'C1030433016387', '太阳能利用设施建设和运营', '52,785', '38,623.16', '10', '10', '20180111', '20280111', '', '20180111', '10470003', '0.066150', '10410009', '', '10240001', '20180111', 'PBOCGC2020030202', '', null, null, null, null, null, null, null, '杭州分行', '2020-12-01');
INSERT INTO `send_green_thr_standing_book_info` VALUES ('11050002', '20200930', 'HUZZX06S12020180001', '25497000000031559', '12000002', '0600000011', '', '10190003', '绿色贷款', '10710003', 'C1030433016387', '太阳能利用设施建设和运营', '43,605', '31,906.06', '10', '10', '20180111', '20280111', '', '20180111', '10470003', '0.066150', '10410009', '', '10240001', '20180111', 'PBOCGC2020030202', '', null, null, null, null, null, null, null, '杭州分行', '2020-12-01');
INSERT INTO `send_green_thr_standing_book_info` VALUES ('11050002', '20200930', 'HUZZX06S12020170062', '25497000000029108', '12000002', '0600000012', '', '10190003', '绿色贷款', '10710003', 'C1030433016387', '太阳能利用设施建设和运营', '54,400', '38,478.04', '10', '10', '20171024', '20271024', '', '20171024', '10470003', '0.066150', '10410009', '', '10240001', '20171024', 'PBOCGC2020030202', '', null, null, null, null, null, null, null, '杭州分行', '2020-12-01');
INSERT INTO `send_green_thr_standing_book_info` VALUES ('11050002', '20200930', 'HUZZX06S12020180002', '25497000000031548', '12000002', '0600000013', '', '10190003', '绿色贷款', '10710003', 'C1030433016387', '太阳能利用设施建设和运营', '58,500', '42,804.87', '10', '10', '20180111', '20280111', '', '20180111', '10470003', '0.066150', '10410009', '', '10240001', '20180111', 'PBOCGC2020030202', '', null, null, null, null, null, null, null, '杭州分行', '2020-12-01');
INSERT INTO `send_green_thr_standing_book_info` VALUES ('11050002', '20200930', 'HUZZX09S12020170082', '25452000000006336', '12000002', '0600000029', '', '10190003', '绿色贷款', '10710003', 'C1030433016593', '太阳能利用设施建设和运营', '54,000', '36,878.09', '10', '10', '20170908', '20270908', '', '20170908', '10470003', '0.066150', '10410009', '', '10240001', '20170908', 'PBOCGC2020030202', '', null, null, null, null, null, null, null, '杭州分行', '2020-12-01');
INSERT INTO `send_green_thr_standing_book_info` VALUES ('11050002', '20200930', 'HUZZX09S12020170102', '25452000000006541', '12000002', '0600000032', '', '10190003', '绿色贷款', '10710003', 'C1030433016593', '太阳能利用设施建设和运营', '27,000', '19,097.52', '10', '10', '20171010', '20271010', '', '20171010', '10470004', '0.066150', '10410009', '', '10240001', '20171010', 'PBOCGC2020030202', '', null, null, null, null, null, null, null, '杭州分行', '2020-12-01');
INSERT INTO `send_green_thr_standing_book_info` VALUES ('11050002', '20200930', 'HUZZX09S12020170083', '25452000000006325', '12000002', '0600000034', '', '10190003', '绿色贷款', '10710003', 'C1030433016593', '太阳能利用设施建设和运营', '90,000', '61,463.44', '10', '10', '20170908', '20270908', '', '20170908', '10470003', '0.066150', '10410009', '', '10240001', '20170908', 'PBOCGC2020030202', '', null, null, null, null, null, null, null, '杭州分行', '2020-12-01');
INSERT INTO `send_green_thr_standing_book_info` VALUES ('11050002', '20200930', 'HUZZX09S12020170095', '25452000000006518', '12000002', '0600000037', '', '10190003', '绿色贷款', '10710003', 'C1030433016593', '太阳能利用设施建设和运营', '54,000', '38,195.16', '3,651', '3,651', '20171009', '20271008', '', '20171009', '10470003', '0.066150', '10410009', '', '10240001', '20171009', 'PBOCGC2020030202', '', null, null, null, null, null, null, null, '杭州分行', '2020-12-01');
INSERT INTO `send_green_thr_standing_book_info` VALUES ('11050002', '20200930', 'HUZZX09S12020170097', '25452000000006530', '12000002', '0600000039', '', '10190003', '绿色贷款', '10710003', 'C1030433016593', '太阳能利用设施建设和运营', '36,000', '25,463.4', '10', '10', '20171009', '20271009', '', '20171009', '10470003', '0.066150', '10410009', '', '10240001', '20171009', 'PBOCGC2020030202', '', null, null, null, null, null, null, null, '杭州分行', '2020-12-01');
INSERT INTO `send_green_thr_standing_book_info` VALUES ('11050002', '20200930', 'HUZZX09S12020170098', '25452000000006835', '12000002', '0600000043', '', '10190003', '绿色贷款', '10710003', 'C1030433016593', '太阳能利用设施建设和运营', '54,000', '38,195.16', '10', '10', '20171024', '20271024', '', '20171024', '10470003', '0.066150', '10410009', '', '10240001', '20171024', 'PBOCGC2020030202', '', null, null, null, null, null, null, null, '杭州分行', '2020-12-01');
INSERT INTO `send_green_thr_standing_book_info` VALUES ('11050002', '20200930', 'HUZZX09S12020170096', '25452000000006529', '12000002', '0600000093', '', '10190003', '绿色贷款', '10710003', 'C1030433016593', '太阳能利用设施建设和运营', '45,000', '31,829.28', '10', '10', '20171009', '20271009', '', '20171009', '10470003', '0.066150', '10410009', '', '10240001', '20171009', 'PBOCGC2020030202', '', null, null, null, null, null, null, null, '杭州分行', '2020-12-01');
INSERT INTO `send_green_thr_standing_book_info` VALUES ('11050002', '20200930', 'HUZZX09S12020170103', '25452000000006915', '12000002', '0600000095', '', '10190003', '绿色贷款', '10710003', 'C1030433016593', '太阳能利用设施建设和运营', '90,000', '63,658.56', '10', '10', '20171102', '20271102', '', '20171102', '10470003', '0.066150', '10410009', '', '10240001', '20171102', 'PBOCGC2020030202', '', null, null, null, null, null, null, null, '杭州分行', '2020-12-01');
INSERT INTO `send_green_thr_standing_book_info` VALUES ('11050002', '20200930', 'HUZZX09S12020170087', '25452000000006449', '12000002', '0600000102', '', '10190003', '绿色贷款', '10710003', 'C1030433016593', '太阳能利用设施建设和运营', '72,000', '50,926.8', '10', '10', '20170926', '20270926', '', '20170926', '10470004', '0.066150', '10410009', '', '10240001', '20170926', 'PBOCGC2020030202', '', null, null, null, null, null, null, null, '杭州分行', '2020-12-01');
INSERT INTO `send_green_thr_standing_book_info` VALUES ('11050002', '20200930', 'HUZZX02S12020170104', '25451000000007713', '12000002', '0600000122', '', '10190003', '绿色贷款', '10710003', 'C1030433016478', '太阳能利用设施建设和运营', '63,600', '44,985.36', '10', '10', '20171214', '20271214', '', '20171214', '10470003', '0.066150', '10410009', '', '10240001', '20171214', 'PBOCGC2020030202', '', null, null, null, null, null, null, null, '杭州分行', '2020-12-01');
INSERT INTO `send_green_thr_standing_book_info` VALUES ('11050002', '20200930', 'HUZZX02S12020170122', '25451000000007973', '12000002', '0600000155', '', '10190003', '绿色贷款', '10710003', 'C1030433016478', '太阳能利用设施建设和运营', '63,600', '46,536.58', '10', '10', '20180103', '20280103', '', '20180103', '10470003', '0.066150', '10410009', '', '10240001', '20180103', 'PBOCGC2020030202', '', null, null, null, null, null, null, null, '杭州分行', '2020-12-01');
INSERT INTO `send_green_thr_standing_book_info` VALUES ('11050002', '20200930', 'HUZZX02S12020170106', '25451000000007699', '12000002', '0600000159', '', '10190003', '绿色贷款', '10710003', 'C1030433016478', '太阳能利用设施建设和运营', '63,600', '44,985.36', '10', '10', '20171214', '20271214', '', '20171214', '10470003', '0.066150', '10410009', '', '10240001', '20171214', 'PBOCGC2020030202', '', null, null, null, null, null, null, null, '杭州分行', '2020-12-01');
INSERT INTO `send_green_thr_standing_book_info` VALUES ('11050002', '20200930', 'HUZZX02S12020170119', '25451000000007848', '12000002', '0600000161', '', '10190003', '绿色贷款', '10710003', 'C1030433016478', '太阳能利用设施建设和运营', '53,000', '38,780.52', '10', '10', '20171226', '20271226', '', '20171226', '10470003', '0.066150', '10410009', '', '10240001', '20171226', 'PBOCGC2020030202', '', null, null, null, null, null, null, null, '杭州分行', '2020-12-01');
INSERT INTO `send_green_thr_standing_book_info` VALUES ('11050002', '20200930', 'HUZZX02S12020170117', '25451000000007804', '12000002', '0600000167', '', '10190003', '绿色贷款', '10710003', 'C1030433016478', '太阳能利用设施建设和运营', '63,600', '46,536.58', '10', '10', '20171221', '20271221', '', '20171221', '10470003', '0.066150', '10410009', '', '10240001', '20171221', 'PBOCGC2020030202', '', null, null, null, null, null, null, null, '杭州分行', '2020-12-01');
INSERT INTO `send_green_thr_standing_book_info` VALUES ('11050002', '20200930', 'HUZZX02S12020170114', '25451000000007702', '12000002', '0600000169', '', '10190003', '绿色贷款', '10710003', 'C1030433016478', '太阳能利用设施建设和运营', '63,600', '44,985.36', '10', '10', '20171214', '20271214', '', '20171214', '10470003', '0.066150', '10410009', '', '10240001', '20171214', 'PBOCGC2020030202', '', null, null, null, null, null, null, null, '杭州分行', '2020-12-01');
INSERT INTO `send_green_thr_standing_book_info` VALUES ('11050002', '20200930', 'HUZZX02S12020170123', '25451000000007984', '12000002', '0600000172', '', '10190003', '绿色贷款', '10710003', 'C1030433016478', '太阳能利用设施建设和运营', '63,600', '46,536.58', '10', '10', '20180103', '20280103', '', '20180103', '10470003', '0.066150', '10410009', '', '10240001', '20180103', 'PBOCGC2020030202', '', null, null, null, null, null, null, null, '杭州分行', '2020-12-01');
INSERT INTO `send_green_thr_standing_book_info` VALUES ('11050002', '20200930', 'HUZZX02S12020170101', '25451000000007871', '12000002', '0600000174', '', '10190003', '绿色贷款', '10710003', 'C1030433016478', '太阳能利用设施建设和运营', '66,640', '48,760.93', '10', '10', '20180102', '20280102', '', '20180102', '10470003', '0.066150', '10410009', '', '10240001', '20180102', 'PBOCGC2020030202', '', null, null, null, null, null, null, null, '杭州分行', '2020-12-01');
INSERT INTO `send_green_thr_standing_book_info` VALUES ('11050002', '20200930', 'HUZZX02S12020170107', '25451000000007724', '12000002', '0600000178', '', '10190003', '绿色贷款', '10710003', 'C1030433016478', '太阳能利用设施建设和运营', '63,600', '44,985.36', '10', '10', '20171214', '20271214', '', '20171214', '10470003', '0.066150', '10410009', '', '10240001', '20171214', 'PBOCGC2020030202', '', null, null, null, null, null, null, null, '杭州分行', '2020-12-01');
INSERT INTO `send_green_thr_standing_book_info` VALUES ('11050002', '20200930', 'HUZZX02S12020180005', '25451000000008036', '12000002', '0600000180', '', '10190003', '绿色贷款', '10710003', 'C1030433016478', '太阳能利用设施建设和运营', '57,876', '42,348.29', '10', '10', '20180105', '20280105', '', '20180105', '10470003', '0.066150', '10410009', '', '10240001', '20180105', 'PBOCGC2020030202', '', null, null, null, null, null, null, null, '杭州分行', '2020-12-01');
INSERT INTO `send_green_thr_standing_book_info` VALUES ('11050002', '20200930', 'HUZZX02S12020170109', '25451000000007826', '12000002', '0600000183', '', '10190003', '绿色贷款', '10710003', 'C1030433016478', '太阳能利用设施建设和运营', '42,400', '31,024.35', '10', '10', '20171226', '20271226', '', '20171226', '10470003', '0.066150', '10410009', '', '10240001', '20171226', 'PBOCGC2020030202', '', null, null, null, null, null, null, null, '杭州分行', '2020-12-01');
INSERT INTO `send_green_thr_standing_book_info` VALUES ('11050002', '20200930', 'HUZZX02S12020180008', '25451000000008014', '12000002', '0600000185', '', '10190003', '绿色贷款', '10710003', 'C1030433016478', '太阳能利用设施建设和运营', '45,050', '32,963.42', '10', '10', '20180105', '20280105', '', '20180105', '10470003', '0.066150', '10410009', '', '10240001', '20180105', 'PBOCGC2020030202', '', null, null, null, null, null, null, null, '杭州分行', '2020-12-01');
INSERT INTO `send_green_thr_standing_book_info` VALUES ('11050002', '20200930', 'HUZZX02S12020180011', '25451000000008218', '12000002', '0600000188', '', '10190003', '绿色贷款', '10710003', 'C1030433016478', '太阳能利用设施建设和运营', '54,756', '40,065.39', '10', '10', '20180109', '20280109', '', '20180109', '10470003', '0.066150', '10410009', '', '10240001', '20180109', 'PBOCGC2020030202', '', null, null, null, null, null, null, null, '杭州分行', '2020-12-01');
INSERT INTO `send_green_thr_standing_book_info` VALUES ('11050002', '20200930', 'HUZZX02S12020170118', '25451000000007780', '12000002', '0600000189', '', '10190003', '绿色贷款', '10710003', 'C1030433016478', '太阳能利用设施建设和运营', '40,280', '29,473.16', '10', '10', '20171221', '20271221', '', '20171221', '10470003', '0.066150', '10410009', '', '10240001', '20171221', 'PBOCGC2020030202', '', null, null, null, null, null, null, null, '杭州分行', '2020-12-01');
INSERT INTO `send_green_thr_standing_book_info` VALUES ('11050002', '20200930', 'HUZZX02S12020180003', '25451000000008069', '12000002', '0600000191', '', '10190003', '绿色贷款', '10710003', 'C1030433016478', '太阳能利用设施建设和运营', '61,880', '45,278.03', '10', '10', '20180105', '20280105', '', '20180105', '10470003', '0.066150', '10410009', '', '10240001', '20180105', 'PBOCGC2020030202', '', null, null, null, null, null, null, null, '杭州分行', '2020-12-01');
INSERT INTO `send_green_thr_standing_book_info` VALUES ('11050002', '20200930', 'HUZZX02S12020180007', '25451000000008058', '12000002', '0600000194', '', '10190003', '绿色贷款', '10710003', 'C1030433016478', '太阳能利用设施建设和运营', '45,050', '32,963.42', '10', '10', '20180105', '20280105', '', '20180105', '10470003', '0.066150', '10410009', '', '10240001', '20180105', 'PBOCGC2020030202', '', null, null, null, null, null, null, null, '杭州分行', '2020-12-01');
INSERT INTO `send_green_thr_standing_book_info` VALUES ('11050002', '20200930', 'HUZZX02S12020170115', '25451000000007815', '12000002', '0600000195', '', '10190003', '绿色贷款', '10710003', 'C1030433016478', '太阳能利用设施建设和运营', '63,600', '46,536.58', '10', '10', '20171221', '20271221', '', '20171221', '10470003', '0.066150', '10410009', '', '10240001', '20171221', 'PBOCGC2020030202', '', null, null, null, null, null, null, null, '杭州分行', '2020-12-01');
INSERT INTO `send_green_thr_standing_book_info` VALUES ('11050002', '20200930', 'HUZZX02S12020180001', '25451000000008003', '12000002', '0600000198', '', '10190003', '绿色贷款', '10710003', 'C1030433016478', '太阳能利用设施建设和运营', '39,015', '28,547.51', '10', '10', '20180105', '20280105', '', '20180105', '10470003', '0.066150', '10410009', '', '10240001', '20180105', 'PBOCGC2020030202', '', null, null, null, null, null, null, null, '杭州分行', '2020-12-01');
INSERT INTO `send_green_thr_standing_book_info` VALUES ('11050002', '20200930', 'HUZZX02S12020170108', '25451000000007995', '12000002', '0600000199', '', '10190003', '绿色贷款', '10710003', 'C1030433016478', '太阳能利用设施建设和运营', '27,560', '20,165.8', '10', '10', '20180103', '20280103', '', '20180103', '10470003', '0.066150', '10410009', '', '10240001', '20180103', 'PBOCGC2020030202', '', null, null, null, null, null, null, null, '杭州分行', '2020-12-01');
INSERT INTO `send_green_thr_standing_book_info` VALUES ('11050002', '20200930', 'HUZZX02S12020180010', '25451000000008343', '12000002', '0600000201', '', '10190003', '绿色贷款', '10710003', 'C1030433016478', '太阳能利用设施建设和运营', '58,565', '42,852.38', '10', '10', '20180116', '20280116', '', '20180116', '10470003', '0.066150', '10410009', '', '10240001', '20180116', 'PBOCGC2020030202', '', null, null, null, null, null, null, null, '杭州分行', '2020-12-01');
INSERT INTO `send_green_thr_standing_book_info` VALUES ('11050002', '20200930', 'HUZZX02S12020170103', '25451000000007837', '12000002', '0600000204', '', '10190003', '绿色贷款', '10710003', 'C1030433016478', '太阳能利用设施建设和运营', '38,160', '27,921.97', '10', '10', '20171226', '20271226', '', '20171226', '10470003', '0.066150', '10410009', '', '10240001', '20171226', 'PBOCGC2020030202', '', null, null, null, null, null, null, null, '杭州分行', '2020-12-01');
INSERT INTO `send_green_thr_standing_book_info` VALUES ('11050002', '20200930', 'HUZZX02S12020180002', '25451000000008025', '12000002', '0600000205', '', '10190003', '绿色贷款', '10710003', 'C1030433016478', '太阳能利用设施建设和运营', '67,575', '35,598.9', '10', '10', '20180105', '20280105', '', '20180105', '10470003', '0.066150', '10410009', '', '10240001', '20180105', 'PBOCGC2020030202', '', null, null, null, null, null, null, null, '杭州分行', '2020-12-01');
INSERT INTO `send_green_thr_standing_book_info` VALUES ('11050002', '20200930', 'HUZZX02S12020180013', '25451000000008241', '12000002', '0600000208', '', '10190003', '绿色贷款', '10710003', 'C1030433016478', '太阳能利用设施建设和运营', '63,070', '46,148.81', '10', '10', '20180109', '20280109', '', '20180109', '10470004', '0.066150', '10410009', '', '10240001', '20180109', 'PBOCGC2020030202', '', null, null, null, null, null, null, null, '杭州分行', '2020-12-01');
INSERT INTO `send_green_thr_standing_book_info` VALUES ('11050002', '20200930', 'HUZZX02S12020180006', '25451000000008047', '12000002', '0600000210', '', '10190003', '绿色贷款', '10710003', 'C1030433016478', '太阳能利用设施建设和运营', '36,040', '25,325.45', '9', '9', '20180105', '20270105', '', '20180105', '10470003', '0.066150', '10410009', '', '10240001', '20180105', 'PBOCGC2020030202', '', null, null, null, null, null, null, null, '杭州分行', '2020-12-01');
INSERT INTO `send_green_thr_standing_book_info` VALUES ('11050002', '20200930', 'HUZZX02S12020170090', '25451000000007167', '12000002', '0600000213', '', '10190003', '绿色贷款', '10710003', 'C1030433016478', '太阳能利用设施建设和运营', '68,850', '48,698.76', '10', '10', '20170930', '20270930', '', '20170930', '10470003', '0.066150', '10410009', '', '10240001', '20170930', 'PBOCGC2020030202', '', null, null, null, null, null, null, null, '杭州分行', '2020-12-01');
INSERT INTO `send_green_thr_standing_book_info` VALUES ('11050005', '20200924', 'HUZ0310120200069', '25497000000052127', '12000001', '0600000216', '', '10190002', '绿色贷款', '10710002', 'C1030433016387', '道路绿化建设、养护管理', '10,000,000', '10,000,000.', '365', '365', '20200709', '20210709', '', '20200924', '10470002', '0.047000', '10410004', '', '10240001', '20200630', 'PBOCGC2020050604', '', null, null, null, null, null, null, null, '杭州分行', '2020-12-01');
INSERT INTO `send_green_thr_standing_book_info` VALUES ('11050005', '20200924', 'HUZ0310120200068', '25497000000052116', '12000001', '0600000216', '', '10190002', '绿色贷款', '10710002', 'C1030433016387', '道路绿化建设、养护管理', '10,000,000', '10,000,000.', '365', '365', '20200709', '20210709', '', '20200924', '10470002', '0.047000', '10410004', '', '10240001', '20200630', 'PBOCGC2020050604', '', null, null, null, null, null, null, null, '杭州分行', '2020-12-01');
INSERT INTO `send_green_thr_standing_book_info` VALUES ('11050002', '20200930', 'HUZ1010220170008', '25452000000004667', '12000001', '0600000437', '', '10190002', '绿色贷款', '10710003', 'C1030433016593', '城市排水设施达标建设运营和改造', '50,000,000', '36,770,000.', '1,826', '1,826', '20170210', '20220210', '', '20170210', '10470003', '0.055000', '10410004', '', '10240001', '20160725', 'PBOCGC2020050504', '', null, null, null, null, null, null, null, '杭州分行', '2020-12-01');
INSERT INTO `send_green_thr_standing_book_info` VALUES ('11050002', '20200930', 'HUZ1010220160046', '25452000000003404', '12000001', '0600000437', '', '10190002', '绿色贷款', '10710003', 'C1030433016593', '城市排水设施达标建设运营和改造', '50,000,000', '26,770,000.', '1,826', '1,826', '20161020', '20211020', '', '20161020', '10470003', '0.052250', '10410004', '', '10240001', '20160725', 'PBOCGC2020050504', '', null, null, null, null, null, null, null, '杭州分行', '2020-12-01');
INSERT INTO `send_green_thr_standing_book_info` VALUES ('11050002', '20200930', 'HUZ1010220160061', '25452000000004351', '12000001', '0600000437', '', '10190002', '绿色贷款', '10710003', 'C1030433016593', '城市排水设施达标建设运营和改造', '100,000,000', '73,580,000.', '1,826', '1,826', '20170103', '20220103', '', '20170103', '10470003', '0.055000', '10410004', '', '10240001', '20160725', 'PBOCGC2020050504', '', null, null, null, null, null, null, null, '杭州分行', '2020-12-01');
INSERT INTO `send_green_thr_standing_book_info` VALUES ('11050002', '20200930', 'HUZ0710120200037', '25451000000019388', '12000001', '0600001656', '', '10190002', '绿色贷款', '10710002', 'C1030433016478', '绿色建材认证推广', '50,000,000', '50,000,000.', '182', '182', '20200619', '20201218', '', '20200619', '10470002', '0.038500', '10410004', '', '10240001', '20200615', 'PBOCGC2020060508', '', null, null, null, null, null, null, null, '杭州分行', '2020-12-01');
INSERT INTO `send_green_thr_standing_book_info` VALUES ('11050005', '20200924', 'HUZ0310120200064', '25497000000052003', '12000001', '0600002183', '', '10190002', '绿色贷款', '10710002', 'C1030433016387', '绿色建材认证推广', '300,000,000', '300,000,000.', '365', '365', '20200629', '20210629', '', '20200924', '10470004', '0.038000', '10410004', '', '10240001', '20200628', 'PBOCGC2020060508', '', null, null, null, null, null, null, null, '杭州分行', '2020-12-01');
INSERT INTO `send_green_thr_standing_book_info` VALUES ('11050005', '20200924', 'HUZ1210120200039', '25456000000009356', '12000001', '0600002310', '', '10190002', '绿色贷款', '10710002', 'C1030433016639', '道路绿化建设、养护管理', '27,000,000', '27,000,000.', '365', '365', '20200701', '20210701', '', '20200924', '10470003', '0.060000', '10410004', '', '10240001', '20201126', 'PBOCGC2020050604', '', null, null, null, null, null, null, null, '杭州分行', '2020-12-01');
INSERT INTO `send_green_thr_standing_book_info` VALUES ('11050002', '20200930', 'HUZZX09S12020170048', '25452000000005934', '12000002', '0700000529', '', '10190003', '绿色贷款', '10710003', 'C1030433016593', '太阳能利用设施建设和运营', '43,000', '32,049.04', '10', '10', '20170717', '20270717', '', '20170717', '10470003', '0.060000', '10410009', '', '10240001', '20170717', 'PBOCGC2020030202', '', null, null, null, null, null, null, null, '杭州分行', '2020-12-01');
INSERT INTO `send_green_thr_standing_book_info` VALUES ('11050002', '20200930', 'HUZZX09S12020170088', '25452000000006438', '12000002', '0700000532', '', '10190003', '绿色贷款', '10710003', 'C1030433016593', '太阳能利用设施建设和运营', '27,000', '19,097.52', '10', '10', '20170926', '20270926', '', '20170926', '10470003', '0.066150', '10410009', '', '10240001', '20170926', 'PBOCGC2020030202', '', null, null, null, null, null, null, null, '杭州分行', '2020-12-01');
INSERT INTO `send_green_thr_standing_book_info` VALUES ('11050005', '20200924', 'HUZ1010120200050', '25452000000018467', '12000001', '0700001497', '', '10190002', '绿色贷款', '10710002', 'C1030433016593', '天然气输送储运调峰设施建设和运营', '5,000,000', '5,000,000.', '365', '365', '20200910', '20210910', '', '20200924', '10470002', '0.049500', '10410004', '', '10240001', '20200904', 'PBOCGC2020030405', '', null, null, null, null, null, null, null, '杭州分行', '2020-12-01');
INSERT INTO `send_green_thr_standing_book_info` VALUES ('11050005', '20201130', 'HUZ1010120200054', '25452000000018604', '12000001', '0700001497', '', '10190002', '绿色贷款', '10710002', 'C1030433016593', '天然气输送储运调峰设施建设和运营', '15,000,000', '15,000,000.', '365', '365', '20200923', '20210923', '', '20201130', '10470002', '0.049500', '10410004', '', '10240001', '20200904', 'PBOCGC2020030405', '', null, null, null, null, null, null, null, '杭州分行', '2020-12-01');
INSERT INTO `send_green_thr_standing_book_info` VALUES ('11050002', '20200930', 'HUZ0310120190137', '25497000000047253', '12000001', '0700001766', '', '10190002', '绿色贷款', '10710005', 'C1030433016387', '废旧资源再生利用', '111,000,000', '110,100,000.', '1,096', '1,096', '20190920', '20220920', '', '20190920', '10470002', '0.047500', '10410009', '', '10240001', '20200721', 'PBOCGC2020010702', '', null, null, null, null, null, null, null, '杭州分行', '2020-12-01');
INSERT INTO `send_green_thr_standing_book_info` VALUES ('11050002', '20200930', 'HUZ0310120200051', '25497000000050844', '12000001', '0700001766', '', '10190002', '绿色贷款', '10710005', 'C1030433016387', '废旧资源再生利用', '40,000,000', '39,850,000.', '1,095', '1,095', '20200410', '20230410', '', '20200410', '10470002', '0.047500', '10410009', '', '10240001', '20200721', 'PBOCGC2020010702', '', null, null, null, null, null, null, null, '杭州分行', '2020-12-01');
INSERT INTO `send_green_thr_standing_book_info` VALUES ('11050002', '20200930', 'HUZ0310120190136', '25497000000047593', '12000001', '0700001766', '', '10190002', '绿色贷款', '10710005', 'C1030433016387', '废旧资源再生利用', '269,000,000', '166,870,000.', '1,096', '1,096', '20191030', '20221030', '', '20191030', '10470002', '0.047500', '10410009', '', '10240001', '20200721', 'PBOCGC2020010702', '', null, null, null, null, null, null, null, '杭州分行', '2020-12-01');
INSERT INTO `send_green_thr_standing_book_info` VALUES ('11050005', '20200924', 'HUZ1010220170022', '25452000000005162', '12000001', '0700002173', '', '10190002', '绿色贷款', '10710003', 'C1030433016593', '太阳能利用设施建设和运营', '55,461,156.25', '15,281,156.25', '2,922', '2,922', '20170406', '20250406', '', '20200924', '10470003', '0.058800', '10410004', '', '10240001', '20180902', 'PBOCGC2020030202', '', null, null, null, null, null, null, null, '杭州分行', '2020-12-01');
INSERT INTO `send_green_thr_standing_book_info` VALUES ('11050005', '20200924', 'HUZ1010220170019', '25452000000005060', '12000001', '0700002173', '', '10190002', '绿色贷款', '10710003', 'C1030433016593', '太阳能利用设施建设和运营', '74,538,843.75', '21,178,843.75', '2,922', '2,922', '20170316', '20250316', '', '20200924', '10470003', '0.058800', '10410004', '', '10240001', '20180902', 'PBOCGC2020030202', '', null, null, null, null, null, null, null, '杭州分行', '2020-12-01');
INSERT INTO `send_green_thr_standing_book_info` VALUES ('11050005', '20200924', 'HUZ1010520180043', '25452000000010207', '12000001', '0700002173', '', '10190002', '绿色贷款', '10710003', 'C1030433016593', '太阳能利用设施建设和运营', '8,000,000', '49,701,320.', '2,447', '2,447', '20181015', '20250627', '', '20200924', '10470003', '0.020700', '10410009', '', '10240001', '20180902', 'PBOCGC2020030202', '', null, null, null, null, null, null, null, '杭州分行', '2020-12-01');
INSERT INTO `send_green_thr_standing_book_info` VALUES ('11050002', '20200930', 'HUZ1210220150025', '25456000000000240', '12000001', '0700004509', '', '10190002', '绿色贷款', '10710003', 'C1030433016639', '重点流域海域水环境治理', '250,000,000', '80,000,000.', '1,827', '1,827', '20151225', '20201225', '', '20151225', '10470003', '0.068875', '10410009', '', '10240001', '20151225', 'PBOCGC2020010602', '', null, null, null, null, null, null, null, '杭州分行', '2020-12-01');
INSERT INTO `send_green_thr_standing_book_info` VALUES ('11050002', '20200930', 'HUZ1010120200007', '25452000000015546', '12000001', '0800000031', '', '10190002', '绿色贷款', '10710002', 'C1030433016593', '绿道系统建设、养护管理和运营', '12,000,000', '12,000,000.', '283', '283', '20200119', '20201028', '', '20200119', '10470001', '0.050000', '10410009', '', '10240001', '20200119', 'PBOCGC2020050602', '', null, null, null, null, null, null, null, '杭州分行', '2020-12-01');
INSERT INTO `send_green_thr_standing_book_info` VALUES ('11050002', '20200930', 'HUZ1010120200008', '25452000000015535', '12000001', '0800000031', '', '10190002', '绿色贷款', '10710005', 'C1030433016593', '绿道系统建设、养护管理和运营', '38,000,000', '37,200,000.', '1,095', '1,095', '20200117', '20230116', '', '20200117', '10470003', '0.052000', '10410009', '', '10240001', '20200108', 'PBOCGC2020050602', '', null, null, null, null, null, null, null, '杭州分行', '2020-12-01');
INSERT INTO `send_green_thr_standing_book_info` VALUES ('11050005', '20201130', 'HUZ1010120200053', '25452000000018592', '12000001', '0800000052', '', '10190002', '绿色贷款', '10710005', 'C1030433016593', '区域绿地建设、养护管理和运营', '50,000,000', '50,000,000.', '1,094', '1,094', '20200923', '20230922', '', '20201130', '10470003', '0.045000', '10410009', '', '10240001', '20200820', 'PBOCGC2020050605', '', null, null, null, null, null, null, null, '杭州分行', '2020-12-01');
INSERT INTO `send_green_thr_standing_book_info` VALUES ('11050002', '20200930', 'HUZ0710220150087', '25451000000001574', '12000001', '0800001006', '', '10190002', '绿色贷款', '10710003', 'C1030433016478', '农村人居环境整治', '100,000,000', '25,000,000.', '1,791', '1,791', '20151120', '20201015', '', '20151120', '10470001', '0.066000', '10410009', '', '10240001', '20151120', 'PBOCGC2020010614', '', null, null, null, null, null, null, null, '杭州分行', '2020-12-01');
INSERT INTO `send_green_thr_standing_book_info` VALUES ('11050002', '20200930', 'HUZ0510220150069', '25497000000013450', '12000001', '0800002407', '', '10190002', '绿色贷款', '10710003', 'C1030433016387', '污水处理、再生利用及污泥处理处置设施建设运营', '275,000,000', '69,160,000.', '1,827', '1,827', '20160108', '20210108', '', '20160108', '10470003', '0.061750', '10410004', '', '10240001', '20151011', 'PBOCGC2020050301', '', null, null, null, null, null, null, null, '杭州分行', '2020-12-01');
INSERT INTO `send_green_thr_standing_book_info` VALUES ('11050002', '20200930', 'HUZ1010220150045', '25452000000001622', '12000001', '0800002738', '', '10190002', '绿色贷款', '10710003', 'C1030433016593', '城镇供水管网分区计量漏损控制建设和运营', '30,000,000', '10,000,000.', '1,827', '1,827', '20160108', '20210108', '', '20160108', '10470003', '0.066000', '10410004', '', '10240001', '20151011', 'PBOCGC2020050305', '', null, null, null, null, null, null, null, '杭州分行', '2020-12-01');
INSERT INTO `send_green_thr_standing_book_info` VALUES ('11050002', '20200930', 'HUZ1010220150039', '25452000000001269', '12000001', '0800002738', '', '10190002', '绿色贷款', '10710003', 'C1030433016593', '城镇供水管网分区计量漏损控制建设和运营', '150,000,000', '70,000,000.', '1,827', '1,827', '20151124', '20201124', '', '20151124', '10470003', '0.066000', '10410009', '', '10240001', '20151124', 'PBOCGC2020050305', '', null, null, null, null, null, null, null, '杭州分行', '2020-12-01');
INSERT INTO `send_green_thr_standing_book_info` VALUES ('11050002', '20200930', 'HUZ1010220160055', '25452000000004340', '12000001', '0900001349', '', '10190002', '绿色贷款', '10710003', 'C1030433016593', '重点生态区域综合治理', '150,000,000', '88,200,000.', '1,826', '1,826', '20170103', '20220103', '', '20170103', '10470003', '0.057000', '10410004', '', '10240001', '20161114', 'PBOCGC2020040305', '', null, null, null, null, null, null, null, '杭州分行', '2020-12-01');
INSERT INTO `send_green_thr_standing_book_info` VALUES ('11050002', '20200930', 'HUZ1010220160052', '25452000000003878', '12000001', '0900001349', '', '10190002', '绿色贷款', '10710003', 'C1030433016593', '重点生态区域综合治理', '10,000,000', '5,200,000.', '1,826', '1,826', '20161216', '20211216', '', '20161216', '10470003', '0.058000', '10410004', '', '10240001', '20161114', 'PBOCGC2020040305', '', null, null, null, null, null, null, null, '杭州分行', '2020-12-01');
INSERT INTO `send_green_thr_standing_book_info` VALUES ('11050002', '20200930', 'HUZ1010220170023', '25452000000005184', '12000001', '0900001365', '', '10190002', '绿色贷款', '10710003', 'C1030433016593', '重点生态区域综合治理', '100,000,000', '80,700,000.', '1,826', '1,826', '20170407', '20220407', '', '20170407', '10470003', '0.054625', '10410004', '', '10240001', '20161222', 'PBOCGC2020040305', '', null, null, null, null, null, null, null, '杭州分行', '2020-12-01');
INSERT INTO `send_green_thr_standing_book_info` VALUES ('11050002', '20200930', 'HUZ1010220170001', '25452000000004419', '12000001', '0900001365', '', '10190002', '绿色贷款', '10710003', 'C1030433016593', '重点生态区域综合治理', '100,000,000', '80,700,000.', '1,826', '1,826', '20170112', '20220112', '', '20170112', '10470003', '0.056000', '10410004', '', '10240001', '20161222', 'PBOCGC2020040305', '', null, null, null, null, null, null, null, '杭州分行', '2020-12-01');
INSERT INTO `send_green_thr_standing_book_info` VALUES ('11050002', '20200930', 'HUZ0710120190062', '25451000000016467', '12000001', '1000000291', '', '10190002', '绿色贷款', '10710002', 'C1030433016478', '森林资源培育产业', '25,000,000', '25,000,000.', '366', '366', '20191108', '20201108', '', '20191108', '10470003', '0.057855', '10410009', '', '10240001', '20191108', 'PBOCGC2020040104', '', null, null, null, null, null, null, null, '杭州分行', '2020-12-01');
INSERT INTO `send_green_thr_standing_book_info` VALUES ('11050002', '20200930', 'HUZ1210220150016', '25456000000000193', '12000001', '1000001007', '', '10190002', '绿色贷款', '10710003', 'C1030433016639', '重点流域海域水环境治理', '150,000,000', '45,000,000.', '1,827', '1,827', '20151223', '20201223', '', '20151223', '10470003', '0.065000', '10410004', '', '10240001', '20151030', 'PBOCGC2020010602', '', null, null, null, null, null, null, null, '杭州分行', '2020-12-01');
INSERT INTO `send_green_thr_standing_book_info` VALUES ('11050002', '20200930', 'HUZ1210220150012', '25456000000000148', '12000001', '1000001007', '', '10190002', '绿色贷款', '10710003', 'C1030433016639', '重点流域海域水环境治理', '50,000,000', '20,000,000.', '1,815', '1,815', '20151127', '20201115', '', '20151127', '10470003', '0.065000', '10410009', '', '10240001', '20151127', 'PBOCGC2020010602', '', null, null, null, null, null, null, null, '杭州分行', '2020-12-01');
INSERT INTO `send_green_thr_standing_book_info` VALUES ('11050002', '20200930', 'HUZ1210120190101', '25456000000008295', '12000001', '1000001271', '', '10190002', '绿色贷款', '10710002', 'C1030433016639', '道路绿化建设、养护管理', '20,000,000', '20,000,000.', '366', '366', '20191227', '20201227', '', '20191227', '10470003', '0.054000', '10410004', '', '10240001', '20191113', 'PBOCGC2020050604', '', null, null, null, null, null, null, null, '杭州分行', '2020-12-01');
INSERT INTO `send_green_thr_standing_book_info` VALUES ('11050002', '20200930', 'HUZ0510120190066', '25497000000048654', '12000001', '1000001400', '', '10190002', '绿色贷款', '10710002', 'C1030433016387', '道路绿化建设、养护管理', '60,000,000', '60,000,000.', '366', '366', '20191220', '20201220', '', '20191220', '10470003', '0.052250', '10410004', '', '10240001', '20201126', 'PBOCGC2020050604', '', null, null, null, null, null, null, null, '杭州分行', '2020-12-01');
INSERT INTO `send_green_thr_standing_book_info` VALUES ('11050002', '20200930', 'HUZ0510120200010', '25497000000050243', '12000001', '1000001800', '', '10190002', '绿色贷款', '10710002', 'C1030433016387', '城镇集中供热系统清洁化建设运营和改造', '21,000,000', '21,000,000.', '366', '366', '20200218', '20210218', '', '20200218', '10470003', '0.052200', '10410004', '', '10240001', '20200113', 'PBOCGC2020050401', '', null, null, null, null, null, null, null, '杭州分行', '2020-12-01');
INSERT INTO `send_green_thr_standing_book_info` VALUES ('11050002', '20200930', 'HUZ1210120200034', '25456000000008932', '12000001', '1000001924', '', '10190002', '绿色贷款', '10710002', 'C1030433016639', '农村人居环境整治', '25,000,000', '25,000,000.', '183', '183', '20200515', '20201114', '', '20200515', '10470003', '0.056550', '10410009', '', '10240001', '20200515', 'PBOCGC2020010614', '', null, null, null, null, null, null, null, '杭州分行', '2020-12-01');
INSERT INTO `send_green_thr_standing_book_info` VALUES ('11050005', '20201130', 'HUZ1210220200044', '25456000000010362', '12000001', '1000002742', '', '10190002', '绿色贷款', '10710003', 'C1030433016639', '农村人居环境整治', '20,000,000', '20,000,000.', '2,399', '2,399', '20200927', '20270423', '', '20201130', '10470001', '0.056350', '10410009', '', '10240001', '20200325', 'PBOCGC2020010614', '', null, null, null, null, null, null, null, '杭州分行', '2020-12-01');
INSERT INTO `send_green_thr_standing_book_info` VALUES ('11050002', '20200930', 'HUZ1210220200033', '25456000000008976', '12000001', '1000002742', '', '10190002', '绿色贷款', '10710003', 'C1030433016639', '农村人居环境整治', '240,000,000', '240,000,000.', '2,534', '2,534', '20200515', '20270423', '', '20200515', '10470001', '0.056350', '10410009', '', '10240001', '20200325', 'PBOCGC2020010614', '', null, null, null, null, null, null, null, '杭州分行', '2020-12-01');
INSERT INTO `send_green_thr_standing_book_info` VALUES ('11050002', '20200930', 'HUZ0710120190077', '25451000000017303', '12000001', '1100000199', '', '10190002', '绿色贷款', '10710002', 'C1030433016478', '农村人居环境整治', '50,000,000', '50,000,000.', '366', '366', '20191226', '20201226', '', '20191226', '10470003', '0.050000', '10410004', '', '10240001', '20191217', 'PBOCGC2020010614', '', null, null, null, null, null, null, null, '杭州分行', '2020-12-01');
INSERT INTO `send_green_thr_standing_book_info` VALUES ('11050002', '20200930', 'HUZ0510120170021', '25497000000032100', '12000001', '1100000449', '', '10190002', '绿色贷款', '10710005', 'C1030433016387', '污水处理、再生利用及污泥处理处置设施建设运营', '100,000,000', '95,000,000.', '1,096', '1,096', '20180129', '20210129', '', '20180129', '10470003', '0.060040', '10410009', '', '10240001', '20201124', 'PBOCGC2020050301', '', null, null, null, null, null, null, null, '杭州分行', '2020-12-01');
INSERT INTO `send_green_thr_standing_book_info` VALUES ('11050002', '20200930', 'HUZ1010120190106', '25452000000014847', '12000001', '1100000809', '', '10190002', '绿色贷款', '10710005', 'C1030433016593', '农村人居环境整治', '100,000,000', '99,000,000.', '1,093', '1,093', '20191216', '20221213', '', '20191216', '10470003', '0.052250', '10410009', '', '10240001', '20191206', 'PBOCGC2020010614', '', null, null, null, null, null, null, null, '杭州分行', '2020-12-01');
INSERT INTO `send_green_thr_standing_book_info` VALUES ('11050002', '20200930', 'HUZ0310220160008', '25497000000013507', '12000001', '1100000941', '', '10190002', '绿色贷款', '10710003', 'C1030433016387', '水生态系统旱涝灾害防控及应对', '175,000,000', '100,000,000.', '1,827', '1,827', '20160108', '20210108', '', '20160108', '10470003', '0.065000', '10410004', '', '10240001', '20151119', 'PBOCGC2020040309', '', null, null, null, null, null, null, null, '杭州分行', '2020-12-01');
INSERT INTO `send_green_thr_standing_book_info` VALUES ('11050002', '20200930', 'HUZ0310220150109', '25497000000013018', '12000001', '1100000941', '', '10190002', '绿色贷款', '10710003', 'C1030433016387', '水生态系统旱涝灾害防控及应对', '50,000,000', '25,000,000.', '1,827', '1,827', '20151217', '20201217', '', '20151217', '10470003', '0.065000', '10410004', '', '10240001', '20151119', 'PBOCGC2020040309', '', null, null, null, null, null, null, null, '杭州分行', '2020-12-01');
INSERT INTO `send_green_thr_standing_book_info` VALUES ('11050002', '20200930', 'HUZ0310220150101', '25497000000012832', '12000001', '1100000941', '', '10190002', '绿色贷款', '10710003', 'C1030433016387', '水生态系统旱涝灾害防控及应对', '50,000,000', '25,000,000.', '1,826', '1,826', '20151210', '20201209', '', '20151210', '10470003', '0.065000', '10410004', '', '10240001', '20151119', 'PBOCGC2020040309', '', null, null, null, null, null, null, null, '杭州分行', '2020-12-01');
INSERT INTO `send_green_thr_standing_book_info` VALUES ('11050002', '20200930', 'HUZ0510120200013', '25497000000050094', '12000001', '1100000982', '', '10190002', '绿色贷款', '10710002', 'C1030433016387', '道路绿化建设、养护管理', '40,000,000', '40,000,000.', '366', '366', '20200120', '20210120', '', '20200120', '10470003', '0.052250', '10410004', '', '10240001', '20200116', 'PBOCGC2020050604', '', null, null, null, null, null, null, null, '杭州分行', '2020-12-01');
INSERT INTO `send_green_thr_standing_book_info` VALUES ('11050002', '20200930', 'HUZ0410120200012', '25497000000050016', '12000001', '1100001073', '', '10190002', '绿色贷款', '10710002', 'C1030433016387', '道路绿化建设、养护管理', '30,000,000', '30,000,000.', '366', '366', '20200116', '20210116', '', '20200116', '10470003', '0.052200', '10410004', '', '10240001', '20191216', 'PBOCGC2020050604', '', null, null, null, null, null, null, null, '杭州分行', '2020-12-01');
INSERT INTO `send_green_thr_standing_book_info` VALUES ('11050002', '20200930', 'HUZ1210120190089', '25456000000008193', '12000001', '1100001187', '', '10190002', '绿色贷款', '10710002', 'C1030433016639', '道路绿化建设、养护管理', '30,000,000', '30,000,000.', '365', '365', '20191129', '20201128', '', '20191129', '10470003', '0.053000', '10410009', '', '10240001', '20191129', 'PBOCGC2020050604', '', null, null, null, null, null, null, null, '杭州分行', '2020-12-01');
INSERT INTO `send_green_thr_standing_book_info` VALUES ('11050002', '20200930', 'HUZ1210220150027', '25456000000000239', '12000001', '1100001380', '', '10190002', '绿色贷款', '10710003', 'C1030433016639', '重点流域海域水环境治理', '250,000,000', '100,000,000.', '1,817', '1,817', '20151225', '20201215', '', '20151225', '10470003', '0.068875', '10410009', '', '10240001', '20151225', 'PBOCGC2020010602', '', null, null, null, null, null, null, null, '杭州分行', '2020-12-01');
INSERT INTO `send_green_thr_standing_book_info` VALUES ('11050002', '20200930', 'HUZ1010220150046', '25452000000001633', '12000001', '1100001523', '', '10190002', '绿色贷款', '10710003', 'C1030433016593', '生态功能区建设维护和运营', '200,000,000', '168,000,000.', '2,918', '2,918', '20160108', '20240104', '', '20160108', '10470003', '0.070000', '10410004', '', '10240001', '20151228', 'PBOCGC2020040204', '', null, null, null, null, null, null, null, '杭州分行', '2020-12-01');
INSERT INTO `send_green_thr_standing_book_info` VALUES ('11050002', '20200930', 'HUZ1210120190097', '25456000000008273', '12000001', '1100001556', '', '10190002', '绿色贷款', '10710002', 'C1030433016639', '农村人居环境整治', '15,000,000', '15,000,000.', '305', '305', '20191219', '20201019', '', '20191219', '10470003', '0.053059', '10410009', '', '10240001', '20191219', 'PBOCGC2020010614', '', null, null, null, null, null, null, null, '杭州分行', '2020-12-01');
INSERT INTO `send_green_thr_standing_book_info` VALUES ('11050005', '20200924', 'HUZ1210120200045', '25456000000009583', '12000001', '1100001899', '', '10190002', '绿色贷款', '10710002', 'C1030433016639', '绿色建材认证推广', '30,000,000', '30,000,000.', '363', '363', '20200731', '20210729', '', '20200924', '10470003', '0.057000', '10410004', '', '10240001', '20200703', 'PBOCGC2020060508', '', null, null, null, null, null, null, null, '杭州分行', '2020-12-01');
INSERT INTO `send_green_thr_standing_book_info` VALUES ('11050002', '20200930', 'HUZ1010120190001', '25452000000011198', '12000001', '1100002057', '', '10190002', '绿色贷款', '10710005', 'C1030433016593', '道路绿化建设、养护管理', '100,000,000', '98,660,000.', '1,082', '1,082', '20190109', '20211226', '', '20190109', '10470003', '0.070000', '10410009', '', '10240001', '20181206', 'PBOCGC2020050604', '', null, null, null, null, null, null, null, '杭州分行', '2020-12-01');
INSERT INTO `send_green_thr_standing_book_info` VALUES ('11050002', '20200930', 'HUZ1010120180079', '25452000000011085', '12000001', '1100002057', '', '10190002', '绿色贷款', '10710005', 'C1030433016593', '道路绿化建设、养护管理', '50,000,000', '48,260,000.', '1,087', '1,087', '20190104', '20211226', '', '20190104', '10470001', '0.070000', '10410009', '', '10240001', '20181206', 'PBOCGC2020050604', '', null, null, null, null, null, null, null, '杭州分行', '2020-12-01');
INSERT INTO `send_green_thr_standing_book_info` VALUES ('11050002', '20200930', 'HUZ1010220160028', '25452000000002570', '12000001', '1100002704', '', '10190002', '绿色贷款', '10710003', 'C1030433016593', '河湖与湿地保护恢复', '70,000,000', '33,600,000.', '1,826', '1,826', '20160701', '20210701', '', '20160701', '10470003', '0.061750', '10410004', '', '10240001', '20151212', 'PBOCGC2020040302', '', null, null, null, null, null, null, null, '杭州分行', '2020-12-01');
INSERT INTO `send_green_thr_standing_book_info` VALUES ('11050002', '20200930', 'HUZ1010220160002', '25452000000001644', '12000001', '1100002704', '', '10190002', '绿色贷款', '10710003', 'C1030433016593', '河湖与湿地保护恢复', '100,000,000', '40,000,000.', '1,824', '1,824', '20160108', '20210105', '', '20160108', '10470003', '0.070000', '10410004', '', '10240001', '20151212', 'PBOCGC2020040302', '', null, null, null, null, null, null, null, '杭州分行', '2020-12-01');
INSERT INTO `send_green_thr_standing_book_info` VALUES ('11050002', '20200930', 'HUZ1010220160042', '25452000000003120', '12000001', '1100002704', '', '10190002', '绿色贷款', '10710003', 'C1030433016593', '河湖与湿地保护恢复', '80,000,000', '38,400,000.', '1,826', '1,826', '20160826', '20210826', '', '20160826', '10470003', '0.061750', '10410004', '', '10240001', '20151212', 'PBOCGC2020040302', '', null, null, null, null, null, null, null, '杭州分行', '2020-12-01');
INSERT INTO `send_green_thr_standing_book_info` VALUES ('11050002', '20200930', 'HUZ1010120180001', '25452000000007352', '12000001', '1100003197', '', '10190002', '绿色贷款', '10710005', 'C1030433016593', '道路绿化建设、养护管理', '200,000,000', '180,000,000.', '1,087', '1,087', '20180105', '20201227', '', '20180105', '10470001', '0.060000', '10410009', '', '10240001', '20171221', 'PBOCGC2020050604', '', null, null, null, null, null, null, null, '杭州分行', '2020-12-01');
INSERT INTO `send_green_thr_standing_book_info` VALUES ('11050002', '20200930', 'HUZ1010220160048', '25452000000003776', '12000001', '1100003702', '', '10190002', '绿色贷款', '10710003', 'C1030433016593', '河湖与湿地保护恢复', '50,000,000', '25,000,000.', '1,826', '1,826', '20161115', '20211115', '', '20161115', '10470003', '0.059000', '10410004', '', '10240001', '20151212', 'PBOCGC2020040302', '', null, null, null, null, null, null, null, '杭州分行', '2020-12-01');
INSERT INTO `send_green_thr_standing_book_info` VALUES ('11050002', '20200930', 'HUZ1010220160030', '25452000000002592', '12000001', '1100003702', '', '10190002', '绿色贷款', '10710003', 'C1030433016593', '河湖与湿地保护恢复', '70,000,000', '35,000,000.', '1,826', '1,826', '20160704', '20210704', '', '20160704', '10470003', '0.065000', '10410004', '', '10240001', '20151212', 'PBOCGC2020040302', '', null, null, null, null, null, null, null, '杭州分行', '2020-12-01');
INSERT INTO `send_green_thr_standing_book_info` VALUES ('11050002', '20200930', 'HUZ1010220160038', '25452000000002820', '12000001', '1100003702', '', '10190002', '绿色贷款', '10710003', 'C1030433016593', '河湖与湿地保护恢复', '30,000,000', '15,000,000.', '1,826', '1,826', '20160729', '20210729', '', '20160729', '10470003', '0.065000', '10410004', '', '10240001', '20151212', 'PBOCGC2020040302', '', null, null, null, null, null, null, null, '杭州分行', '2020-12-01');
INSERT INTO `send_green_thr_standing_book_info` VALUES ('11050002', '20200930', 'HUZ1010220160006', '25452000000001757', '12000001', '1100003702', '', '10190002', '绿色贷款', '10710003', 'C1030433016593', '河湖与湿地保护恢复', '50,000,000', '20,000,000.', '1,823', '1,823', '20160119', '20210115', '', '20160119', '10470003', '0.070000', '10410004', '', '10240001', '20151212', 'PBOCGC2020040302', '', null, null, null, null, null, null, null, '杭州分行', '2020-12-01');
INSERT INTO `send_green_thr_standing_book_info` VALUES ('11050002', '20200930', 'HUZ0410220150038', '25497000000013063', '12000001', '1200000770', '', '10190002', '绿色贷款', '10710003', 'C1030433016387', '河湖与湿地保护恢复', '5,000,000', '3,000,000.', '1,820', '1,820', '20151222', '20201215', '', '20151222', '10470003', '0.065000', '10410004', '', '10240001', '20170118', 'PBOCGC2020040302', '', null, null, null, null, null, null, null, '杭州分行', '2020-12-01');
INSERT INTO `send_green_thr_standing_book_info` VALUES ('11050002', '20200930', 'HUZ0410220160001', '25497000000013472', '12000001', '1200000770', '', '10190002', '绿色贷款', '10710003', 'C1030433016387', '河湖与湿地保护恢复', '195,000,000', '117,000,000.', '1,827', '1,827', '20160108', '20210108', '', '20160108', '10470003', '0.061750', '10410004', '', '10240001', '20170118', 'PBOCGC2020040302', '', null, null, null, null, null, null, null, '杭州分行', '2020-12-01');
INSERT INTO `send_green_thr_standing_book_info` VALUES ('11050002', '20200930', 'HUZ1230220200003', '25456000000008353', '12000001', '1200000846', '', '10190002', '绿色贷款', '10710003', 'C1030433016639', '公园绿地建设、养护和运营', '54,000,000', '53,401,500.', '364', '364', '20200106', '20210104', '', '20200106', '10470002', '0.042000', '10410009', '', '10240001', '20200106', 'PBOCGC2020050601', '', null, null, null, null, null, null, null, '杭州分行', '2020-12-01');
INSERT INTO `send_green_thr_standing_book_info` VALUES ('11050002', '20200930', 'HUZ1010220160034', '25452000000002762', '12000001', '1200001427', '', '10190002', '绿色贷款', '10710003', 'C1030433016593', '河湖与湿地保护恢复', '100,000,000', '39,270,000.', '1,826', '1,826', '20160719', '20210719', '', '20160719', '10470003', '0.057000', '10410004', '', '10240001', '20160122', 'PBOCGC2020040302', '', null, null, null, null, null, null, null, '杭州分行', '2020-12-01');
INSERT INTO `send_green_thr_standing_book_info` VALUES ('11050002', '20200930', 'HUZ1010220160031', '25452000000002581', '12000001', '1200001427', '', '10190002', '绿色贷款', '10710003', 'C1030433016593', '河湖与湿地保护恢复', '20,000,000', '7,860,000.', '1,826', '1,826', '20160701', '20210701', '', '20160701', '10470003', '0.061750', '10410004', '', '10240001', '20160122', 'PBOCGC2020040302', '', null, null, null, null, null, null, null, '杭州分行', '2020-12-01');
INSERT INTO `send_green_thr_standing_book_info` VALUES ('11050002', '20200930', 'HUZ1010220160014', '25452000000002150', '12000001', '1200001427', '', '10190002', '绿色贷款', '10710003', 'C1030433016593', '河湖与湿地保护恢复', '60,000,000', '15,000,000.', '1,826', '1,826', '20160401', '20210401', '', '20160401', '10470003', '0.064000', '10410004', '', '10240001', '20160122', 'PBOCGC2020040302', '', null, null, null, null, null, null, null, '杭州分行', '2020-12-01');
INSERT INTO `send_green_thr_standing_book_info` VALUES ('11050002', '20200930', 'HUZ1010220160058', '25452000000003936', '12000001', '1200001427', '', '10190002', '绿色贷款', '10710003', 'C1030433016593', '河湖与湿地保护恢复', '100,000,000', '69,270,000.', '1,826', '1,826', '20161229', '20211229', '', '20161229', '10470003', '0.058000', '10410004', '', '10240001', '20160122', 'PBOCGC2020040302', '', null, null, null, null, null, null, null, '杭州分行', '2020-12-01');
INSERT INTO `send_green_thr_standing_book_info` VALUES ('11050002', '20200930', 'HUZ1210120200014', '25456000000008433', '12000001', '1200001489', '', '10190002', '绿色贷款', '10710002', 'C1030433016639', '森林资源培育产业', '25,000,000', '25,000,000.', '366', '366', '20200113', '20210113', '', '20200113', '10470003', '0.054100', '10410004', '', '10240001', '20191226', 'PBOCGC2020040104', '', null, null, null, null, null, null, null, '杭州分行', '2020-12-01');
INSERT INTO `send_green_thr_standing_book_info` VALUES ('11050002', '20200930', 'HUZ1210120170094', '25456000000003682', '12000001', '1200001697', '', '10190002', '绿色贷款', '10710005', 'C1030433016639', '道路绿化建设、养护管理', '30,000,000', '29,000,000.', '1,096', '1,096', '20180108', '20210108', '', '20180108', '10470003', '0.064999', '10410009', '', '10240001', '20170125', 'PBOCGC2020050604', '', null, null, null, null, null, null, null, '杭州分行', '2020-12-01');
INSERT INTO `send_green_thr_standing_book_info` VALUES ('11050002', '20200930', 'HUZ1210120170088', '25456000000003489', '12000001', '1200001697', '', '10190002', '绿色贷款', '10710005', 'C1030433016639', '道路绿化建设、养护管理', '40,000,000', '38,650,000.', '1,096', '1,096', '20171130', '20201130', '', '20171130', '10470003', '0.057000', '10410009', '', '10240001', '20171130', 'PBOCGC2020050604', '', null, null, null, null, null, null, null, '杭州分行', '2020-12-01');
INSERT INTO `send_green_thr_standing_book_info` VALUES ('11050002', '20200930', 'HUZ0730220200018', '25451000000017915', '12000001', '1200001710', '', '10190002', '绿色贷款', '10710003', 'C1030433016478', '农村土地综合整治', '150,000,000', '147,160,000.', '361', '361', '20200225', '20210220', '', '20200225', '10470002', '0.048000', '10410009', '', '10240001', '20200225', 'PBOCGC2020040312', '', null, null, null, null, null, null, null, '杭州分行', '2020-12-01');
INSERT INTO `send_green_thr_standing_book_info` VALUES ('11050002', '20200930', 'HUZ0730220200015', '25451000000017904', '12000001', '1200001710', '', '10190002', '绿色贷款', '10710003', 'C1030433016478', '农村土地综合整治', '150,000,000', '147,540,000.', '347', '347', '20200220', '20210201', '', '20200220', '10470002', '0.048000', '10410009', '', '10240001', '20200220', 'PBOCGC2020040312', '', null, null, null, null, null, null, null, '杭州分行', '2020-12-01');
INSERT INTO `send_green_thr_standing_book_info` VALUES ('11050002', '20200930', 'HUZ0410220170001', '25497000000023026', '12000001', '1200002247', '', '10190002', '绿色贷款', '10710003', 'C1030433016387', '重点流域海域水环境治理', '50,000,000', '42,330,000.', '1,826', '1,826', '20170224', '20220224', '', '20170224', '10470003', '0.054000', '10410004', '', '10240001', '20200611', 'PBOCGC2020010602', '', null, null, null, null, null, null, null, '杭州分行', '2020-12-01');
INSERT INTO `send_green_thr_standing_book_info` VALUES ('11050002', '20200930', 'HUZ0410220160027', '25497000000021563', '12000001', '1200002247', '', '10190002', '绿色贷款', '10710003', 'C1030433016387', '重点流域海域水环境治理', '240,000,000', '207,000,000.', '1,826', '1,826', '20161230', '20211230', '', '20161230', '10470003', '0.054000', '10410004', '', '10240001', '20200611', 'PBOCGC2020010602', '', null, null, null, null, null, null, null, '杭州分行', '2020-12-01');
INSERT INTO `send_green_thr_standing_book_info` VALUES ('11050002', '20200930', 'HUZ1230220200013', '25456000000008444', '12000001', '1200003493', '', '10190002', '绿色贷款', '10710003', 'C1030433016639', '农村人居环境整治', '20,000,000', '19,773,333.09', '364', '364', '20200113', '20210111', '', '20200113', '10470002', '0.040000', '10410009', '', '10240001', '20200113', 'PBOCGC2020010614', '', null, null, null, null, null, null, null, '杭州分行', '2020-12-01');
INSERT INTO `send_green_thr_standing_book_info` VALUES ('11050002', '20200930', 'HUZ1030220200025', '25452000000016118', '12000001', '1200003629', '', '10190002', '绿色贷款', '10710003', 'C1030433016593', '农村人居环境整治', '69,500,000', '67,981,424.84', '364', '364', '20200427', '20210426', '', '20200427', '10470002', '0.038000', '10410009', '', '10240001', '20200427', 'PBOCGC2020010614', '', null, null, null, null, null, null, null, '杭州分行', '2020-12-01');
INSERT INTO `send_green_thr_standing_book_info` VALUES ('11050002', '20200930', 'HUZ1030220200012', '25452000000015625', '12000001', '1200003681', '', '10190002', '绿色贷款', '10710003', 'C1030433016593', '道路绿化建设、养护管理', '50,000,000', '49,229,444.65', '365', '365', '20200225', '20210224', '', '20200225', '10470002', '0.038000', '10410009', '', '10240001', '20200225', 'PBOCGC2020050604', '', null, null, null, null, null, null, null, '杭州分行', '2020-12-01');

-- ----------------------------
-- Table structure for `send_green_thr_taizhang_info`
-- ----------------------------
DROP TABLE IF EXISTS `send_green_thr_taizhang_info`;
CREATE TABLE `send_green_thr_taizhang_info` (
  `customerNo` varchar(200) DEFAULT NULL COMMENT '报送机构内部客户统一编号',
  `loanNo` varchar(200) DEFAULT NULL COMMENT '借据号',
  `businessOrgCd` varchar(200) DEFAULT NULL COMMENT '业务发生机构',
  `contractNo` varchar(200) DEFAULT NULL COMMENT '贷款合同号',
  `loanTypeCd` varchar(200) DEFAULT NULL COMMENT '贷款类型',
  `loanProduct` varchar(200) DEFAULT NULL COMMENT '贷款产品名称',
  `loanTermTypeCd` varchar(200) DEFAULT NULL COMMENT '贷款种类',
  `loanPurposeCd` varchar(200) DEFAULT NULL COMMENT '贷款用途',
  `loanAmount` varchar(200) DEFAULT NULL COMMENT '贷款金额',
  `loanBalance` varchar(200) DEFAULT NULL COMMENT '贷款余额',
  `timeLimit` varchar(200) DEFAULT NULL COMMENT '贷款期限',
  `guaranteeTypeCd` varchar(200) DEFAULT NULL COMMENT '担保方式',
  `interestRate` varchar(200) DEFAULT NULL COMMENT '执行利率（年化）',
  `repaymentMethodCd` varchar(200) DEFAULT NULL COMMENT '还款方式',
  `loanDate` varchar(200) DEFAULT NULL COMMENT '放款日',
  `expiringDate` varchar(200) DEFAULT NULL COMMENT '到期日',
  `loanStateCd` varchar(200) DEFAULT NULL COMMENT '贷款状态',
  `latestRepaydate` varchar(200) DEFAULT NULL COMMENT '最近还款日',
  `overdueDate` varchar(200) DEFAULT NULL COMMENT '逾期日',
  `overBalance` varchar(200) DEFAULT NULL COMMENT '逾期金额',
  `fiveCategoryCd` varchar(200) DEFAULT NULL COMMENT '五级分类',
  `fiveCategoryChgDate` varchar(200) DEFAULT NULL COMMENT '五级分类变更日',
  `organization` varchar(200) DEFAULT NULL COMMENT '机构',
  `gdate` varchar(200) DEFAULT NULL COMMENT '增量日期 yyyyMMdd'
) ENGINE=InnoDB DEFAULT CHARSET=utf8;

-- ----------------------------
-- Records of send_green_thr_taizhang_info
-- ----------------------------
INSERT INTO `send_green_thr_taizhang_info` VALUES ('0300003878', '25451000000001030', 'C1030433016478', 'HUZ0710220140076', '20050001', '绿色金融', '10710003', '20070005', '21,875,000.', '21,875,000.', '3,638', '20080003', '5.3999', '20090004', '20150104', '20241220', '20100001', null, null, '0', '20110001', '20150104', null, null);
INSERT INTO `send_green_thr_taizhang_info` VALUES ('0700001497', '25452000000018604', 'C1030433016593', 'HUZ1010120200054', '20050001', '绿色金融', '10710002', '20070005', '15,000,000.', '15,000,000.', '365', '20080002', '4.9500', '20090004', '20200923', '20210923', '20100001', null, null, '0', '20110001', '20200923', null, null);
INSERT INTO `send_green_thr_taizhang_info` VALUES ('1200001710', '25451000000017915', 'C1030433016478', 'HUZ0730220200018', '20050006', '绿色金融', '10710003', '20070005', '147,160,000.', '147,160,000.', '361', '20080002', '4.8000', '20090007', '20200225', '20210220', '20100001', null, null, '0', '20110001', '20200225', null, null);
INSERT INTO `send_green_thr_taizhang_info` VALUES ('0600000174', '25451000000007871', 'C1030433016478', 'HUZZX02S12020170101', '20050006', '绿色金融', '10710003', '20070001', '48,760.93', '48,760.93', '10', '20080003', '6.6150', '20090007', '20180102', '20280102', '20100001', null, null, '0', '20110001', '20180102', null, null);
INSERT INTO `send_green_thr_taizhang_info` VALUES ('0600000034', '25452000000006325', 'C1030433016593', 'HUZZX09S12020170083', '20050006', '绿色金融', '10710003', '20070001', '61,463.44', '61,463.44', '10', '20080003', '6.6150', '20090007', '20170908', '20270908', '20100001', null, null, '0', '20110001', '20170908', null, null);
INSERT INTO `send_green_thr_taizhang_info` VALUES ('0600000201', '25451000000008343', 'C1030433016478', 'HUZZX02S12020180010', '20050006', '绿色金融', '10710003', '20070001', '42,852.38', '42,852.38', '10', '20080003', '6.6150', '20090007', '20180116', '20280116', '20100001', null, null, '0', '20110001', '20180116', null, null);
INSERT INTO `send_green_thr_taizhang_info` VALUES ('0700001766', '25497000000050844', 'C1030433016387', 'HUZ0310120200051', '20050001', '绿色金融', '10710005', '20070005', '39,850,000.', '39,850,000.', '1,095', '20080002', '4.7500', '20090007', '20200410', '20230410', '20100001', null, null, '0', '20110001', '20200410', null, null);
INSERT INTO `send_green_thr_taizhang_info` VALUES ('0500000087', '25497000000029834', 'C1030433016387', 'HUZZX06S12020170076', '20050006', '绿色金融', '10710003', '20070001', '39,830.74', '39,830.74', '10', '20080003', '6.6150', '20090007', '20171116', '20271116', '20100001', null, null, '0', '20110001', '20171116', null, null);
INSERT INTO `send_green_thr_taizhang_info` VALUES ('0100002824', '25497000000048371', 'C1030433016387', 'HUZ0510220190061', '20050001', '绿色金融', '10710003', '20070002', '50,000,000.', '50,000,000.', '2,610', '20080003', '5.3000', '20090007', '20191209', '20270131', '20100001', null, null, '0', '20110001', '20191209', null, null);
INSERT INTO `send_green_thr_taizhang_info` VALUES ('0600000172', '25451000000007984', 'C1030433016478', 'HUZZX02S12020170123', '20050006', '绿色金融', '10710003', '20070001', '46,536.58', '46,536.58', '10', '20080003', '6.6150', '20090007', '20180103', '20280103', '20100001', null, null, '0', '20110001', '20180103', null, null);
INSERT INTO `send_green_thr_taizhang_info` VALUES ('0800002738', '25452000000001622', 'C1030433016593', 'HUZ1010220150045', '20050001', '绿色金融', '10710003', '20070005', '10,000,000.', '10,000,000.', '1,827', '20080003', '6.6000', '20090004', '20160108', '20210108', '20100001', null, null, '0', '20110001', '20160108', null, null);
INSERT INTO `send_green_thr_taizhang_info` VALUES ('0900001365', '25452000000005184', 'C1030433016593', 'HUZ1010220170023', '20050001', '绿色金融', '10710003', '20070005', '80,700,000.', '80,700,000.', '1,826', '20080003', '5.4625', '20090004', '20170407', '20220407', '20100001', null, null, '0', '20110001', '20170407', null, null);
INSERT INTO `send_green_thr_taizhang_info` VALUES ('0600000161', '25451000000007848', 'C1030433016478', 'HUZZX02S12020170119', '20050006', '绿色金融', '10710003', '20070001', '38,780.52', '38,780.52', '10', '20080003', '6.6150', '20090007', '20171226', '20271226', '20100001', null, null, '0', '20110001', '20171226', null, null);
INSERT INTO `send_green_thr_taizhang_info` VALUES ('0700000532', '25452000000006438', 'C1030433016593', 'HUZZX09S12020170088', '20050006', '绿色金融', '10710003', '20070001', '19,097.52', '19,097.52', '10', '20080003', '6.6150', '20090007', '20170926', '20270926', '20100001', null, null, '0', '20110001', '20170926', null, null);
INSERT INTO `send_green_thr_taizhang_info` VALUES ('1000001007', '25456000000000148', 'C1030433016639', 'HUZ1210220150012', '20050001', '绿色金融', '10710003', '20070005', '20,000,000.', '20,000,000.', '1,815', '20080003', '6.5000', '20090007', '20151127', '20201115', '20100001', null, null, '0', '20110001', '20151127', null, null);
INSERT INTO `send_green_thr_taizhang_info` VALUES ('0500000089', '25497000000029981', 'C1030433016387', 'HUZZX06S12020170077', '20050006', '绿色金融', '10710003', '20070001', '34,089.12', '34,089.12', '10', '20080003', '6.6150', '20090007', '20171121', '20271121', '20100001', null, null, '0', '20110001', '20171121', null, null);
INSERT INTO `send_green_thr_taizhang_info` VALUES ('0500000103', '25497000000032621', 'C1030433016387', 'HUZZX06S12020180016', '20050006', '绿色金融', '10710003', '20070001', '67,170.78', '67,170.78', '10', '20080003', '6.6150', '20090007', '20180212', '20280212', '20100001', null, null, '0', '20110001', '20180212', null, null);
INSERT INTO `send_green_thr_taizhang_info` VALUES ('1100003702', '25452000000003776', 'C1030433016593', 'HUZ1010220160048', '20050001', '绿色金融', '10710003', '20070005', '25,000,000.', '25,000,000.', '1,826', '20080003', '5.9000', '20090004', '20161115', '20211115', '20100001', null, null, '0', '20110001', '20161115', null, null);
INSERT INTO `send_green_thr_taizhang_info` VALUES ('0700001497', '25452000000018467', 'C1030433016593', 'HUZ1010120200050', '20050001', '绿色金融', '10710002', '20070005', '5,000,000.', '5,000,000.', '365', '20080002', '4.9500', '20090004', '20200910', '20210910', '20100001', null, null, '0', '20110001', '20200910', null, null);
INSERT INTO `send_green_thr_taizhang_info` VALUES ('0600000194', '25451000000008058', 'C1030433016478', 'HUZZX02S12020180007', '20050006', '绿色金融', '10710003', '20070001', '32,963.42', '32,963.42', '10', '20080003', '6.6150', '20090007', '20180105', '20280105', '20100001', null, null, '0', '20110001', '20180105', null, null);
INSERT INTO `send_green_thr_taizhang_info` VALUES ('1100001556', '25456000000008444', 'C1030433016639', 'HUZ1230220200013', '20050006', '绿色金融', '10710003', '20070005', '19,773,333.09', '19,773,333.09', '364', '20080002', '4.0000', '20090007', '20200113', '20210111', '20100001', null, null, '0', '20110001', '20200113', null, null);
INSERT INTO `send_green_thr_taizhang_info` VALUES ('0500000059', '25497000000028218', 'C1030433016387', 'HUZZX06S12020170032', '20050006', '绿色金融', '10710003', '20070001', '19,118.76', '19,118.76', '10', '20080003', '6.6150', '20090007', '20170921', '20270921', '20100001', null, null, '0', '20110001', '20170921', null, null);
INSERT INTO `send_green_thr_taizhang_info` VALUES ('0100000005', '25456000000004686', 'C1030433016639', 'HUZ1210220180045', '20050001', '绿色金融', '10710003', '20070002', '28,270,000.', '28,270,000.', '2,553', '20080003', '7.4999', '20090007', '20180612', '20250608', '20100001', null, null, '0', '20110001', '20180612', null, null);
INSERT INTO `send_green_thr_taizhang_info` VALUES ('0500000088', '25497000000029812', 'C1030433016387', 'HUZZX06S12020170075', '20050006', '绿色金融', '10710003', '20070001', '48,698.76', '48,698.76', '10', '20080003', '6.6150', '20090007', '20171116', '20271116', '20100001', null, null, '0', '20110001', '20171116', null, null);
INSERT INTO `send_green_thr_taizhang_info` VALUES ('1000001924', '25456000000008932', 'C1030433016639', 'HUZ1210120200034', '20050001', '绿色金融', '10710002', '20070005', '25,000,000.', '25,000,000.', '183', '20080003', '5.6550', '20090007', '20200515', '20201114', '20100001', null, null, '0', '20110001', '20200515', null, null);
INSERT INTO `send_green_thr_taizhang_info` VALUES ('0100000005', '25456000000008217', 'C1030433016639', 'HUZ1210220190088', '20050001', '绿色金融', '10710003', '20070002', '27,000,000.', '27,000,000.', '2,555', '20080003', '6.6150', '20090007', '20191129', '20261127', '20100001', null, null, '0', '20110001', '20191129', null, null);
INSERT INTO `send_green_thr_taizhang_info` VALUES ('0300001495', '25456000000008794', 'C1030433016639', 'HUZ1210220200031', '20050001', '绿色金融', '10710003', '20070005', '197,000,000.', '197,000,000.', '1,088', '20080001', '5.8000', '20090007', '20200415', '20230408', '20100001', null, null, '0', '20110001', '20200415', null, null);
INSERT INTO `send_green_thr_taizhang_info` VALUES ('0600000102', '25452000000006449', 'C1030433016593', 'HUZZX09S12020170087', '20050006', '绿色金融', '10710003', '20070001', '50,926.8', '50,926.8', '10', '20080004', '6.6150', '20090007', '20170926', '20270926', '20100001', null, null, '0', '20110001', '20170926', null, null);
INSERT INTO `send_green_thr_taizhang_info` VALUES ('0600000205', '25451000000008025', 'C1030433016478', 'HUZZX02S12020180002', '20050006', '绿色金融', '10710003', '20070001', '35,598.9', '35,598.9', '10', '20080003', '6.6150', '20090007', '20180105', '20280105', '20100001', null, null, '0', '20110001', '20180105', null, null);
INSERT INTO `send_green_thr_taizhang_info` VALUES ('1100001380', '25456000000000239', 'C1030433016639', 'HUZ1210220150027', '20050001', '绿色金融', '10710003', '20070005', '100,000,000.', '100,000,000.', '1,817', '20080003', '6.8875', '20090007', '20151225', '20201215', '20100001', null, null, '0', '20110001', '20151225', null, null);
INSERT INTO `send_green_thr_taizhang_info` VALUES ('0500000090', '25497000000029992', 'C1030433016387', 'HUZZX06S12020170079', '20050006', '绿色金融', '10710003', '20070001', '37,335.72', '37,335.72', '10', '20080003', '6.6150', '20090007', '20171121', '20271121', '20100001', null, null, '0', '20110001', '20171121', null, null);
INSERT INTO `send_green_thr_taizhang_info` VALUES ('0500000105', '25497000000032870', 'C1030433016387', 'HUZZX06S12020180021', '20050006', '绿色金融', '10710003', '20070001', '53,736.58', '53,736.58', '10', '20080003', '6.6150', '20090007', '20180226', '20280226', '20100001', null, null, '0', '20110001', '20180226', null, null);
INSERT INTO `send_green_thr_taizhang_info` VALUES ('1100001556', '25456000000008273', 'C1030433016639', 'HUZ1210120190097', '20050001', '绿色金融', '10710002', '20070005', '15,000,000.', '15,000,000.', '305', '20080003', '5.3059', '20090007', '20191219', '20201019', '20100001', null, null, '0', '20110001', '20191219', null, null);
INSERT INTO `send_green_thr_taizhang_info` VALUES ('0600000204', '25451000000007837', 'C1030433016478', 'HUZZX02S12020170103', '20050006', '绿色金融', '10710003', '20070001', '27,921.97', '27,921.97', '10', '20080003', '6.6150', '20090007', '20171226', '20271226', '20100001', null, null, '0', '20110001', '20171226', null, null);
INSERT INTO `send_green_thr_taizhang_info` VALUES ('0600000437', '25452000000004351', 'C1030433016593', 'HUZ1010220160061', '20050001', '绿色金融', '10710003', '20070005', '73,580,000.', '73,580,000.', '1,826', '20080003', '5.5000', '20090004', '20170103', '20220103', '20100001', null, null, '0', '20110001', '20170103', null, null);
INSERT INTO `send_green_thr_taizhang_info` VALUES ('0500000084', '25497000000029765', 'C1030433016387', 'HUZZX06S12020170072', '20050006', '绿色金融', '10710003', '20070001', '48,097.52', '48,097.52', '10', '20080004', '6.6150', '20090007', '20171115', '20271115', '20100001', null, null, '0', '20110001', '20171115', null, null);
INSERT INTO `send_green_thr_taizhang_info` VALUES ('1200000770', '25497000000013472', 'C1030433016387', 'HUZ0410220160001', '20050001', '绿色金融', '10710003', '20070005', '117,000,000.', '117,000,000.', '1,827', '20080003', '6.1750', '20090004', '20160108', '20210108', '20100001', null, null, '0', '20110001', '20160108', null, null);
INSERT INTO `send_green_thr_taizhang_info` VALUES ('0500000097', '25497000000032406', 'C1030433016387', 'HUZZX06S12020180011', '20050006', '绿色金融', '10710003', '20070001', '50,378.03', '50,378.03', '10', '20080003', '6.6150', '20090007', '20180208', '20280208', '20100001', null, null, '0', '20110001', '20180208', null, null);
INSERT INTO `send_green_thr_taizhang_info` VALUES ('1200003681', '25452000000015625', 'C1030433016593', 'HUZ1030220200012', '20050006', '绿色金融', '10710003', '20070005', '49,229,444.65', '49,229,444.65', '365', '20080002', '3.8000', '20090007', '20200225', '20210224', '20100001', null, null, '0', '20110001', '20200225', null, null);
INSERT INTO `send_green_thr_taizhang_info` VALUES ('0200000588', '25497000000047548', 'C1030433016387', 'HUZ0310120190144', '20050001', '绿色金融', '10710002', '20070005', '130,000,000.', '130,000,000.', '366', '20080003', '5.9000', '20090007', '20191025', '20201025', '20100001', null, null, '0', '20110001', '20191025', null, null);
INSERT INTO `send_green_thr_taizhang_info` VALUES ('0900001349', '25452000000004340', 'C1030433016593', 'HUZ1010220160055', '20050001', '绿色金融', '10710003', '20070005', '88,200,000.', '88,200,000.', '1,826', '20080003', '5.7000', '20090004', '20170103', '20220103', '20100001', null, null, '0', '20110001', '20170103', null, null);
INSERT INTO `send_green_thr_taizhang_info` VALUES ('1100000941', '25497000000013018', 'C1030433016387', 'HUZ0310220150109', '20050001', '绿色金融', '10710003', '20070005', '25,000,000.', '25,000,000.', '1,827', '20080003', '6.5000', '20090004', '20151217', '20201217', '20100001', null, null, '0', '20110001', '20151217', null, null);
INSERT INTO `send_green_thr_taizhang_info` VALUES ('0500000063', '25497000000028387', 'C1030433016387', 'HUZZX06S12020170043', '20050006', '绿色金融', '10710003', '20070001', '46,895.16', '46,895.16', '10', '20080003', '6.6150', '20090007', '20170925', '20270925', '20100001', null, null, '0', '20110001', '20170925', null, null);
INSERT INTO `send_green_thr_taizhang_info` VALUES ('0500000078', '25497000000028751', 'C1030433016387', 'HUZZX06S12020170056', '20050006', '绿色金融', '10710003', '20070001', '68,388.74', '68,388.74', '10', '20080003', '6.6150', '20090007', '20171010', '20271010', '20100001', null, null, '0', '20110001', '20171010', null, null);
INSERT INTO `send_green_thr_taizhang_info` VALUES ('0100002824', '25497000000042471', 'C1030433016387', 'HUZ0510220190010', '20050001', '绿色金融', '10710003', '20070002', '95,830,000.', '95,830,000.', '2,882', '20080001', '6.6200', '20090007', '20190312', '20270131', '20100001', null, null, '0', '20110001', '20190312', null, null);
INSERT INTO `send_green_thr_taizhang_info` VALUES ('0600000178', '25451000000007724', 'C1030433016478', 'HUZZX02S12020170107', '20050006', '绿色金融', '10710003', '20070001', '44,985.36', '44,985.36', '10', '20080003', '6.6150', '20090007', '20171214', '20271214', '20100001', null, null, '0', '20110001', '20171214', null, null);
INSERT INTO `send_green_thr_taizhang_info` VALUES ('0500000104', '25497000000032858', 'C1030433016387', 'HUZZX06S12020180025', '20050006', '绿色金融', '10710003', '20070001', '50,378.03', '50,378.03', '10', '20080003', '6.6150', '20090007', '20180226', '20280226', '20100001', null, null, '0', '20110001', '20180226', null, null);
INSERT INTO `send_green_thr_taizhang_info` VALUES ('0400002614', '25451000000019106', 'C1030433016478', 'HUZ0710120200032', '20050001', '绿色金融', '10710002', '20070005', '150,000,000.', '150,000,000.', '365', '20080001', '5.5000', '20090004', '20200520', '20210520', '20100001', null, null, '0', '20110001', '20200520', null, null);
INSERT INTO `send_green_thr_taizhang_info` VALUES ('0600000032', '25452000000006541', 'C1030433016593', 'HUZZX09S12020170102', '20050006', '绿色金融', '10710003', '20070001', '19,097.52', '19,097.52', '10', '20080004', '6.6150', '20090007', '20171010', '20271010', '20100001', null, null, '0', '20110001', '20171010', null, null);
INSERT INTO `send_green_thr_taizhang_info` VALUES ('1000001271', '25456000000008295', 'C1030433016639', 'HUZ1210120190101', '20050001', '绿色金融', '10710002', '20070005', '20,000,000.', '20,000,000.', '366', '20080003', '5.4000', '20090004', '20191227', '20201227', '20100001', null, null, '0', '20110001', '20191227', null, null);
INSERT INTO `send_green_thr_taizhang_info` VALUES ('1100000941', '25497000000012832', 'C1030433016387', 'HUZ0310220150101', '20050001', '绿色金融', '10710003', '20070005', '25,000,000.', '25,000,000.', '1,826', '20080003', '6.5000', '20090004', '20151210', '20201209', '20100001', null, null, '0', '20110001', '20151210', null, null);
INSERT INTO `send_green_thr_taizhang_info` VALUES ('0700002173', '25452000000010207', 'C1030433016593', 'HUZ1010520180043', '20050001', '绿色金融', '10710003', '20070005', '52420800.00', '47833980.00', '2,447', '20080003', '2.0700', '20090007', '20181015', '20250627', '20100001', null, null, '0', '20110001', '20181015', null, null);
INSERT INTO `send_green_thr_taizhang_info` VALUES ('0500000068', '25497000000028525', 'C1030433016387', 'HUZZX06S12020170048', '20050006', '绿色金融', '10710003', '20070001', '44,837.02', '44,837.02', '10', '20080003', '6.6150', '20090007', '20170929', '20270929', '20100001', null, null, '0', '20110001', '20170929', null, null);
INSERT INTO `send_green_thr_taizhang_info` VALUES ('0500000064', '25497000000028682', 'C1030433016387', 'HUZZX06S12020170053', '20050006', '绿色金融', '10710003', '20070001', '62,526.8', '62,526.8', '10', '20080003', '6.6150', '20090007', '20171009', '20271009', '20100001', null, null, '0', '20110001', '20171009', null, null);
INSERT INTO `send_green_thr_taizhang_info` VALUES ('1100003197', '25452000000007352', 'C1030433016593', 'HUZ1010120180001', '20050001', '绿色金融', '10710005', '20070005', '180,000,000.', '180,000,000.', '1,087', '20080001', '6.0000', '20090007', '20180105', '20201227', '20100001', null, null, '0', '20110001', '20180105', null, null);
INSERT INTO `send_green_thr_taizhang_info` VALUES ('1000001400', '25497000000048654', 'C1030433016387', 'HUZ0510120190066', '20050001', '绿色金融', '10710002', '20070005', '60,000,000.', '60,000,000.', '366', '20080003', '5.2250', '20090004', '20191220', '20201220', '20100001', null, null, '0', '20110001', '20191220', null, null);
INSERT INTO `send_green_thr_taizhang_info` VALUES ('1200001710', '25451000000017904', 'C1030433016478', 'HUZ0730220200015', '20050006', '绿色金融', '10710003', '20070005', '147,540,000.', '147,540,000.', '347', '20080002', '4.8000', '20090007', '20200220', '20210201', '20100001', null, null, '0', '20110001', '20200220', null, null);
INSERT INTO `send_green_thr_taizhang_info` VALUES ('0600000010', '25497000000031560', 'C1030433016387', 'HUZZX06S12020170088', '20050006', '绿色金融', '10710003', '20070001', '38,623.16', '38,623.16', '10', '20080003', '6.6150', '20090007', '20180111', '20280111', '20100001', null, null, '0', '20110001', '20180111', null, null);
INSERT INTO `send_green_thr_taizhang_info` VALUES ('1100002057', '25452000000011198', 'C1030433016593', 'HUZ1010120190001', '20050001', '绿色金融', '10710005', '20070005', '98,660,000.', '98,660,000.', '1,082', '20080003', '7.0000', '20090007', '20190109', '20211226', '20100001', null, null, '0', '20110001', '20190109', null, null);
INSERT INTO `send_green_thr_taizhang_info` VALUES ('0600000216', '25497000000052116', 'C1030433016387', 'HUZ0310120200068', '20050001', '绿色金融', '10710002', '20070005', '10,000,000.', '10,000,000.', '365', '20080002', '4.7000', '20090004', '20200709', '20210709', '20100001', null, null, '0', '20110001', '20200709', null, null);
INSERT INTO `send_green_thr_taizhang_info` VALUES ('0600002183', '25497000000052003', 'C1030433016387', 'HUZ0310120200064', '20050001', '绿色金融', '10710002', '20070005', '300,000,000.', '300,000,000.', '365', '20080004', '3.8000', '20090004', '20200629', '20210629', '20100001', null, null, '0', '20110001', '20200629', null, null);
INSERT INTO `send_green_thr_taizhang_info` VALUES ('0100002824', '25497000000041909', 'C1030433016387', 'HUZ0510220190009', '20050001', '绿色金融', '10710003', '20070002', '95,830,000.', '95,830,000.', '2,922', '20080001', '6.8000', '20090007', '20190131', '20270131', '20100001', null, null, '0', '20110001', '20190131', null, null);
INSERT INTO `send_green_thr_taizhang_info` VALUES ('0600000037', '25452000000006518', 'C1030433016593', 'HUZZX09S12020170095', '20050006', '绿色金融', '10710003', '20070001', '38,195.16', '38,195.16', '3,651', '20080003', '6.6150', '20090007', '20171009', '20271008', '20100001', null, null, '0', '20110001', '20171009', null, null);
INSERT INTO `send_green_thr_taizhang_info` VALUES ('0500000058', '25497000000028138', 'C1030433016387', 'HUZZX06S12020170033', '20050006', '绿色金融', '10710003', '20070001', '52,301.91', '52,301.91', '10', '20080003', '6.6150', '20090007', '20170915', '20270915', '20100001', null, null, '0', '20110001', '20170915', null, null);
INSERT INTO `send_green_thr_taizhang_info` VALUES ('1200001427', '25452000000003936', 'C1030433016593', 'HUZ1010220160058', '20050001', '绿色金融', '10710003', '20070005', '69,270,000.', '69,270,000.', '1,826', '20080003', '5.8000', '20090004', '20161229', '20211229', '20100001', null, null, '0', '20110001', '20161229', null, null);
INSERT INTO `send_green_thr_taizhang_info` VALUES ('0500000065', '25497000000028489', 'C1030433016387', 'HUZZX06S12020170046', '20050006', '绿色金融', '10710003', '20070001', '52,576.62', '52,576.62', '10', '20080003', '6.6150', '20090007', '20170928', '20270928', '20100001', null, null, '0', '20110001', '20170928', null, null);
INSERT INTO `send_green_thr_taizhang_info` VALUES ('0500000106', '25497000000032869', 'C1030433016387', 'HUZZX06S12020180024', '20050006', '绿色金融', '10710003', '20070001', '36,943.94', '36,943.94', '10', '20080003', '6.6150', '20090007', '20180226', '20280226', '20100001', null, null, '0', '20110001', '20180226', null, null);
INSERT INTO `send_green_thr_taizhang_info` VALUES ('0500000101', '25497000000032632', 'C1030433016387', 'HUZZX06S12020180017', '20050006', '绿色金融', '10710003', '20070001', '50,378.03', '50,378.03', '10', '20080003', '6.6150', '20090007', '20180212', '20280212', '20100001', null, null, '0', '20110001', '20180212', null, null);
INSERT INTO `send_green_thr_taizhang_info` VALUES ('0200000646', '25456000000000965', 'C1030433016639', 'HUZ1210220160031', '20050001', '绿色金融', '10710003', '20070005', '60,000,000.', '60,000,000.', '1,826', '20080003', '6.0000', '20090004', '20160826', '20210826', '20100001', null, null, '0', '20110001', '20160826', null, null);
INSERT INTO `send_green_thr_taizhang_info` VALUES ('0500000069', '25497000000028490', 'C1030433016387', 'HUZZX06S12020170047', '20050006', '绿色金融', '10710003', '20070001', '70,342.68', '70,342.68', '10', '20080003', '6.6150', '20090007', '20170928', '20270928', '20100001', null, null, '0', '20110001', '20170928', null, null);
INSERT INTO `send_green_thr_taizhang_info` VALUES ('0500000081', '25497000000029607', 'C1030433016387', 'HUZZX06S12020170067', '20050006', '绿色金融', '10710003', '20070001', '68,388.74', '68,388.74', '10', '20080003', '6.6150', '20090007', '20171107', '20271107', '20100001', null, null, '0', '20110001', '20171107', null, null);
INSERT INTO `send_green_thr_taizhang_info` VALUES ('0800002407', '25497000000013450', 'C1030433016387', 'HUZ0510220150069', '20050001', '绿色金融', '10710003', '20070005', '69,160,000.', '69,160,000.', '1,827', '20080003', '6.1750', '20090004', '20160108', '20210108', '20100001', null, null, '0', '20110001', '20160108', null, null);
INSERT INTO `send_green_thr_taizhang_info` VALUES ('0600000039', '25452000000006530', 'C1030433016593', 'HUZZX09S12020170097', '20050006', '绿色金融', '10710003', '20070001', '25,463.4', '25,463.4', '10', '20080003', '6.6150', '20090007', '20171009', '20271009', '20100001', null, null, '0', '20110001', '20171009', null, null);
INSERT INTO `send_green_thr_taizhang_info` VALUES ('0200000221', '25497000000034786', 'C1030433016387', 'HUZ0510120180007', '20050001', '绿色金融', '10710005', '20070005', '81,000,000.', '81,000,000.', '1,096', '20080003', '7.1013', '20090007', '20180517', '20210517', '20100001', null, null, '0', '20110001', '20180517', null, null);
INSERT INTO `send_green_thr_taizhang_info` VALUES ('0500000096', '25497000000030306', 'C1030433016387', 'HUZZX06S12020170085', '20050006', '绿色金融', '10710003', '20070001', '38,478.04', '38,478.04', '10', '20080003', '6.6150', '20090007', '20171130', '20271130', '20100001', null, null, '0', '20110001', '20171130', null, null);
INSERT INTO `send_green_thr_taizhang_info` VALUES ('0500000109', '25497000000033409', 'C1030433016387', 'HUZZX06S12020180031', '20050006', '绿色金融', '10710003', '20070001', '52,057.3', '52,057.3', '10', '20080003', '6.6150', '20090007', '20180321', '20280321', '20100001', null, null, '0', '20110001', '20180321', null, null);
INSERT INTO `send_green_thr_taizhang_info` VALUES ('0200000221', '25497000000034414', 'C1030433016387', 'HUZ0510120180004', '20050001', '绿色金融', '10710005', '20070005', '9,000,000.', '9,000,000.', '1,096', '20080003', '6.6500', '20090007', '20180427', '20210427', '20100001', null, null, '0', '20110001', '20180427', null, null);
INSERT INTO `send_green_thr_taizhang_info` VALUES ('1200000770', '25497000000013063', 'C1030433016387', 'HUZ0410220150038', '20050001', '绿色金融', '10710003', '20070005', '3,000,000.', '3,000,000.', '1,820', '20080003', '6.5000', '20090004', '20151222', '20201215', '20100001', null, null, '0', '20110001', '20151222', null, null);
INSERT INTO `send_green_thr_taizhang_info` VALUES ('1100000449', '25497000000032100', 'C1030433016387', 'HUZ0510120170021', '20050001', '绿色金融', '10710005', '20070005', '95,000,000.', '95,000,000.', '1,096', '20080003', '6.0040', '20090007', '20180129', '20210129', '20100001', null, null, '0', '20110001', '20180129', null, null);
INSERT INTO `send_green_thr_taizhang_info` VALUES ('1100001073', '25497000000050016', 'C1030433016387', 'HUZ0410120200012', '20050001', '绿色金融', '10710002', '20070005', '30,000,000.', '30,000,000.', '366', '20080003', '5.2200', '20090004', '20200116', '20210116', '20100001', null, null, '0', '20110001', '20200116', null, null);
INSERT INTO `send_green_thr_taizhang_info` VALUES ('1200001697', '25456000000003489', 'C1030433016639', 'HUZ1210120170088', '20050001', '绿色金融', '10710005', '20070005', '38,650,000.', '38,650,000.', '1,096', '20080003', '5.7000', '20090007', '20171130', '20201130', '20100001', null, null, '0', '20110001', '20171130', null, null);
INSERT INTO `send_green_thr_taizhang_info` VALUES ('0100000005', '25456000000003886', 'C1030433016639', 'HUZ1210220180018', '20050001', '绿色金融', '10710003', '20070002', '16,675,000.', '16,675,000.', '2,557', '20080003', '6.5000', '20090007', '20180131', '20250131', '20100001', null, null, '0', '20110001', '20180131', null, null);
INSERT INTO `send_green_thr_taizhang_info` VALUES ('0600000012', '25497000000029108', 'C1030433016387', 'HUZZX06S12020170062', '20050006', '绿色金融', '10710003', '20070001', '38,478.04', '38,478.04', '10', '20080003', '6.6150', '20090007', '20171024', '20271024', '20100001', null, null, '0', '20110001', '20171024', null, null);
INSERT INTO `send_green_thr_taizhang_info` VALUES ('0500000098', '25497000000032643', 'C1030433016387', 'HUZZX06S12020180012', '20050006', '绿色金融', '10710003', '20070001', '47,019.48', '47,019.48', '10', '20080003', '6.6150', '20090007', '20180212', '20280212', '20100001', null, null, '0', '20110001', '20180212', null, null);
INSERT INTO `send_green_thr_taizhang_info` VALUES ('1100001523', '25452000000001633', 'C1030433016593', 'HUZ1010220150046', '20050001', '绿色金融', '10710003', '20070002', '168,000,000.', '168,000,000.', '2,918', '20080003', '7.0000', '20090004', '20160108', '20240104', '20100001', null, null, '0', '20110001', '20160108', null, null);
INSERT INTO `send_green_thr_taizhang_info` VALUES ('1000001800', '25497000000050243', 'C1030433016387', 'HUZ0510120200010', '20050001', '绿色金融', '10710002', '20070005', '21,000,000.', '21,000,000.', '366', '20080003', '5.2200', '20090004', '20200218', '20210218', '20100001', null, null, '0', '20110001', '20200218', null, null);
INSERT INTO `send_green_thr_taizhang_info` VALUES ('0500000061', '25497000000028354', 'C1030433016387', 'HUZZX06S12020170039', '20050006', '绿色金融', '10710003', '20070001', '52,756.98', '52,756.98', '10', '20080003', '6.6150', '20090007', '20170925', '20270925', '20100001', null, null, '0', '20110001', '20170925', null, null);
INSERT INTO `send_green_thr_taizhang_info` VALUES ('1100002704', '25452000000002570', 'C1030433016593', 'HUZ1010220160028', '20050001', '绿色金融', '10710003', '20070005', '33,600,000.', '33,600,000.', '1,826', '20080003', '6.1750', '20090004', '20160701', '20210701', '20100001', null, null, '0', '20110001', '20160701', null, null);
INSERT INTO `send_green_thr_taizhang_info` VALUES ('0500001393', '25452000000003391', 'C1030433016593', 'HUZ1010220160045', '20050001', '绿色金融', '10710003', '20070005', '26,660,000.', '26,660,000.', '1,826', '20080003', '5.2250', '20090004', '20161019', '20211019', '20100001', null, null, '0', '20110001', '20161019', null, null);
INSERT INTO `send_green_thr_taizhang_info` VALUES ('1200001489', '25456000000008433', 'C1030433016639', 'HUZ1210120200014', '20050001', '绿色金融', '10710002', '20070005', '25,000,000.', '25,000,000.', '366', '20080003', '5.4100', '20090004', '20200113', '20210113', '20100001', null, null, '0', '20110001', '20200113', null, null);
INSERT INTO `send_green_thr_taizhang_info` VALUES ('1100000199', '25451000000017303', 'C1030433016478', 'HUZ0710120190077', '20050001', '绿色金融', '10710002', '20070005', '50,000,000.', '50,000,000.', '366', '20080003', '5.0000', '20090004', '20191226', '20201226', '20100001', null, null, '0', '20110001', '20191226', null, null);
INSERT INTO `send_green_thr_taizhang_info` VALUES ('1100002704', '25452000000003120', 'C1030433016593', 'HUZ1010220160042', '20050001', '绿色金融', '10710003', '20070005', '38,400,000.', '38,400,000.', '1,826', '20080003', '6.1750', '20090004', '20160826', '20210826', '20100001', null, null, '0', '20110001', '20160826', null, null);
INSERT INTO `send_green_thr_taizhang_info` VALUES ('0600000185', '25451000000008014', 'C1030433016478', 'HUZZX02S12020180008', '20050006', '绿色金融', '10710003', '20070001', '32,963.42', '32,963.42', '10', '20080003', '6.6150', '20090007', '20180105', '20280105', '20100001', null, null, '0', '20110001', '20180105', null, null);
INSERT INTO `send_green_thr_taizhang_info` VALUES ('1000000291', '25451000000016467', 'C1030433016478', 'HUZ0710120190062', '20050001', '绿色金融', '10710002', '20070005', '25,000,000.', '25,000,000.', '366', '20080003', '5.7855', '20090007', '20191108', '20201108', '20100001', null, null, '0', '20110001', '20191108', null, null);
INSERT INTO `send_green_thr_taizhang_info` VALUES ('0500000074', '25497000000028739', 'C1030433016387', 'HUZZX06S12020170058', '20050006', '绿色金融', '10710003', '20070001', '36,972.84', '36,972.84', '10', '20080003', '6.6150', '20090007', '20171010', '20271010', '20100001', null, null, '0', '20110001', '20171010', null, null);
INSERT INTO `send_green_thr_taizhang_info` VALUES ('0800000031', '25452000000015535', 'C1030433016593', 'HUZ1010120200008', '20050001', '绿色金融', '10710005', '20070005', '37,200,000.', '37,200,000.', '1,095', '20080003', '5.2000', '20090007', '20200117', '20230116', '20100001', null, null, '0', '20110001', '20200117', null, null);
INSERT INTO `send_green_thr_taizhang_info` VALUES ('1200001427', '25452000000002762', 'C1030433016593', 'HUZ1010220160034', '20050001', '绿色金融', '10710003', '20070005', '39,270,000.', '39,270,000.', '1,826', '20080003', '5.7000', '20090004', '20160719', '20210719', '20100001', null, null, '0', '20110001', '20160719', null, null);
INSERT INTO `send_green_thr_taizhang_info` VALUES ('0600002310', '25456000000009356', 'C1030433016639', 'HUZ1210120200039', '20050001', '绿色金融', '10710002', '20070005', '27,000,000.', '27,000,000.', '365', '20080003', '6.0000', '20090004', '20200701', '20210701', '20100001', null, null, '0', '20110001', '20200701', null, null);
INSERT INTO `send_green_thr_taizhang_info` VALUES ('0600000208', '25451000000008241', 'C1030433016478', 'HUZZX02S12020180013', '20050006', '绿色金融', '10710003', '20070001', '46,148.81', '46,148.81', '10', '20080004', '6.6150', '20090007', '20180109', '20280109', '20100001', null, null, '0', '20110001', '20180109', null, null);
INSERT INTO `send_green_thr_taizhang_info` VALUES ('0500000072', '25497000000028376', 'C1030433016387', 'HUZZX06S12020170042', '20050006', '绿色金融', '10710003', '20070001', '40,401.96', '40,401.96', '10', '20080003', '6.6150', '20090007', '20170925', '20270925', '20100001', null, null, '0', '20110001', '20170925', null, null);
INSERT INTO `send_green_thr_taizhang_info` VALUES ('0600000043', '25452000000006835', 'C1030433016593', 'HUZZX09S12020170098', '20050006', '绿色金融', '10710003', '20070001', '38,195.16', '38,195.16', '10', '20080003', '6.6150', '20090007', '20171024', '20271024', '20100001', null, null, '0', '20110001', '20171024', null, null);
INSERT INTO `send_green_thr_taizhang_info` VALUES ('0800002738', '25452000000001269', 'C1030433016593', 'HUZ1010220150039', '20050001', '绿色金融', '10710003', '20070005', '70,000,000.', '70,000,000.', '1,827', '20080003', '6.6000', '20090007', '20151124', '20201124', '20100001', null, null, '0', '20110001', '20151124', null, null);
INSERT INTO `send_green_thr_taizhang_info` VALUES ('0500000080', '25497000000029595', 'C1030433016387', 'HUZZX06S12020170068', '20050006', '绿色金融', '10710003', '20070001', '42,205.56', '42,205.56', '10', '20080003', '6.6150', '20090007', '20171107', '20271107', '20100001', null, null, '0', '20110001', '20171107', null, null);
INSERT INTO `send_green_thr_taizhang_info` VALUES ('0400003078', '25497000000051791', 'C1030433016387', 'HUZ0410120200054', '20050001', '绿色金融', '10710002', '20070005', '98,000,000.', '98,000,000.', '183', '20080002', '3.7500', '20090004', '20200623', '20201223', '20100001', null, null, '0', '20110001', '20200623', null, null);
INSERT INTO `send_green_thr_taizhang_info` VALUES ('0200002347', '25452000000014789', 'C1030433016593', 'HUZ1010120190105', '20050001', '绿色金融', '10710002', '20070005', '10,000,000.', '10,000,000.', '366', '20080001', '5.0025', '20090004', '20191209', '20201209', '20100001', null, null, '0', '20110001', '20191209', null, null);
INSERT INTO `send_green_thr_taizhang_info` VALUES ('0500000249', '25451000000019377', 'C1030433016478', 'HUZ0710120200036', '20050001', '绿色金融', '10710002', '20070005', '97,000,000.', '97,000,000.', '182', '20080002', '3.4000', '20090004', '20200619', '20201218', '20100001', null, null, '0', '20110001', '20200619', null, null);
INSERT INTO `send_green_thr_taizhang_info` VALUES ('0600000216', '25497000000052127', 'C1030433016387', 'HUZ0310120200069', '20050001', '绿色金融', '10710002', '20070005', '10,000,000.', '10,000,000.', '365', '20080002', '4.7000', '20090004', '20200709', '20210709', '20100001', null, null, '0', '20110001', '20200709', null, null);
INSERT INTO `send_green_thr_taizhang_info` VALUES ('0500000107', '25497000000032847', 'C1030433016387', 'HUZZX06S12020180026', '20050006', '绿色金融', '10710003', '20070001', '33,585.39', '33,585.39', '10', '20080003', '6.6150', '20090007', '20180226', '20280226', '20100001', null, null, '0', '20110001', '20180226', null, null);
INSERT INTO `send_green_thr_taizhang_info` VALUES ('1100003702', '25452000000002820', 'C1030433016593', 'HUZ1010220160038', '20050001', '绿色金融', '10710003', '20070005', '15,000,000.', '15,000,000.', '1,826', '20080003', '6.5000', '20090004', '20160729', '20210729', '20100001', null, null, '0', '20110001', '20160729', null, null);
INSERT INTO `send_green_thr_taizhang_info` VALUES ('1100002704', '25452000000001644', 'C1030433016593', 'HUZ1010220160002', '20050001', '绿色金融', '10710003', '20070005', '40,000,000.', '40,000,000.', '1,824', '20080003', '7.0000', '20090004', '20160108', '20210105', '20100001', null, null, '0', '20110001', '20160108', null, null);
INSERT INTO `send_green_thr_taizhang_info` VALUES ('0400003062', '25497000000051780', 'C1030433016387', 'HUZ0410120200055', '20050001', '绿色金融', '10710002', '20070005', '98,000,000.', '98,000,000.', '183', '20080002', '3.7500', '20090004', '20200623', '20201223', '20100001', null, null, '0', '20110001', '20200623', null, null);
INSERT INTO `send_green_thr_taizhang_info` VALUES ('0500000057', '25497000000028127', 'C1030433016387', 'HUZZX06S12020170031', '20050006', '绿色金融', '10710003', '20070001', '55,378.47', '55,378.47', '10', '20080003', '6.6150', '20090007', '20170915', '20270915', '20100001', null, null, '0', '20110001', '20170915', null, null);
INSERT INTO `send_green_thr_taizhang_info` VALUES ('0600006647', '25451000000019515', 'C1030433016478', 'HUZZX0210120200080', '20050001', '绿色金融', '10710003', '20070005', '88,200,000.', '88,200,000.', '183', '20080002', '4.3500', '20090004', '20200624', '20201224', '20100001', null, null, '0', '20110001', '20200624', null, null);
INSERT INTO `send_green_thr_taizhang_info` VALUES ('1100002057', '25452000000011085', 'C1030433016593', 'HUZ1010120180079', '20050001', '绿色金融', '10710005', '20070005', '48,260,000.', '48,260,000.', '1,087', '20080001', '7.0000', '20090007', '20190104', '20211226', '20100001', null, null, '0', '20110001', '20190104', null, null);
INSERT INTO `send_green_thr_taizhang_info` VALUES ('0500000066', '25497000000028536', 'C1030433016387', 'HUZZX06S12020170049', '20050006', '绿色金融', '10710003', '20070001', '63,729.28', '63,729.28', '10', '20080003', '6.6150', '20090007', '20170929', '20270929', '20100001', null, null, '0', '20110001', '20170929', null, null);
INSERT INTO `send_green_thr_taizhang_info` VALUES ('0600000013', '25497000000031548', 'C1030433016387', 'HUZZX06S12020180002', '20050006', '绿色金融', '10710003', '20070001', '42,804.87', '42,804.87', '10', '20080003', '6.6150', '20090007', '20180111', '20280111', '20100001', null, null, '0', '20110001', '20180111', null, null);
INSERT INTO `send_green_thr_taizhang_info` VALUES ('0500000092', '25497000000030215', 'C1030433016387', 'HUZZX06S12020170083', '20050006', '绿色金融', '10710003', '20070001', '50,322.12', '50,322.12', '10', '20080003', '6.6150', '20090007', '20171127', '20271127', '20100001', null, null, '0', '20110001', '20171127', null, null);
INSERT INTO `send_green_thr_taizhang_info` VALUES ('0600000011', '25497000000031559', 'C1030433016387', 'HUZZX06S12020180001', '20050006', '绿色金融', '10710003', '20070001', '31,906.06', '31,906.06', '10', '20080003', '6.6150', '20090007', '20180111', '20280111', '20100001', null, null, '0', '20110001', '20180111', null, null);
INSERT INTO `send_green_thr_taizhang_info` VALUES ('0500000071', '25497000000028398', 'C1030433016387', 'HUZZX06S12020170041', '20050006', '绿色金融', '10710003', '20070001', '30,782.48', '30,782.48', '10', '20080003', '6.6150', '20090007', '20170925', '20270925', '20100001', null, null, '0', '20110001', '20170925', null, null);
INSERT INTO `send_green_thr_taizhang_info` VALUES ('0500000085', '25497000000029776', 'C1030433016387', 'HUZZX06S12020170071', '20050006', '绿色金融', '10710003', '20070001', '42,987.16', '42,987.16', '10', '20080003', '6.6150', '20090007', '20171115', '20271115', '20100001', null, null, '0', '20110001', '20171115', null, null);
INSERT INTO `send_green_thr_taizhang_info` VALUES ('0100000005', '25456000000007676', 'C1030433016639', 'HUZ1210220190066', '20050001', '绿色金融', '10710003', '20070002', '30,000,000.', '30,000,000.', '2,553', '20080003', '6.6150', '20090007', '20190812', '20260808', '20100001', null, null, '0', '20110001', '20190812', null, null);
INSERT INTO `send_green_thr_taizhang_info` VALUES ('0500000450', '25497000000047504', 'C1030433016387', 'HUZ0310120190148', '20050001', '绿色金融', '10710002', '20070005', '30,000,000.', '30,000,000.', '366', '20080003', '5.6700', '20090007', '20191023', '20201023', '20100001', null, null, '0', '20110001', '20191023', null, null);
INSERT INTO `send_green_thr_taizhang_info` VALUES ('0600000159', '25451000000007699', 'C1030433016478', 'HUZZX02S12020170106', '20050006', '绿色金融', '10710003', '20070001', '44,985.36', '44,985.36', '10', '20080003', '6.6150', '20090007', '20171214', '20271214', '20100001', null, null, '0', '20110001', '20171214', null, null);
INSERT INTO `send_green_thr_taizhang_info` VALUES ('1200001427', '25452000000002150', 'C1030433016593', 'HUZ1010220160014', '20050001', '绿色金融', '10710003', '20070005', '15,000,000.', '15,000,000.', '1,826', '20080003', '6.4000', '20090004', '20160401', '20210401', '20100001', null, null, '0', '20110001', '20160401', null, null);
INSERT INTO `send_green_thr_taizhang_info` VALUES ('1000001007', '25456000000000193', 'C1030433016639', 'HUZ1210220150016', '20050001', '绿色金融', '10710003', '20070005', '45,000,000.', '45,000,000.', '1,827', '20080003', '6.5000', '20090004', '20151223', '20201223', '20100001', null, null, '0', '20110001', '20151223', null, null);
INSERT INTO `send_green_thr_taizhang_info` VALUES ('0600000183', '25451000000007826', 'C1030433016478', 'HUZZX02S12020170109', '20050006', '绿色金融', '10710003', '20070001', '31,024.35', '31,024.35', '10', '20080003', '6.6150', '20090007', '20171226', '20271226', '20100001', null, null, '0', '20110001', '20171226', null, null);
INSERT INTO `send_green_thr_taizhang_info` VALUES ('0500000086', '25497000000029823', 'C1030433016387', 'HUZZX06S12020170074', '20050006', '绿色金融', '10710003', '20070001', '24,349.44', '24,349.44', '10', '20080003', '6.6150', '20090007', '20171116', '20271116', '20100001', null, null, '0', '20110001', '20171116', null, null);
INSERT INTO `send_green_thr_taizhang_info` VALUES ('0500000077', '25497000000028706', 'C1030433016387', 'HUZZX06S12020170054', '20050006', '绿色金融', '10710003', '20070001', '49,390.18', '49,390.18', '10', '20080003', '6.6150', '20090007', '20171009', '20271009', '20100001', null, null, '0', '20110001', '20171009', null, null);
INSERT INTO `send_green_thr_taizhang_info` VALUES ('0200000646', '25456000000000488', 'C1030433016639', 'HUZ1210220160016', '20050001', '绿色金融', '10710003', '20070005', '80,000,000.', '80,000,000.', '1,813', '20080003', '6.0000', '20090004', '20160428', '20210415', '20100001', null, null, '0', '20110001', '20160428', null, null);
INSERT INTO `send_green_thr_taizhang_info` VALUES ('0500001393', '25452000000004486', 'C1030433016593', 'HUZ1010220170003', '20050001', '绿色金融', '10710003', '20070005', '115,000,000.', '115,000,000.', '1,826', '20080003', '5.6000', '20090004', '20170117', '20220117', '20100001', null, null, '0', '20110001', '20170117', null, null);
INSERT INTO `send_green_thr_taizhang_info` VALUES ('0200002347', '25452000000015705', 'C1030433016593', 'HUZ1010120200018', '20050001', '绿色金融', '10710002', '20070005', '15,000,000.', '15,000,000.', '365', '20080001', '5.0025', '20090004', '20200306', '20210306', '20100001', null, null, '0', '20110001', '20200306', null, null);
INSERT INTO `send_green_thr_taizhang_info` VALUES ('0600000210', '25451000000008047', 'C1030433016478', 'HUZZX02S12020180006', '20050006', '绿色金融', '10710003', '20070001', '25,325.45', '25,325.45', '9', '20080003', '6.6150', '20090007', '20180105', '20270105', '20100001', null, null, '0', '20110001', '20180105', null, null);
INSERT INTO `send_green_thr_taizhang_info` VALUES ('0500000108', '25497000000029119', 'C1030433016387', 'HUZZX06S12020170059', '20050006', '绿色金融', '10710003', '20070001', '51,945.36', '51,945.36', '10', '20080003', '6.6150', '20090007', '20171024', '20271024', '20100001', null, null, '0', '20110001', '20171024', null, null);
INSERT INTO `send_green_thr_taizhang_info` VALUES ('0600000029', '25452000000006336', 'C1030433016593', 'HUZZX09S12020170082', '20050006', '绿色金融', '10710003', '20070001', '36,878.09', '36,878.09', '10', '20080003', '6.6150', '20090007', '20170908', '20270908', '20100001', null, null, '0', '20110001', '20170908', null, null);
INSERT INTO `send_green_thr_taizhang_info` VALUES ('0600000095', '25452000000006915', 'C1030433016593', 'HUZZX09S12020170103', '20050006', '绿色金融', '10710003', '20070001', '63,658.56', '63,658.56', '10', '20080003', '6.6150', '20090007', '20171102', '20271102', '20100001', null, null, '0', '20110001', '20171102', null, null);
INSERT INTO `send_green_thr_taizhang_info` VALUES ('1100000982', '25497000000050094', 'C1030433016387', 'HUZ0510120200013', '20050001', '绿色金融', '10710002', '20070005', '40,000,000.', '40,000,000.', '366', '20080003', '5.2250', '20090004', '20200120', '20210120', '20100001', null, null, '0', '20110001', '20200120', null, null);
INSERT INTO `send_green_thr_taizhang_info` VALUES ('0100000005', '25456000000003116', 'C1030433016639', 'HUZ1210220170034', '20050001', '绿色金融', '10710003', '20070002', '4,420,000.', '4,420,000.', '2,551', '20080003', '6.5000', '20090007', '20170816', '20240810', '20100001', null, null, '0', '20110001', '20170816', null, null);
INSERT INTO `send_green_thr_taizhang_info` VALUES ('0100000574', '25497000000050083', 'C1030433016387', 'HUZ0410120200013', '20050001', '绿色金融', '10710002', '20070005', '20,000,000.', '20,000,000.', '366', '20080003', '5.0000', '20090004', '20200119', '20210119', '20100001', null, null, '0', '20110001', '20200119', null, null);
INSERT INTO `send_green_thr_taizhang_info` VALUES ('0900001349', '25452000000003878', 'C1030433016593', 'HUZ1010220160052', '20050001', '绿色金融', '10710003', '20070005', '5,200,000.', '5,200,000.', '1,826', '20080003', '5.8000', '20090004', '20161216', '20211216', '20100001', null, null, '0', '20110001', '20161216', null, null);
INSERT INTO `send_green_thr_taizhang_info` VALUES ('0500000079', '25497000000028740', 'C1030433016387', 'HUZZX06S12020170057', '20050006', '绿色金融', '10710003', '20070001', '70,342.68', '70,342.68', '10', '20080003', '6.6150', '20090007', '20171010', '20271010', '20100001', null, null, '0', '20110001', '20171010', null, null);
INSERT INTO `send_green_thr_taizhang_info` VALUES ('0500000111', '25497000000032712', 'C1030433016387', 'HUZZX06S12020180022', '20050006', '绿色金融', '10710003', '20070001', '47,019.48', '47,019.48', '10', '20080003', '6.6150', '20090007', '20180213', '20280213', '20100001', null, null, '0', '20110001', '20180213', null, null);
INSERT INTO `send_green_thr_taizhang_info` VALUES ('0600000180', '25451000000008036', 'C1030433016478', 'HUZZX02S12020180005', '20050006', '绿色金融', '10710003', '20070001', '42,348.29', '42,348.29', '10', '20080003', '6.6150', '20090007', '20180105', '20280105', '20100001', null, null, '0', '20110001', '20180105', null, null);
INSERT INTO `send_green_thr_taizhang_info` VALUES ('0400004637', '25451000000020803', 'C1030433016478', 'HUZ0710120200046', '20050001', '绿色金融', '10710002', '20070005', '200,000,000.', '200,000,000.', '365', '20080003', '3.8500', '20090004', '20200831', '20210831', '20100001', null, null, '0', '20110001', '20200831', null, null);
INSERT INTO `send_green_thr_taizhang_info` VALUES ('0500000083', '25497000000029641', 'C1030433016387', 'HUZZX06S12020170069', '20050006', '绿色金融', '10710003', '20070001', '54,710.92', '54,710.92', '10', '20080003', '6.6150', '20090007', '20171108', '20271108', '20100001', null, null, '0', '20110001', '20171108', null, null);
INSERT INTO `send_green_thr_taizhang_info` VALUES ('1100001899', '25456000000009583', 'C1030433016639', 'HUZ1210120200045', '20050001', '绿色金融', '10710002', '20070005', '30,000,000.', '30,000,000.', '363', '20080003', '5.7000', '20090004', '20200731', '20210729', '20100001', null, null, '0', '20110001', '20200731', null, null);
INSERT INTO `send_green_thr_taizhang_info` VALUES ('0500000062', '25497000000028365', 'C1030433016387', 'HUZZX06S12020170044', '20050006', '绿色金融', '10710003', '20070001', '54,169.84', '54,169.84', '10', '20080003', '6.6150', '20090007', '20170925', '20270925', '20100001', null, null, '0', '20110001', '20170925', null, null);
INSERT INTO `send_green_thr_taizhang_info` VALUES ('0500000091', '25497000000030000', 'C1030433016387', 'HUZZX06S12020170078', '20050006', '绿色金融', '10710003', '20070001', '68,178.24', '68,178.24', '10', '20080003', '6.6150', '20090007', '20171121', '20271121', '20100001', null, null, '0', '20110001', '20171121', null, null);
INSERT INTO `send_green_thr_taizhang_info` VALUES ('0300000958', '25451000000015690', 'C1030433016478', 'HUZ0710220190052', '20050001', '绿色金融', '10710003', '20070005', '50,000,000.', '50,000,000.', '2,808', '20080003', '6.6150', '20090007', '20190911', '20270520', '20100001', null, null, '0', '20110001', '20190911', null, null);
INSERT INTO `send_green_thr_taizhang_info` VALUES ('0800000031', '25452000000015546', 'C1030433016593', 'HUZ1010120200007', '20050001', '绿色金融', '10710002', '20070005', '12,000,000.', '12,000,000.', '283', '20080001', '5.0000', '20090007', '20200119', '20201028', '20100001', null, null, '0', '20110001', '20200119', null, null);
INSERT INTO `send_green_thr_taizhang_info` VALUES ('0600000198', '25451000000008003', 'C1030433016478', 'HUZZX02S12020180001', '20050006', '绿色金融', '10710003', '20070001', '28,547.51', '28,547.51', '10', '20080003', '6.6150', '20090007', '20180105', '20280105', '20100001', null, null, '0', '20110001', '20180105', null, null);
INSERT INTO `send_green_thr_taizhang_info` VALUES ('1100000941', '25497000000013507', 'C1030433016387', 'HUZ0310220160008', '20050001', '绿色金融', '10710003', '20070005', '100,000,000.', '100,000,000.', '1,827', '20080003', '6.5000', '20090004', '20160108', '20210108', '20100001', null, null, '0', '20110001', '20160108', null, null);
INSERT INTO `send_green_thr_taizhang_info` VALUES ('0600000122', '25451000000007713', 'C1030433016478', 'HUZZX02S12020170104', '20050006', '绿色金融', '10710003', '20070001', '44,985.36', '44,985.36', '10', '20080003', '6.6150', '20090007', '20171214', '20271214', '20100001', null, null, '0', '20110001', '20171214', null, null);
INSERT INTO `send_green_thr_taizhang_info` VALUES ('0700002173', '25452000000005162', 'C1030433016593', 'HUZ1010220170022', '20050001', '绿色金融', '10710003', '20070002', '15,281,156.25', '15,281,156.25', '2,922', '20080003', '5.8800', '20090004', '20170406', '20250406', '20100001', null, null, '0', '20110001', '20170406', null, null);
INSERT INTO `send_green_thr_taizhang_info` VALUES ('1200002247', '25497000000023026', 'C1030433016387', 'HUZ0410220170001', '20050001', '绿色金融', '10710003', '20070005', '42,330,000.', '42,330,000.', '1,826', '20080003', '5.4000', '20090004', '20170224', '20220224', '20100001', null, null, '0', '20110001', '20170224', null, null);
INSERT INTO `send_green_thr_taizhang_info` VALUES ('0600000188', '25451000000008218', 'C1030433016478', 'HUZZX02S12020180011', '20050006', '绿色金融', '10710003', '20070001', '40,065.39', '40,065.39', '10', '20080003', '6.6150', '20090007', '20180109', '20280109', '20100001', null, null, '0', '20110001', '20180109', null, null);
INSERT INTO `send_green_thr_taizhang_info` VALUES ('0500000110', '25497000000032723', 'C1030433016387', 'HUZZX06S12020180023', '20050006', '绿色金融', '10710003', '20070001', '31,906.06', '31,906.06', '10', '20080003', '6.6150', '20090007', '20180213', '20280213', '20100001', null, null, '0', '20110001', '20180213', null, null);
INSERT INTO `send_green_thr_taizhang_info` VALUES ('0700000529', '25452000000005934', 'C1030433016593', 'HUZZX09S12020170048', '20050006', '绿色金融', '10710003', '20070001', '32,049.04', '32,049.04', '10', '20080003', '6.6150', '20090007', '20170717', '20270717', '20100001', null, null, '0', '20110001', '20170717', null, null);
INSERT INTO `send_green_thr_taizhang_info` VALUES ('0600000093', '25452000000006529', 'C1030433016593', 'HUZZX09S12020170096', '20050006', '绿色金融', '10710003', '20070001', '31,829.28', '31,829.28', '10', '20080003', '6.6150', '20090007', '20171009', '20271009', '20100001', null, null, '0', '20110001', '20171009', null, null);
INSERT INTO `send_green_thr_taizhang_info` VALUES ('0600000437', '25452000000003404', 'C1030433016593', 'HUZ1010220160046', '20050001', '绿色金融', '10710003', '20070005', '26,770,000.', '26,770,000.', '1,826', '20080003', '5.2250', '20090004', '20161020', '20211020', '20100001', null, null, '0', '20110001', '20161020', null, null);
INSERT INTO `send_green_thr_taizhang_info` VALUES ('0600000213', '25451000000007167', 'C1030433016478', 'HUZZX02S12020170090', '20050001', '绿色金融', '10710003', '20070001', '48,698.76', '48,698.76', '10', '20080003', '6.6150', '20090007', '20170930', '20270930', '20100001', null, null, '0', '20110001', '20170930', null, null);
INSERT INTO `send_green_thr_taizhang_info` VALUES ('0300003878', '25451000000000944', 'C1030433016478', 'HUZ0710220140062', '20050001', '绿色金融', '10710003', '20070005', '21,875,000.', '21,875,000.', '3,653', '20080003', '5.1450', '20090004', '20141120', '20241120', '20100001', null, null, '0', '20110001', '20141120', null, null);
INSERT INTO `send_green_thr_taizhang_info` VALUES ('0800001006', '25451000000001574', 'C1030433016478', 'HUZ0710220150087', '20050001', '绿色金融', '10710003', '20070005', '25,000,000.', '25,000,000.', '1,791', '20080001', '6.6000', '20090007', '20151120', '20201015', '20100001', null, null, '0', '20110001', '20151120', null, null);
INSERT INTO `send_green_thr_taizhang_info` VALUES ('0600000155', '25451000000007973', 'C1030433016478', 'HUZZX02S12020170122', '20050006', '绿色金融', '10710003', '20070001', '46,536.58', '46,536.58', '10', '20080003', '6.6150', '20090007', '20180103', '20280103', '20100001', null, null, '0', '20110001', '20180103', null, null);
INSERT INTO `send_green_thr_taizhang_info` VALUES ('1100003702', '25452000000002592', 'C1030433016593', 'HUZ1010220160030', '20050001', '绿色金融', '10710003', '20070005', '35,000,000.', '35,000,000.', '1,826', '20080003', '6.5000', '20090004', '20160704', '20210704', '20100001', null, null, '0', '20110001', '20160704', null, null);
INSERT INTO `send_green_thr_taizhang_info` VALUES ('1200001697', '25456000000003682', 'C1030433016639', 'HUZ1210120170094', '20050001', '绿色金融', '10710005', '20070005', '29,000,000.', '29,000,000.', '1,096', '20080003', '6.4999', '20090007', '20180108', '20210108', '20100001', null, null, '0', '20110001', '20180108', null, null);
INSERT INTO `send_green_thr_taizhang_info` VALUES ('0500000076', '25497000000029017', 'C1030433016387', 'HUZZX06S12020170052', '20050006', '绿色金融', '10710003', '20070001', '67,223.4', '67,223.4', '10', '20080003', '6.6150', '20090007', '20171019', '20271019', '20100001', null, null, '0', '20110001', '20171019', null, null);
INSERT INTO `send_green_thr_taizhang_info` VALUES ('0200002347', '25452000000014575', 'C1030433016593', 'HUZ1010120190091', '20050001', '绿色金融', '10710002', '20070005', '5,000,000.', '5,000,000.', '366', '20080001', '5.0025', '20090007', '20191128', '20201128', '20100001', null, null, '0', '20110001', '20191128', null, null);
INSERT INTO `send_green_thr_taizhang_info` VALUES ('1100000809', '25452000000014847', 'C1030433016593', 'HUZ1010120190106', '20050001', '绿色金融', '10710005', '20070005', '99,000,000.', '99,000,000.', '1,093', '20080003', '5.2250', '20090007', '20191216', '20221213', '20100001', null, null, '0', '20110001', '20191216', null, null);
INSERT INTO `send_green_thr_taizhang_info` VALUES ('0600000169', '25451000000007702', 'C1030433016478', 'HUZZX02S12020170114', '20050006', '绿色金融', '10710003', '20070001', '44,985.36', '44,985.36', '10', '20080003', '6.6150', '20090007', '20171214', '20271214', '20100001', null, null, '0', '20110001', '20171214', null, null);
INSERT INTO `send_green_thr_taizhang_info` VALUES ('1100001187', '25456000000008193', 'C1030433016639', 'HUZ1210120190089', '20050001', '绿色金融', '10710002', '20070005', '30,000,000.', '30,000,000.', '365', '20080003', '5.3000', '20090007', '20191129', '20201128', '20100001', null, null, '0', '20110001', '20191129', null, null);
INSERT INTO `send_green_thr_taizhang_info` VALUES ('0500000082', '25497000000029630', 'C1030433016387', 'HUZZX06S12020170070', '20050006', '绿色金融', '10710003', '20070001', '37,335.72', '37,335.72', '10', '20080003', '6.6150', '20090007', '20171108', '20271108', '20100001', null, null, '0', '20110001', '20171108', null, null);
INSERT INTO `send_green_thr_taizhang_info` VALUES ('1000002742', '25456000000008976', 'C1030433016639', 'HUZ1210220200033', '20050001', '绿色金融', '10710003', '20070002', '240,000,000.', '240,000,000.', '2,534', '20080001', '5.6350', '20090007', '20200515', '20270423', '20100001', null, null, '0', '20110001', '20200515', null, null);
INSERT INTO `send_green_thr_taizhang_info` VALUES ('0700001766', '25497000000047593', 'C1030433016387', 'HUZ0310120190136', '20050001', '绿色金融', '10710005', '20070005', '166,870,000.', '166,870,000.', '1,096', '20080002', '4.7500', '20090007', '20191030', '20221030', '20100001', null, null, '0', '20110001', '20191030', null, null);
INSERT INTO `send_green_thr_taizhang_info` VALUES ('1200003629', '25452000000016118', 'C1030433016593', 'HUZ1030220200025', '20050006', '绿色金融', '10710003', '20070005', '67,981,424.84', '67,981,424.84', '364', '20080002', '3.8000', '20090007', '20200427', '20210426', '20100001', null, null, '0', '20110001', '20200427', null, null);
INSERT INTO `send_green_thr_taizhang_info` VALUES ('0500000060', '25497000000028241', 'C1030433016387', 'HUZZX06S12020170040', '20050006', '绿色金融', '10710003', '20070001', '47,796.96', '47,796.96', '10', '20080003', '6.6150', '20090007', '20170922', '20270922', '20100001', null, null, '0', '20110001', '20170922', null, null);
INSERT INTO `send_green_thr_taizhang_info` VALUES ('0500000070', '25497000000028977', 'C1030433016387', 'HUZZX06S12020170060', '20050006', '绿色金融', '10710003', '20070001', '39,079.28', '39,079.28', '10', '20080003', '6.6150', '20090007', '20171019', '20271019', '20100001', null, null, '0', '20110001', '20171019', null, null);
INSERT INTO `send_green_thr_taizhang_info` VALUES ('1200001427', '25452000000002581', 'C1030433016593', 'HUZ1010220160031', '20050001', '绿色金融', '10710003', '20070005', '7,860,000.', '7,860,000.', '1,826', '20080003', '6.1750', '20090004', '20160701', '20210701', '20100001', null, null, '0', '20110001', '20160701', null, null);
INSERT INTO `send_green_thr_taizhang_info` VALUES ('0300001495', '25456000000009130', 'C1030433016639', 'HUZ1210220200032', '20050001', '绿色金融', '10710003', '20070005', '98,000,000.', '98,000,000.', '1,044', '20080001', '5.8000', '20090007', '20200529', '20230408', '20100001', null, null, '0', '20110001', '20200529', null, null);
INSERT INTO `send_green_thr_taizhang_info` VALUES ('0600000191', '25451000000008069', 'C1030433016478', 'HUZZX02S12020180003', '20050006', '绿色金融', '10710003', '20070001', '45,278.03', '45,278.03', '10', '20080003', '6.6150', '20090007', '20180105', '20280105', '20100001', null, null, '0', '20110001', '20180105', null, null);
INSERT INTO `send_green_thr_taizhang_info` VALUES ('0500000075', '25497000000029346', 'C1030433016387', 'HUZZX06S12020170051', '20050006', '绿色金融', '10710003', '20070001', '45,452.16', '45,452.16', '10', '20080003', '6.6150', '20090007', '20171031', '20271031', '20100001', null, null, '0', '20110001', '20171031', null, null);
INSERT INTO `send_green_thr_taizhang_info` VALUES ('0700001766', '25497000000047253', 'C1030433016387', 'HUZ0310120190137', '20050001', '绿色金融', '10710005', '20070005', '110,100,000.', '110,100,000.', '1,096', '20080002', '4.7500', '20090007', '20190920', '20220920', '20100001', null, null, '0', '20110001', '20190920', null, null);
INSERT INTO `send_green_thr_taizhang_info` VALUES ('0600000437', '25452000000004667', 'C1030433016593', 'HUZ1010220170008', '20050001', '绿色金融', '10710003', '20070005', '36,770,000.', '36,770,000.', '1,826', '20080003', '5.5000', '20090004', '20170210', '20220210', '20100001', null, null, '0', '20110001', '20170210', null, null);
INSERT INTO `send_green_thr_taizhang_info` VALUES ('0900001365', '25452000000004419', 'C1030433016593', 'HUZ1010220170001', '20050001', '绿色金融', '10710003', '20070005', '80,700,000.', '80,700,000.', '1,826', '20080003', '5.6000', '20090004', '20170112', '20220112', '20100001', null, null, '0', '20110001', '20170112', null, null);
INSERT INTO `send_green_thr_taizhang_info` VALUES ('0600000167', '25451000000007804', 'C1030433016478', 'HUZZX02S12020170117', '20050006', '绿色金融', '10710003', '20070001', '46,536.58', '46,536.58', '10', '20080003', '6.6150', '20090007', '20171221', '20271221', '20100001', null, null, '0', '20110001', '20171221', null, null);
INSERT INTO `send_green_thr_taizhang_info` VALUES ('0300000958', '25451000000014618', 'C1030433016478', 'HUZ0710220190031', '20050001', '绿色金融', '10710003', '20070005', '98,490,000.', '98,490,000.', '2,894', '20080003', '6.6150', '20090007', '20190617', '20270520', '20100001', null, null, '0', '20110001', '20190617', null, null);
INSERT INTO `send_green_thr_taizhang_info` VALUES ('1200000846', '25456000000008353', 'C1030433016639', 'HUZ1230220200003', '20050006', '绿色金融', '10710003', '20070005', '53,401,500.', '53,401,500.', '364', '20080002', '4.2000', '20090007', '20200106', '20210104', '20100001', null, null, '0', '20110001', '20200106', null, null);
INSERT INTO `send_green_thr_taizhang_info` VALUES ('0500000100', '25497000000032676', 'C1030433016387', 'HUZZX06S12020180015', '20050006', '绿色金融', '10710003', '20070001', '63,812.23', '63,812.23', '10', '20080003', '6.6150', '20090007', '20180212', '20280212', '20100001', null, null, '0', '20110001', '20180212', null, null);
INSERT INTO `send_green_thr_taizhang_info` VALUES ('0700002173', '25452000000005060', 'C1030433016593', 'HUZ1010220170019', '20050001', '绿色金融', '10710003', '20070002', '21,178,843.75', '21,178,843.75', '2,922', '20080003', '5.8800', '20090004', '20170316', '20250316', '20100001', null, null, '0', '20110001', '20170316', null, null);
INSERT INTO `send_green_thr_taizhang_info` VALUES ('0500000093', '25497000000030204', 'C1030433016387', 'HUZZX06S12020170073', '20050006', '绿色金融', '10710003', '20070001', '28,858.56', '28,858.56', '10', '20080003', '6.6150', '20090007', '20171127', '20271127', '20100001', null, null, '0', '20110001', '20171127', null, null);
INSERT INTO `send_green_thr_taizhang_info` VALUES ('0300000958', '25451000000018294', 'C1030433016478', 'HUZ0710220200021', '20050001', '绿色金融', '10710003', '20070005', '42,000,000.', '42,000,000.', '2,607', '20080003', '5.0000', '20090007', '20200330', '20270520', '20100001', null, null, '0', '20110001', '20200330', null, null);
INSERT INTO `send_green_thr_taizhang_info` VALUES ('0600000195', '25451000000007815', 'C1030433016478', 'HUZZX02S12020170115', '20050006', '绿色金融', '10710003', '20070001', '46,536.58', '46,536.58', '10', '20080003', '6.6150', '20090007', '20171221', '20271221', '20100001', null, null, '0', '20110001', '20171221', null, null);
INSERT INTO `send_green_thr_taizhang_info` VALUES ('0500000056', '25497000000028036', 'C1030433016387', 'HUZZX06S12020170030', '20050006', '绿色金融', '10710003', '20070001', '62,282.93', '62,282.93', '10', '20080003', '6.6150', '20090007', '20170913', '20270913', '20100001', null, null, '0', '20110001', '20170913', null, null);
INSERT INTO `send_green_thr_taizhang_info` VALUES ('0600001656', '25451000000019388', 'C1030433016478', 'HUZ0710120200037', '20050001', '绿色金融', '10710002', '20070005', '50,000,000.', '50,000,000.', '182', '20080002', '3.8500', '20090004', '20200619', '20201218', '20100001', null, null, '0', '20110001', '20200619', null, null);
INSERT INTO `send_green_thr_taizhang_info` VALUES ('0500000073', '25497000000028693', 'C1030433016387', 'HUZZX06S12020170055', '20050006', '绿色金融', '10710003', '20070001', '44,249.8', '44,249.8', '10', '20080003', '6.6150', '20090007', '20171009', '20271009', '20100001', null, null, '0', '20110001', '20171009', null, null);
INSERT INTO `send_green_thr_taizhang_info` VALUES ('0600000199', '25451000000007995', 'C1030433016478', 'HUZZX02S12020170108', '20050006', '绿色金融', '10710003', '20070001', '20,165.8', '20,165.8', '10', '20080003', '6.6150', '20090007', '20180103', '20280103', '20100001', null, null, '0', '20110001', '20180103', null, null);
INSERT INTO `send_green_thr_taizhang_info` VALUES ('0700004509', '25456000000000240', 'C1030433016639', 'HUZ1210220150025', '20050001', '绿色金融', '10710003', '20070005', '80,000,000.', '80,000,000.', '1,827', '20080003', '6.8875', '20090007', '20151225', '20201225', '20100001', null, null, '0', '20110001', '20151225', null, null);
INSERT INTO `send_green_thr_taizhang_info` VALUES ('0600000189', '25451000000007780', 'C1030433016478', 'HUZZX02S12020170118', '20050006', '绿色金融', '10710003', '20070001', '29,473.16', '29,473.16', '10', '20080003', '6.6150', '20090007', '20171221', '20271221', '20100001', null, null, '0', '20110001', '20171221', null, null);
INSERT INTO `send_green_thr_taizhang_info` VALUES ('0500000099', '25497000000032654', 'C1030433016387', 'HUZZX06S12020180014', '20050006', '绿色金融', '10710003', '20070001', '47,019.48', '47,019.48', '10', '20080003', '6.6150', '20090007', '20180212', '20280212', '20100001', null, null, '0', '20110001', '20180212', null, null);
INSERT INTO `send_green_thr_taizhang_info` VALUES ('0800000052', '25452000000018592', 'C1030433016593', 'HUZ1010120200053', '20050001', '绿色金融', '10710005', '20070005', '50,000,000.', '50,000,000.', '1,094', '20080003', '4.5000', '20090007', '20200923', '20230922', '20100001', null, null, '0', '20110001', '20200923', null, null);
INSERT INTO `send_green_thr_taizhang_info` VALUES ('1100003702', '25452000000001757', 'C1030433016593', 'HUZ1010220160006', '20050001', '绿色金融', '10710003', '20070005', '20,000,000.', '20,000,000.', '1,823', '20080003', '7.0000', '20090004', '20160119', '20210115', '20100001', null, null, '0', '20110001', '20160119', null, null);
INSERT INTO `send_green_thr_taizhang_info` VALUES ('1000002742', '25456000000010362', 'C1030433016639', 'HUZ1210220200044', '20050001', '绿色金融', '10710003', '20070002', '20,000,000.', '20,000,000.', '2,399', '20080001', '5.6350', '20090007', '20200927', '20270423', '20100001', null, null, '0', '20110001', '20200927', null, null);
INSERT INTO `send_green_thr_taizhang_info` VALUES ('1200002247', '25497000000021563', 'C1030433016387', 'HUZ0410220160027', '20050001', '绿色金融', '10710003', '20070005', '207,000,000.', '207,000,000.', '1,826', '20080003', '5.4000', '20090004', '20161230', '20211230', '20100001', null, null, '0', '20110001', '20161230', null, null);
INSERT INTO `send_green_thr_taizhang_info` VALUES ('0500000095', '25497000000030317', 'C1030433016387', 'HUZZX06S12020170086', '20050006', '绿色金融', '10710003', '20070001', '41,423.96', '41,423.96', '10', '20080003', '6.6150', '20090007', '20171130', '20271130', '20100001', null, null, '0', '20110001', '20171130', null, null);
