<?xml version="1.0" encoding="UTF-8" ?><credit><reportBankCd>C1030411000431</reportBankCd><enterprises><enterprise><enterpriseNo>C309848</enterpriseNo><enterpriseName>长兴清泉水务有限公司</enterpriseName><unifiedSocialCreditCd>330522000072424</unifiedSocialCreditCd><legalPerson>张洁</legalPerson><registeredAmount>170000000.00</registeredAmount><areaCd>330522</areaCd><industryCd>7810</industryCd><companyTypeCd>10390001</companyTypeCd><companySizeCd>10340002</companySizeCd><businessScope>城市生活污水、工业污水净化处理；市政公用设施的投资、建设、管理、养护，供水管道安装工程、水电安装工程、道路交通安全设施工程、公路工程施工，集中式供水，管道配件销售。</businessScope><majorBusiness></majorBusiness></enterprise><enterprise><enterpriseNo>C328689</enterpriseNo><enterpriseName>安吉临港经济区开发建设总公司</enterpriseName><unifiedSocialCreditCd>133052300334</unifiedSocialCreditCd><legalPerson>姜平</legalPerson><registeredAmount>120000000.00</registeredAmount><areaCd>330523</areaCd><industryCd>5090</industryCd><companyTypeCd>10390001</companyTypeCd><companySizeCd>10340001</companySizeCd><businessScope>负责梅溪镇域范围内的航道整治开发、港口建设运营、园区开发、基础设施建设管理以及开发建设资金筹集等工作。</businessScope><majorBusiness></majorBusiness></enterprise><enterprise><enterpriseNo>C330308</enterpriseNo><enterpriseName>安吉旅游发展总公司</enterpriseName><unifiedSocialCreditCd>133052300359</unifiedSocialCreditCd><legalPerson>钱良宏</legalPerson><registeredAmount>391386000.00</registeredAmount><areaCd>330523</areaCd><industryCd>7810</industryCd><companyTypeCd>10390001</companyTypeCd><companySizeCd>10340002</companySizeCd><businessScope>贯彻和执行休闲旅游产业发展规划和年度计划，并组织具体实施工作，参与编制全县休闲旅游项目规划，负债休闲旅游项目策划、包装、推介和产品营销工作，组织实施大竹海、龙王山、灵峰山等景区的开发与建设，组织环灵风山美丽乡村精品示范区的建设与经营。</businessScope><majorBusiness></majorBusiness></enterprise><enterprise><enterpriseNo>C332326</enterpriseNo><enterpriseName>浙江安吉修竹绿化工程有限公司</enterpriseName><unifiedSocialCreditCd>91330523704472583D</unifiedSocialCreditCd><legalPerson>楼刚强</legalPerson><registeredAmount>620000000.00</registeredAmount><areaCd>330523</areaCd><industryCd>5090</industryCd><companyTypeCd>10390001</companyTypeCd><companySizeCd>10340002</companySizeCd><businessScope>园林绿化、道路绿化、花卉种植销售；市政基础设施建设，景观工程建设，新农村建设；物业管理；水利工程建设，河道整治。</businessScope><majorBusiness></majorBusiness></enterprise><enterprise><enterpriseNo>C362618</enterpriseNo><enterpriseName>湖州吴兴西山漾建设投资有限公司</enterpriseName><unifiedSocialCreditCd>330500000022703</unifiedSocialCreditCd><legalPerson>沈建强</legalPerson><registeredAmount>100000000.00</registeredAmount><areaCd>330502</areaCd><industryCd>5021</industryCd><companyTypeCd>10390001</companyTypeCd><companySizeCd>10340002</companySizeCd><businessScope>实业投资，新农村建设，城乡基础设施建设，市政公用工程建设，拆迁服务，旅游项目的开发、管理。</businessScope><majorBusiness></majorBusiness></enterprise><enterprise><enterpriseNo>C365403</enterpriseNo><enterpriseName>湖州南浔城市投资发展集团有限公司</enterpriseName><unifiedSocialCreditCd>91330503058316497M</unifiedSocialCreditCd><legalPerson>朱峰</legalPerson><registeredAmount>250000000.00</registeredAmount><areaCd>330503</areaCd><industryCd>7810</industryCd><companyTypeCd>10390001</companyTypeCd><companySizeCd>10340001</companySizeCd><businessScope>土地整理开发，城市道路及公用设施建设与管理，房地产开发、经营，保证房建设与租赁，市政工程施工，城市园林绿化工程施工与养护，建设工程项目代建、代开发、代管理；文化投资管理服务，旅游项目开发，休闲观光；广告设计、制作，户外广告发布；建筑材料销售</businessScope><majorBusiness></majorBusiness></enterprise><enterprise><enterpriseNo>C365628</enterpriseNo><enterpriseName>湖州市城投资产管理有限公司</enterpriseName><unifiedSocialCreditCd>91330500665183198B</unifiedSocialCreditCd><legalPerson>吴剑</legalPerson><registeredAmount>193321737.00</registeredAmount><areaCd>330502</areaCd><industryCd>7299</industryCd><companyTypeCd>10390001</companyTypeCd><companySizeCd>10340002</companySizeCd><businessScope>资产管理，实业投资，房地产开发经营，商业街区建设自有房屋租赁，商业地产项目策划，咨询服务，房地产营销策划，室内外装饰装潢服务，物业管理，广告设计、制作，户外广告发布，展览服务，房屋买卖、租赁的居间、行纪、代理服务。</businessScope><majorBusiness></majorBusiness></enterprise><enterprise><enterpriseNo>C368160</enterpriseNo><enterpriseName>浙江天昊建设发展有限公司</enterpriseName><unifiedSocialCreditCd>913305230583173699</unifiedSocialCreditCd><legalPerson>毛自树</legalPerson><registeredAmount>400000000.00</registeredAmount><areaCd>330523</areaCd><industryCd>7810</industryCd><companyTypeCd>10390001</companyTypeCd><companySizeCd>10340001</companySizeCd><businessScope>基础设施建设，园区规划、咨询、投资；新农村建设，土地整理，农业开发，旅游开发；水利设施建设。</businessScope><majorBusiness></majorBusiness></enterprise><enterprise><enterpriseNo>C371207</enterpriseNo><enterpriseName>农丰源股份有限公司</enterpriseName><unifiedSocialCreditCd>91330500693606848C</unifiedSocialCreditCd><legalPerson>李文塔</legalPerson><registeredAmount>417000000.00</registeredAmount><areaCd>330522</areaCd><industryCd>7869</industryCd><companyTypeCd>10390001</companyTypeCd><companySizeCd>10340001</companySizeCd><businessScope>农业基础设施建设；休闲旅游开发；水资源开发与利用；城乡基础设施建设；房地产开发经营；仓储服务（除危险品）；实业投资；土地开发利用。</businessScope><majorBusiness></majorBusiness></enterprise><enterprise><enterpriseNo>C386830</enterpriseNo><enterpriseName>湖州南太湖现代农业综合区开发有限公司</enterpriseName><unifiedSocialCreditCd>913305000641595121</unifiedSocialCreditCd><legalPerson>倪莹</legalPerson><registeredAmount>280000000.00</registeredAmount><areaCd>330502</areaCd><industryCd>7810</industryCd><companyTypeCd>10390001</companyTypeCd><companySizeCd>10340002</companySizeCd><businessScope>新农村建设，生态农业开发，农业基础设施建设，土地开发与复垦，水利工程的建设，淡水鱼、虾养殖，瓜果、蔬菜种植；</businessScope><majorBusiness></majorBusiness></enterprise><enterprise><enterpriseNo>C391801</enterpriseNo><enterpriseName>长兴宏达水利建设发展有限公司</enterpriseName><unifiedSocialCreditCd>91330522594383116J</unifiedSocialCreditCd><legalPerson>倪伟平</legalPerson><registeredAmount>270000000.00</registeredAmount><areaCd>330522</areaCd><industryCd>4821</industryCd><companyTypeCd>10390001</companyTypeCd><companySizeCd>10340002</companySizeCd><businessScope>水利基础设施建设、房地产开发、拆迁安置工程建设、旅游开发、农村基础设施建设、农村土地综合整治。</businessScope><majorBusiness></majorBusiness></enterprise><enterprise><enterpriseNo>C400749</enterpriseNo><enterpriseName>安吉紫梅实业有限公司</enterpriseName><unifiedSocialCreditCd>913305235547725396</unifiedSocialCreditCd><legalPerson>唐青青</legalPerson><registeredAmount>120000000.00</registeredAmount><areaCd>330523</areaCd><industryCd>7810</industryCd><companyTypeCd>10390001</companyTypeCd><companySizeCd>10340001</companySizeCd><businessScope>航道疏浚、港口码头建设，农业、农村设施建设，水利工程，园林和道路绿化养护，林木管护，花卉种植、销售，建材批发、零售，物业管理，投资咨询服务。</businessScope><majorBusiness></majorBusiness></enterprise><enterprise><enterpriseNo>C408584</enterpriseNo><enterpriseName>安吉县天子湖农业综合开发有限公司</enterpriseName><unifiedSocialCreditCd>91330523754928171B</unifiedSocialCreditCd><legalPerson>张家喜</legalPerson><registeredAmount>20000000.00</registeredAmount><areaCd>330523</areaCd><industryCd>0212</industryCd><companyTypeCd>10390001</companyTypeCd><companySizeCd>10340002</companySizeCd><businessScope>绿化苗木、经济林苗木种植、批发、零售；农业土地流转承包经营；农、林、牧、渔种植、养殖；乡村基础设施建设。</businessScope><majorBusiness></majorBusiness></enterprise><enterprise><enterpriseNo>C414378</enterpriseNo><enterpriseName>浙江兴港建设有限公司</enterpriseName><unifiedSocialCreditCd>91330523059565807W</unifiedSocialCreditCd><legalPerson>李梅</legalPerson><registeredAmount>250000000.00</registeredAmount><areaCd>330523</areaCd><industryCd>7810</industryCd><companyTypeCd>10390001</companyTypeCd><companySizeCd>10340001</companySizeCd><businessScope>市政基础设施建设，园区规划、咨询、投资、新农村建设、土地整理、农业开发、水利基础设施建设、园林绿化工程施工、港口及航运设施工程建设、临港产业园区物流开发建设、公路建设管理及养护。</businessScope><majorBusiness></majorBusiness></enterprise><enterprise><enterpriseNo>C416043</enterpriseNo><enterpriseName>德清县临杭新农村建设投资有限公司</enterpriseName><unifiedSocialCreditCd>913305215596605366</unifiedSocialCreditCd><legalPerson>沈华峰</legalPerson><registeredAmount>320000000.00</registeredAmount><areaCd>330521</areaCd><industryCd>7810</industryCd><companyTypeCd>10390001</companyTypeCd><companySizeCd>10340002</companySizeCd><businessScope>雷甸镇新农村建设项目的开发建设投资、村镇基础设施建设开发，辖区内水利基础设施的开发建设，园林绿化工程设计、施工，建材销售。</businessScope><majorBusiness></majorBusiness></enterprise><enterprise><enterpriseNo>C431495</enterpriseNo><enterpriseName>德清县城市资产经营管理有限公司</enterpriseName><unifiedSocialCreditCd>330521000073159</unifiedSocialCreditCd><legalPerson>许遗欧</legalPerson><registeredAmount>150000000.00</registeredAmount><areaCd>330521</areaCd><industryCd>7810</industryCd><companyTypeCd>10390001</companyTypeCd><companySizeCd>10340002</companySizeCd><businessScope>市政基础设施、水利基础设施和公建设施建设、管理和运营；旅游项目的开发、管理；城镇绿化苗、花卉批发、零售。资产产管理、投资管理，普通机械设备、建筑材料、市政设施、五金交电销售、广告设计、制作、户外广告发布，自有房屋及自有机械设备租赁，房地产经纪服务，物业管理。</businessScope><majorBusiness></majorBusiness></enterprise><enterprise><enterpriseNo>C432386</enterpriseNo><enterpriseName>安吉县民生村镇建设有限公司</enterpriseName><unifiedSocialCreditCd>91330523562392384B</unifiedSocialCreditCd><legalPerson>陈卫</legalPerson><registeredAmount>100000000.00</registeredAmount><areaCd>330523</areaCd><industryCd>7810</industryCd><companyTypeCd>10390001</companyTypeCd><companySizeCd>10340001</companySizeCd><businessScope>城市基础设施建设，土地整理开发，实业投资，建材销售，水利工程施工。</businessScope><majorBusiness></majorBusiness></enterprise><enterprise><enterpriseNo>C432391</enterpriseNo><enterpriseName>安吉县新农村建设发展总公司</enterpriseName><unifiedSocialCreditCd>12330523562384886R</unifiedSocialCreditCd><legalPerson>周斌</legalPerson><registeredAmount>120000000.00</registeredAmount><areaCd>330523</areaCd><industryCd>7690</industryCd><companyTypeCd>10390001</companyTypeCd><companySizeCd>10340002</companySizeCd><businessScope>有序推进新农村建设。负责村镇项目建设投资、基础设施建设、城郊农村土地综合整理、水利基础设施建设、新农村住房改造和项目投资咨询等业务。</businessScope><majorBusiness></majorBusiness></enterprise><enterprise><enterpriseNo>C436953</enterpriseNo><enterpriseName>德清恒创建设发展有限公司</enterpriseName><unifiedSocialCreditCd>913305210873607293</unifiedSocialCreditCd><legalPerson>徐斌</legalPerson><registeredAmount>100000000.00</registeredAmount><areaCd>330521</areaCd><industryCd>7810</industryCd><companyTypeCd>10390001</companyTypeCd><companySizeCd>10340002</companySizeCd><businessScope>辖区内水利基础设施的开发、建设和经营乌回山、毛竹市场区块（阜溪以南，环城北路以北，104国道以东）的基础设施、公用设施及工业、商贸用房；开发建设人才公寓、新居民公寓及商品住宅；土地开发和综合利用。</businessScope><majorBusiness></majorBusiness></enterprise><enterprise><enterpriseNo>C439269</enterpriseNo><enterpriseName>长兴永成建设发展有限公司</enterpriseName><unifiedSocialCreditCd>913305220568760958</unifiedSocialCreditCd><legalPerson>金淑斌</legalPerson><registeredAmount>150000000.00</registeredAmount><areaCd>330522</areaCd><industryCd>4899</industryCd><companyTypeCd>10390001</companyTypeCd><companySizeCd>10340002</companySizeCd><businessScope>新农村建设、城镇基础设施建设、交通基础设施建设、水利基础设施建设、保障房建设、房屋拆迁、土地开发整理、景区开发建设、实业投资。</businessScope><majorBusiness></majorBusiness></enterprise><enterprise><enterpriseNo>C440045</enterpriseNo><enterpriseName>浙江湖州临杭城镇化建设集团有限公司</enterpriseName><unifiedSocialCreditCd>913305030762169081</unifiedSocialCreditCd><legalPerson>陆菲</legalPerson><registeredAmount>200000000.00</registeredAmount><areaCd>330502</areaCd><industryCd>7810</industryCd><companyTypeCd>10390001</companyTypeCd><companySizeCd>10340004</companySizeCd><businessScope>城镇化建设投资与管理，土地整理与开发，农村住房拆迁、安置、改造、保障房建设，市政工程、园林绿化工程施工与养护，道路建设，基础设施配套建设，污水管网建设与维护。</businessScope><majorBusiness></majorBusiness></enterprise><enterprise><enterpriseNo>C449562</enterpriseNo><enterpriseName>安吉嘉豪建设有限公司</enterpriseName><unifiedSocialCreditCd>913305235877844568</unifiedSocialCreditCd><legalPerson>张凌</legalPerson><registeredAmount>1232000000.00</registeredAmount><areaCd>330523</areaCd><industryCd>7810</industryCd><companyTypeCd>10390001</companyTypeCd><companySizeCd>10340001</companySizeCd><businessScope>城市基础设施建设，新农村建设、土地整理，宅基地整理、农业综合开发、绿化工程、水利工程、旅游开发。</businessScope><majorBusiness></majorBusiness></enterprise><enterprise><enterpriseNo>C453962</enterpriseNo><enterpriseName>德清临杭投资发展有限公司</enterpriseName><unifiedSocialCreditCd>91330521MA28C19548</unifiedSocialCreditCd><legalPerson>沈祖定</legalPerson><registeredAmount>120000000.00</registeredAmount><areaCd>330521</areaCd><industryCd>7810</industryCd><companyTypeCd>10390001</companyTypeCd><companySizeCd>10340002</companySizeCd><businessScope>市政基础设施和公建设施投资、开发、建设，水利基础设施建设，污水管网建设，园林绿化建设、管理经营和养护，物流园区内土地整理服务，统一受让物流园区建设用地。</businessScope><majorBusiness></majorBusiness></enterprise><enterprise><enterpriseNo>C468020</enterpriseNo><enterpriseName>德清桃源纪念园开发有限公司</enterpriseName><unifiedSocialCreditCd>91330521563305553R</unifiedSocialCreditCd><legalPerson>彭苗斌</legalPerson><registeredAmount>50000000.00</registeredAmount><areaCd>330521</areaCd><industryCd>8080</industryCd><companyTypeCd>10390001</companyTypeCd><companySizeCd>10340001</companySizeCd><businessScope>纪念园林景观设计、施工，纪念用品设计、制作，殡葬服务，陵园管理，旅游开发，农业生态观光，工艺品销售，物业管理。</businessScope><majorBusiness></majorBusiness></enterprise><enterprise><enterpriseNo>C469718</enterpriseNo><enterpriseName>中机国能安吉光伏发电有限公司</enterpriseName><unifiedSocialCreditCd>91330523MA28C1Y021</unifiedSocialCreditCd><legalPerson>谢清华</legalPerson><registeredAmount>50000000.00</registeredAmount><areaCd>330523</areaCd><industryCd>4416</industryCd><companyTypeCd>10390001</companyTypeCd><companySizeCd>10340004</companySizeCd><businessScope>光伏发电，农作物种植销售。</businessScope><majorBusiness></majorBusiness></enterprise><enterprise><enterpriseNo>C551239</enterpriseNo><enterpriseName>浙江湖州众创投资建设有限公司</enterpriseName><unifiedSocialCreditCd>91330503MA29JHFQ7R</unifiedSocialCreditCd><legalPerson>冯夏忠</legalPerson><registeredAmount>200000000.00</registeredAmount><areaCd>330503</areaCd><industryCd>7212</industryCd><companyTypeCd>10390001</companyTypeCd><companySizeCd>10340001</companySizeCd><businessScope>新农村建设投资与管理；土地整理与开发，农村住房拆迁、安置、改造、房屋租赁，市政工程、园林绿化工程施工与养护，道路及基础设施配套建设。 </businessScope><majorBusiness></majorBusiness></enterprise></enterprises><projects><project><projectNo>C309848PJ001</projectNo><projectCode>C309848PJ001</projectCode><projectName>C309848PJ001</projectName><enterpriseNo>C309848</enterpriseNo><projectIndustryCd>7810</projectIndustryCd><totalInvestAmt>445470000.00</totalInvestAmt><capitalSourceCd>10520002</capitalSourceCd><address>浙江省湖州市</address><projectContent>用于长兴县东南地块供水管网工程建设项目</projectContent><pbcGreenClass>PBOCGC00108000000</pbcGreenClass><cbrcGreenClass>CBRCGC00108010000</cbrcGreenClass><otherGreenDecidedStdNm>湖州市绿色金融统计制度</otherGreenDecidedStdNm><otherGreenClass>节水及非常规水源利用</otherGreenClass><energy>0.00</energy><co2>0.00</co2><cod>0.00</cod><nh>0.00</nh><so2>0.00</so2><nox>0.00</nox><h2o>0.00</h2o><fineParticle>0.00</fineParticle><voc>0.00</voc><nitrogen>0.00</nitrogen><phosphorus>0.00</phosphorus></project><project><projectNo>C328689PJ001</projectNo><projectCode>C328689PJ001</projectCode><projectName>C328689PJ001</projectName><enterpriseNo>C328689</enterpriseNo><projectIndustryCd>5090</projectIndustryCd><totalInvestAmt>600000000.00</totalInvestAmt><capitalSourceCd>10520002</capitalSourceCd><address>浙江省湖州市</address><projectContent>用于安吉临港经济区给排水及道路改造提升工程项目建设</projectContent><pbcGreenClass>PBOCGC00104000000</pbcGreenClass><cbrcGreenClass>CBRCGC00104000000</cbrcGreenClass><otherGreenDecidedStdNm>湖州市绿色金融统计制度</otherGreenDecidedStdNm><otherGreenClass>环境修复工程</otherGreenClass><energy>0.00</energy><co2>0.00</co2><cod>0.00</cod><nh>0.00</nh><so2>0.00</so2><nox>0.00</nox><h2o>0.00</h2o><fineParticle>0.00</fineParticle><voc>0.00</voc><nitrogen>0.00</nitrogen><phosphorus>0.00</phosphorus></project><project><projectNo>C330308PJ001</projectNo><projectCode>C330308PJ001</projectCode><projectName>C330308PJ001</projectName><enterpriseNo>C330308</enterpriseNo><projectIndustryCd>7810</projectIndustryCd><totalInvestAmt>750000000.00</totalInvestAmt><capitalSourceCd>10520002</capitalSourceCd><address>浙江省湖州市</address><projectContent>用于灵峰旅游度假区水系综合治理工程</projectContent><pbcGreenClass>PBOCGC00106000000</pbcGreenClass><cbrcGreenClass>CBRCGC00106000000</cbrcGreenClass><otherGreenDecidedStdNm>湖州市绿色金融统计制度</otherGreenDecidedStdNm><otherGreenClass>垃圾处理及污染防治</otherGreenClass><energy>0.00</energy><co2>0.00</co2><cod>0.00</cod><nh>0.00</nh><so2>0.00</so2><nox>0.00</nox><h2o>0.00</h2o><fineParticle>0.00</fineParticle><voc>0.00</voc><nitrogen>0.00</nitrogen><phosphorus>0.00</phosphorus></project><project><projectNo>C332326PJ001</projectNo><projectCode>C332326PJ001</projectCode><projectName>C332326PJ001</projectName><enterpriseNo>C332326</enterpriseNo><projectIndustryCd>5090</projectIndustryCd><totalInvestAmt>600000000.00</totalInvestAmt><capitalSourceCd>10520002</capitalSourceCd><address>浙江省湖州市</address><projectContent>用于安吉开发区苕溪水环境综合整治工程（蚕桑场至老安城大桥段）项目建设</projectContent><pbcGreenClass>PBOCGC00104000000</pbcGreenClass><cbrcGreenClass>CBRCGC00104000000</cbrcGreenClass><otherGreenDecidedStdNm>湖州市绿色金融统计制度</otherGreenDecidedStdNm><otherGreenClass>环境修复工程</otherGreenClass><energy>0.00</energy><co2>0.00</co2><cod>0.00</cod><nh>0.00</nh><so2>0.00</so2><nox>0.00</nox><h2o>0.00</h2o><fineParticle>0.00</fineParticle><voc>0.00</voc><nitrogen>0.00</nitrogen><phosphorus>0.00</phosphorus></project><project><projectNo>C362618PJ001</projectNo><projectCode>C362618PJ001</projectCode><projectName>C362618PJ001</projectName><enterpriseNo>C362618</enterpriseNo><projectIndustryCd>5021</projectIndustryCd><totalInvestAmt>825000000.00</totalInvestAmt><capitalSourceCd>10520002</capitalSourceCd><address>浙江省湖州市</address><projectContent>用于湖州市东部新城污水治理提升一期工程项目建设</projectContent><pbcGreenClass>PBOCGC00106000000</pbcGreenClass><cbrcGreenClass>CBRCGC00106000000</cbrcGreenClass><otherGreenDecidedStdNm>湖州市绿色金融统计制度</otherGreenDecidedStdNm><otherGreenClass>垃圾处理及污染防治</otherGreenClass><energy>0.00</energy><co2>0.00</co2><cod>0.00</cod><nh>0.00</nh><so2>0.00</so2><nox>0.00</nox><h2o>0.00</h2o><fineParticle>0.00</fineParticle><voc>0.00</voc><nitrogen>0.00</nitrogen><phosphorus>0.00</phosphorus></project><project><projectNo>C365403PJ001</projectNo><projectCode>C365403PJ001</projectCode><projectName>C365403PJ001</projectName><enterpriseNo>C365403</enterpriseNo><projectIndustryCd>7810</projectIndustryCd><totalInvestAmt>870000000.00</totalInvestAmt><capitalSourceCd>10520002</capitalSourceCd><address>浙江省湖州市</address><projectContent>南浔镇中心城区水环境综合整治工程</projectContent><pbcGreenClass>PBOCGC00106000000</pbcGreenClass><cbrcGreenClass>CBRCGC00106000000</cbrcGreenClass><otherGreenDecidedStdNm>湖州市绿色金融统计制度</otherGreenDecidedStdNm><otherGreenClass>垃圾处理及污染防治</otherGreenClass><energy>0.00</energy><co2>0.00</co2><cod>0.00</cod><nh>0.00</nh><so2>0.00</so2><nox>0.00</nox><h2o>0.00</h2o><fineParticle>0.00</fineParticle><voc>0.00</voc><nitrogen>0.00</nitrogen><phosphorus>0.00</phosphorus></project><project><projectNo>C365628PJ001</projectNo><projectCode>C365628PJ001</projectCode><projectName>C365628PJ001</projectName><enterpriseNo>C365628</enterpriseNo><projectIndustryCd>7299</projectIndustryCd><totalInvestAmt>150000000.00</totalInvestAmt><capitalSourceCd>10520002</capitalSourceCd><address>浙江省湖州市</address><projectContent>用于湖州市埭溪美妆小镇项目建设</projectContent><pbcGreenClass>PBOCGC00109000000</pbcGreenClass><cbrcGreenClass>CBRCGC00109010000</cbrcGreenClass><otherGreenDecidedStdNm>湖州市绿色金融统计制度</otherGreenDecidedStdNm><otherGreenClass>可持续建筑</otherGreenClass><energy>0.00</energy><co2>0.00</co2><cod>0.00</cod><nh>0.00</nh><so2>0.00</so2><nox>0.00</nox><h2o>0.00</h2o><fineParticle>0.00</fineParticle><voc>0.00</voc><nitrogen>0.00</nitrogen><phosphorus>0.00</phosphorus></project><project><projectNo>C368160PJ001</projectNo><projectCode>C368160PJ001</projectCode><projectName>C368160PJ001</projectName><enterpriseNo>C368160</enterpriseNo><projectIndustryCd>7810</projectIndustryCd><totalInvestAmt>600000000.00</totalInvestAmt><capitalSourceCd>10520002</capitalSourceCd><address>浙江省湖州市</address><projectContent>用于安吉县“五水共治”工程南北湖水环境综合整治项目建设</projectContent><pbcGreenClass>PBOCGC00104000000</pbcGreenClass><cbrcGreenClass>CBRCGC00104000000</cbrcGreenClass><otherGreenDecidedStdNm>湖州市绿色金融统计制度</otherGreenDecidedStdNm><otherGreenClass>环境修复工程</otherGreenClass><energy>0.00</energy><co2>0.00</co2><cod>0.00</cod><nh>0.00</nh><so2>0.00</so2><nox>0.00</nox><h2o>0.00</h2o><fineParticle>0.00</fineParticle><voc>0.00</voc><nitrogen>0.00</nitrogen><phosphorus>0.00</phosphorus></project><project><projectNo>C371207PJ001</projectNo><projectCode>C371207PJ001</projectCode><projectName>C371207PJ001</projectName><enterpriseNo>C371207</enterpriseNo><projectIndustryCd>7869</projectIndustryCd><totalInvestAmt>300000000.00</totalInvestAmt><capitalSourceCd>10520002</capitalSourceCd><address>浙江省湖州市</address><projectContent>用于苕溪清水入湖河道（长兴段）整治工程，</projectContent><pbcGreenClass>PBOCGC00104000000</pbcGreenClass><cbrcGreenClass>CBRCGC00104000000</cbrcGreenClass><otherGreenDecidedStdNm>湖州市绿色金融统计制度</otherGreenDecidedStdNm><otherGreenClass>环境修复工程</otherGreenClass><energy>0.00</energy><co2>0.00</co2><cod>0.00</cod><nh>0.00</nh><so2>0.00</so2><nox>0.00</nox><h2o>0.00</h2o><fineParticle>0.00</fineParticle><voc>0.00</voc><nitrogen>0.00</nitrogen><phosphorus>0.00</phosphorus></project><project><projectNo>C386830PJ001</projectNo><projectCode>C386830PJ001</projectCode><projectName>C386830PJ001</projectName><enterpriseNo>C386830</enterpriseNo><projectIndustryCd>7810</projectIndustryCd><totalInvestAmt>825000000.00</totalInvestAmt><capitalSourceCd>10520002</capitalSourceCd><address>浙江省湖州市</address><projectContent>用于南太湖高新技术产业园区五水共治—防洪排涝治污工程项目建设</projectContent><pbcGreenClass>PBOCGC00104000000</pbcGreenClass><cbrcGreenClass>CBRCGC00104000000</cbrcGreenClass><otherGreenDecidedStdNm>湖州市绿色金融统计制度</otherGreenDecidedStdNm><otherGreenClass>灾害应急防控</otherGreenClass><energy>0.00</energy><co2>0.00</co2><cod>0.00</cod><nh>0.00</nh><so2>0.00</so2><nox>0.00</nox><h2o>0.00</h2o><fineParticle>0.00</fineParticle><voc>0.00</voc><nitrogen>0.00</nitrogen><phosphorus>0.00</phosphorus></project><project><projectNo>C391801PJ001</projectNo><projectCode>C391801PJ001</projectCode><projectName>C391801PJ001</projectName><enterpriseNo>C391801</enterpriseNo><projectIndustryCd>4821</projectIndustryCd><totalInvestAmt>591000000.00</totalInvestAmt><capitalSourceCd>10520002</capitalSourceCd><address>浙江省湖州市</address><projectContent>用于长兴县合溪水库供水管网工程项目建设</projectContent><pbcGreenClass>PBOCGC00108000000</pbcGreenClass><cbrcGreenClass>CBRCGC00108010000</cbrcGreenClass><otherGreenDecidedStdNm>湖州市绿色金融统计制度</otherGreenDecidedStdNm><otherGreenClass>节水及非常规水源利用</otherGreenClass><energy>0.00</energy><co2>0.00</co2><cod>0.00</cod><nh>0.00</nh><so2>0.00</so2><nox>0.00</nox><h2o>0.00</h2o><fineParticle>0.00</fineParticle><voc>0.00</voc><nitrogen>0.00</nitrogen><phosphorus>0.00</phosphorus></project><project><projectNo>C400749PJ001</projectNo><projectCode>C400749PJ001</projectCode><projectName>C400749PJ001</projectName><enterpriseNo>C400749</enterpriseNo><projectIndustryCd>7810</projectIndustryCd><totalInvestAmt>750000000.00</totalInvestAmt><capitalSourceCd>10520002</capitalSourceCd><address>浙江省湖州市</address><projectContent>用于安吉梅溪山青水净重点水利工程建设</projectContent><pbcGreenClass>PBOCGC00104000000</pbcGreenClass><cbrcGreenClass>CBRCGC00104000000</cbrcGreenClass><otherGreenDecidedStdNm>湖州市绿色金融统计制度</otherGreenDecidedStdNm><otherGreenClass>灾害应急防控</otherGreenClass><energy>0.00</energy><co2>0.00</co2><cod>0.00</cod><nh>0.00</nh><so2>0.00</so2><nox>0.00</nox><h2o>0.00</h2o><fineParticle>0.00</fineParticle><voc>0.00</voc><nitrogen>0.00</nitrogen><phosphorus>0.00</phosphorus></project><project><projectNo>C408584PJ001</projectNo><projectCode>C408584PJ001</projectCode><projectName>C408584PJ001</projectName><enterpriseNo>C408584</enterpriseNo><projectIndustryCd>0212</projectIndustryCd><totalInvestAmt>600000000.00</totalInvestAmt><capitalSourceCd>10520002</capitalSourceCd><address>浙江省湖州市</address><projectContent>用于安吉天子湖泥河流域水利综合整治工程建设</projectContent><pbcGreenClass>PBOCGC00104000000</pbcGreenClass><cbrcGreenClass>CBRCGC00104000000</cbrcGreenClass><otherGreenDecidedStdNm>湖州市绿色金融统计制度</otherGreenDecidedStdNm><otherGreenClass>环境修复工程</otherGreenClass><energy>0.00</energy><co2>0.00</co2><cod>0.00</cod><nh>0.00</nh><so2>0.00</so2><nox>0.00</nox><h2o>0.00</h2o><fineParticle>0.00</fineParticle><voc>0.00</voc><nitrogen>0.00</nitrogen><phosphorus>0.00</phosphorus></project><project><projectNo>C414378PJ001</projectNo><projectCode>C414378PJ001</projectCode><projectName>C414378PJ001</projectName><enterpriseNo>C414378</enterpriseNo><projectIndustryCd>7810</projectIndustryCd><totalInvestAmt>450000000.00</totalInvestAmt><capitalSourceCd>10520002</capitalSourceCd><address>浙江省湖州市</address><projectContent>用于安吉县“五水共治”工程浑泥港水环境综合整治项目建设</projectContent><pbcGreenClass>PBOCGC00106000000</pbcGreenClass><cbrcGreenClass>CBRCGC00106000000</cbrcGreenClass><otherGreenDecidedStdNm>湖州市绿色金融统计制度</otherGreenDecidedStdNm><otherGreenClass>垃圾处理及污染防治</otherGreenClass><energy>0.00</energy><co2>0.00</co2><cod>0.00</cod><nh>0.00</nh><so2>0.00</so2><nox>0.00</nox><h2o>0.00</h2o><fineParticle>0.00</fineParticle><voc>0.00</voc><nitrogen>0.00</nitrogen><phosphorus>0.00</phosphorus></project><project><projectNo>C416043PJ001</projectNo><projectCode>C416043PJ001</projectCode><projectName>C416043PJ001</projectName><enterpriseNo>C416043</enterpriseNo><projectIndustryCd>7810</projectIndustryCd><totalInvestAmt>750000000.00</totalInvestAmt><capitalSourceCd>10520002</capitalSourceCd><address>浙江省湖州市</address><projectContent>用于德清县临杭工业区运河水域改造工程项目建设</projectContent><pbcGreenClass>PBOCGC00106000000</pbcGreenClass><cbrcGreenClass>CBRCGC00106000000</cbrcGreenClass><otherGreenDecidedStdNm>湖州市绿色金融统计制度</otherGreenDecidedStdNm><otherGreenClass>垃圾处理及污染防治</otherGreenClass><energy>0.00</energy><co2>0.00</co2><cod>0.00</cod><nh>0.00</nh><so2>0.00</so2><nox>0.00</nox><h2o>0.00</h2o><fineParticle>0.00</fineParticle><voc>0.00</voc><nitrogen>0.00</nitrogen><phosphorus>0.00</phosphorus></project><project><projectNo>C431495PJ001</projectNo><projectCode>C431495PJ001</projectCode><projectName>C431495PJ001</projectName><enterpriseNo>C431495</enterpriseNo><projectIndustryCd>7810</projectIndustryCd><totalInvestAmt>600000000.00</totalInvestAmt><capitalSourceCd>10520002</capitalSourceCd><address>浙江省湖州市</address><projectContent>用于德清县武康城东新区千亩港河道整治工程项目建设</projectContent><pbcGreenClass>PBOCGC00106000000</pbcGreenClass><cbrcGreenClass>CBRCGC00106000000</cbrcGreenClass><otherGreenDecidedStdNm>湖州市绿色金融统计制度</otherGreenDecidedStdNm><otherGreenClass>垃圾处理及污染防治</otherGreenClass><energy>0.00</energy><co2>0.00</co2><cod>0.00</cod><nh>0.00</nh><so2>0.00</so2><nox>0.00</nox><h2o>0.00</h2o><fineParticle>0.00</fineParticle><voc>0.00</voc><nitrogen>0.00</nitrogen><phosphorus>0.00</phosphorus></project><project><projectNo>C432386PJ001</projectNo><projectCode>C432386PJ001</projectCode><projectName>C432386PJ001</projectName><enterpriseNo>C432386</enterpriseNo><projectIndustryCd>7810</projectIndustryCd><totalInvestAmt>480000000.00</totalInvestAmt><capitalSourceCd>10520002</capitalSourceCd><address>浙江省湖州市</address><projectContent>用于安吉县城东区给排水环境整治提升项目</projectContent><pbcGreenClass>PBOCGC00104000000</pbcGreenClass><cbrcGreenClass>CBRCGC00104000000</cbrcGreenClass><otherGreenDecidedStdNm>湖州市绿色金融统计制度</otherGreenDecidedStdNm><otherGreenClass>环境修复工程</otherGreenClass><energy>0.00</energy><co2>0.00</co2><cod>0.00</cod><nh>0.00</nh><so2>0.00</so2><nox>0.00</nox><h2o>0.00</h2o><fineParticle>0.00</fineParticle><voc>0.00</voc><nitrogen>0.00</nitrogen><phosphorus>0.00</phosphorus></project><project><projectNo>C432391PJ001</projectNo><projectCode>C432391PJ001</projectCode><projectName>C432391PJ001</projectName><enterpriseNo>C432391</enterpriseNo><projectIndustryCd>7690</projectIndustryCd><totalInvestAmt>540000000.00</totalInvestAmt><capitalSourceCd>10520002</capitalSourceCd><address>浙江省湖州市</address><projectContent>用于安吉县城区给排水管网完善提升建设工程项目建设</projectContent><pbcGreenClass>PBOCGC00108000000</pbcGreenClass><cbrcGreenClass>CBRCGC00108010000</cbrcGreenClass><otherGreenDecidedStdNm>湖州市绿色金融统计制度</otherGreenDecidedStdNm><otherGreenClass>节水及非常规水源利用</otherGreenClass><energy>0.00</energy><co2>0.00</co2><cod>0.00</cod><nh>0.00</nh><so2>0.00</so2><nox>0.00</nox><h2o>0.00</h2o><fineParticle>0.00</fineParticle><voc>0.00</voc><nitrogen>0.00</nitrogen><phosphorus>0.00</phosphorus></project><project><projectNo>C436953PJ001</projectNo><projectCode>C436953PJ001</projectCode><projectName>C436953PJ001</projectName><enterpriseNo>C436953</enterpriseNo><projectIndustryCd>7810</projectIndustryCd><totalInvestAmt>900000000.00</totalInvestAmt><capitalSourceCd>10520002</capitalSourceCd><address>浙江省湖州市</address><projectContent>用于德清县阜溪水环境治理工程</projectContent><pbcGreenClass>PBOCGC00106000000</pbcGreenClass><cbrcGreenClass>CBRCGC00106000000</cbrcGreenClass><otherGreenDecidedStdNm>湖州市绿色金融统计制度</otherGreenDecidedStdNm><otherGreenClass>垃圾处理及污染防治</otherGreenClass><energy>0.00</energy><co2>0.00</co2><cod>0.00</cod><nh>0.00</nh><so2>0.00</so2><nox>0.00</nox><h2o>0.00</h2o><fineParticle>0.00</fineParticle><voc>0.00</voc><nitrogen>0.00</nitrogen><phosphorus>0.00</phosphorus></project><project><projectNo>C439269PJ001</projectNo><projectCode>C439269PJ001</projectCode><projectName>C439269PJ001</projectName><enterpriseNo>C439269</enterpriseNo><projectIndustryCd>4899</projectIndustryCd><totalInvestAmt>300000000.00</totalInvestAmt><capitalSourceCd>10520002</capitalSourceCd><address>浙江省湖州市</address><projectContent>用于湖州省际承接产业转移示范区（林城片区）供水工程项目</projectContent><pbcGreenClass>PBOCGC00108000000</pbcGreenClass><cbrcGreenClass>CBRCGC00108010000</cbrcGreenClass><otherGreenDecidedStdNm>湖州市绿色金融统计制度</otherGreenDecidedStdNm><otherGreenClass>节水及非常规水源利用</otherGreenClass><energy>0.00</energy><co2>0.00</co2><cod>0.00</cod><nh>0.00</nh><so2>0.00</so2><nox>0.00</nox><h2o>0.00</h2o><fineParticle>0.00</fineParticle><voc>0.00</voc><nitrogen>0.00</nitrogen><phosphorus>0.00</phosphorus></project><project><projectNo>C440045PJ001</projectNo><projectCode>C440045PJ001</projectCode><projectName>C440045PJ001</projectName><enterpriseNo>C440045</enterpriseNo><projectIndustryCd>7810</projectIndustryCd><totalInvestAmt>600000000.00</totalInvestAmt><capitalSourceCd>10520002</capitalSourceCd><address>浙江省湖州市</address><projectContent>用于湖州南浔区练市镇五水共治工程项目建设</projectContent><pbcGreenClass>PBOCGC00104000000</pbcGreenClass><cbrcGreenClass>CBRCGC00104000000</cbrcGreenClass><otherGreenDecidedStdNm>湖州市绿色金融统计制度</otherGreenDecidedStdNm><otherGreenClass>灾害应急防控</otherGreenClass><energy>0.00</energy><co2>0.00</co2><cod>0.00</cod><nh>0.00</nh><so2>0.00</so2><nox>0.00</nox><h2o>0.00</h2o><fineParticle>0.00</fineParticle><voc>0.00</voc><nitrogen>0.00</nitrogen><phosphorus>0.00</phosphorus></project><project><projectNo>C449562PJ001</projectNo><projectCode>C449562PJ001</projectCode><projectName>C449562PJ001</projectName><enterpriseNo>C449562</enterpriseNo><projectIndustryCd>7810</projectIndustryCd><totalInvestAmt>840000000.00</totalInvestAmt><capitalSourceCd>10520002</capitalSourceCd><address>浙江省湖州市</address><projectContent>用于安吉开发区苕溪水环境综合整治工程（老安城大桥至马岭村段）项目建设</projectContent><pbcGreenClass>PBOCGC00106000000</pbcGreenClass><cbrcGreenClass>CBRCGC00106000000</cbrcGreenClass><otherGreenDecidedStdNm>湖州市绿色金融统计制度</otherGreenDecidedStdNm><otherGreenClass>垃圾处理及污染防治</otherGreenClass><energy>0.00</energy><co2>0.00</co2><cod>0.00</cod><nh>0.00</nh><so2>0.00</so2><nox>0.00</nox><h2o>0.00</h2o><fineParticle>0.00</fineParticle><voc>0.00</voc><nitrogen>0.00</nitrogen><phosphorus>0.00</phosphorus></project><project><projectNo>C453962PJ001</projectNo><projectCode>C453962PJ001</projectCode><projectName>C453962PJ001</projectName><enterpriseNo>C453962</enterpriseNo><projectIndustryCd>7810</projectIndustryCd><totalInvestAmt>750000000.00</totalInvestAmt><capitalSourceCd>10520002</capitalSourceCd><address>浙江省湖州市</address><projectContent>用于德清县雷甸镇污水收集管网维修改造工程项目建设</projectContent><pbcGreenClass>PBOCGC00106000000</pbcGreenClass><cbrcGreenClass>CBRCGC00106000000</cbrcGreenClass><otherGreenDecidedStdNm>湖州市绿色金融统计制度</otherGreenDecidedStdNm><otherGreenClass>垃圾处理及污染防治</otherGreenClass><energy>0.00</energy><co2>0.00</co2><cod>0.00</cod><nh>0.00</nh><so2>0.00</so2><nox>0.00</nox><h2o>0.00</h2o><fineParticle>0.00</fineParticle><voc>0.00</voc><nitrogen>0.00</nitrogen><phosphorus>0.00</phosphorus></project><project><projectNo>C468020PJ001</projectNo><projectCode>C468020PJ001</projectCode><projectName>C468020PJ001</projectName><enterpriseNo>C468020</enterpriseNo><projectIndustryCd>8080</projectIndustryCd><totalInvestAmt>248100000.00</totalInvestAmt><capitalSourceCd>10520002</capitalSourceCd><address>浙江省湖州市</address><projectContent>用于德清县公墓二期项目建设</projectContent><pbcGreenClass>PBOCGC00102000000</pbcGreenClass><cbrcGreenClass>CBRCGC00102000000</cbrcGreenClass><otherGreenDecidedStdNm>湖州市绿色金融统计制度</otherGreenDecidedStdNm><otherGreenClass>林业开发</otherGreenClass><energy>0.00</energy><co2>0.00</co2><cod>0.00</cod><nh>0.00</nh><so2>0.00</so2><nox>0.00</nox><h2o>0.00</h2o><fineParticle>0.00</fineParticle><voc>0.00</voc><nitrogen>0.00</nitrogen><phosphorus>0.00</phosphorus></project><project><projectNo>C469718PJ001</projectNo><projectCode>C469718PJ001</projectCode><projectName>C469718PJ001</projectName><enterpriseNo>C469718</enterpriseNo><projectIndustryCd>4416</projectIndustryCd><totalInvestAmt>561112800.00</totalInvestAmt><capitalSourceCd>10520002</capitalSourceCd><address>浙江省湖州市</address><projectContent>用于中机国能安吉光伏发电有限公司35MWp农光互补项目建设</projectContent><pbcGreenClass>PBOCGC00107000000</pbcGreenClass><cbrcGreenClass>CBRCGC00107010000</cbrcGreenClass><otherGreenDecidedStdNm>湖州市绿色金融统计制度</otherGreenDecidedStdNm><otherGreenClass>太阳能光伏发电</otherGreenClass><energy>0.00</energy><co2>0.00</co2><cod>0.00</cod><nh>0.00</nh><so2>0.00</so2><nox>0.00</nox><h2o>0.00</h2o><fineParticle>0.00</fineParticle><voc>0.00</voc><nitrogen>0.00</nitrogen><phosphorus>0.00</phosphorus></project><project><projectNo>C551239PJ001</projectNo><projectCode>C551239PJ001</projectCode><projectName>C551239PJ001</projectName><enterpriseNo>C551239</enterpriseNo><projectIndustryCd>7212</projectIndustryCd><totalInvestAmt>600000000.00</totalInvestAmt><capitalSourceCd>10520002</capitalSourceCd><address>浙江省湖州市</address><projectContent>用于湖州市练市镇高新技术产业孵化园区一期建设</projectContent><pbcGreenClass>PBOCGC00111000000</pbcGreenClass><cbrcGreenClass>CBRCGC00111010000</cbrcGreenClass><otherGreenDecidedStdNm>湖州市绿色金融统计制度</otherGreenDecidedStdNm><otherGreenClass>环保服务</otherGreenClass><energy>0.00</energy><co2>0.00</co2><cod>0.00</cod><nh>0.00</nh><so2>0.00</so2><nox>0.00</nox><h2o>0.00</h2o><fineParticle>0.00</fineParticle><voc>0.00</voc><nitrogen>0.00</nitrogen><phosphorus>0.00</phosphorus></project></projects><loans><loan><contractNo>HUZ0310220150101</contractNo><loanNo>25497000000012832</loanNo><enterpriseNo>C386830</enterpriseNo><projectNo>C386830PJ001</projectNo><loanKindCd>10190001</loanKindCd><loanProduct>基本建设贷款3-5年（含）</loanProduct><loanTypeCd>10710010</loanTypeCd><cnapsCode>C1030433016387</cnapsCode><loanPurpose>用于南太湖高新技术产业园区五水共治—防洪排涝治污工程项目建设</loanPurpose><loanAmount>50000000.00</loanAmount><loanBalance>33340000.00</loanBalance><overBalance>0.00</overBalance><timeLimit>1826</timeLimit><timeLimitUnit>10250001</timeLimitUnit><loanDate>20151210</loanDate><expiringDate>20201209</expiringDate><overdueDate></overdueDate><fiveLevelChgDate>20191016</fiveLevelChgDate><guaranteeMethodCd>10470003</guaranteeMethodCd><interestRate>0.0650</interestRate><repaymentMethod>10410004</repaymentMethod><latestRepaydate>20190923</latestRepaydate><fiveLevelCd>10240001</fiveLevelCd><isGreen>10010001</isGreen></loan><loan><contractNo>HUZ0310220150109</contractNo><loanNo>25497000000013018</loanNo><enterpriseNo>C386830</enterpriseNo><projectNo>C386830PJ001</projectNo><loanKindCd>10190001</loanKindCd><loanProduct>基本建设贷款3-5年（含）</loanProduct><loanTypeCd>10710010</loanTypeCd><cnapsCode>C1030433016387</cnapsCode><loanPurpose>用于南太湖高新技术产业园区五水共治—防洪排涝治污工程项目建设</loanPurpose><loanAmount>50000000.00</loanAmount><loanBalance>33340000.00</loanBalance><overBalance>0.00</overBalance><timeLimit>5</timeLimit><timeLimitUnit>10250005</timeLimitUnit><loanDate>20151217</loanDate><expiringDate>20201217</expiringDate><overdueDate></overdueDate><fiveLevelChgDate>20191016</fiveLevelChgDate><guaranteeMethodCd>10470003</guaranteeMethodCd><interestRate>0.0650</interestRate><repaymentMethod>10410004</repaymentMethod><latestRepaydate>20190923</latestRepaydate><fiveLevelCd>10240001</fiveLevelCd><isGreen>10010001</isGreen></loan><loan><contractNo>HUZ0310220160008</contractNo><loanNo>25497000000013507</loanNo><enterpriseNo>C386830</enterpriseNo><projectNo>C386830PJ001</projectNo><loanKindCd>10190001</loanKindCd><loanProduct>基本建设贷款3-5年（含）</loanProduct><loanTypeCd>10710010</loanTypeCd><cnapsCode>C1030433016387</cnapsCode><loanPurpose>用于南太湖高新技术产业园区五水共治—防洪排涝治污工程项目建设</loanPurpose><loanAmount>175000000.00</loanAmount><loanBalance>136660000.00</loanBalance><overBalance>0.00</overBalance><timeLimit>5</timeLimit><timeLimitUnit>10250005</timeLimitUnit><loanDate>20160108</loanDate><expiringDate>20210108</expiringDate><overdueDate></overdueDate><fiveLevelChgDate>20191016</fiveLevelChgDate><guaranteeMethodCd>10470003</guaranteeMethodCd><interestRate>0.0650</interestRate><repaymentMethod>10410004</repaymentMethod><latestRepaydate>20190923</latestRepaydate><fiveLevelCd>10240001</fiveLevelCd><isGreen>10010001</isGreen></loan><loan><contractNo>HUZ0410220150038</contractNo><loanNo>25497000000013063</loanNo><enterpriseNo>C440045</enterpriseNo><projectNo>C440045PJ001</projectNo><loanKindCd>10190001</loanKindCd><loanProduct>基本建设贷款3-5年（含）</loanProduct><loanTypeCd>10710010</loanTypeCd><cnapsCode>C1030433016387</cnapsCode><loanPurpose>用于湖州南浔区练市镇五水共治工程项目建设</loanPurpose><loanAmount>5000000.00</loanAmount><loanBalance>4500000.00</loanBalance><overBalance>0.00</overBalance><timeLimit>1820</timeLimit><timeLimitUnit>10250001</timeLimitUnit><loanDate>20151222</loanDate><expiringDate>20201215</expiringDate><overdueDate></overdueDate><fiveLevelChgDate>20191016</fiveLevelChgDate><guaranteeMethodCd>10470003</guaranteeMethodCd><interestRate>0.0650</interestRate><repaymentMethod>10410004</repaymentMethod><latestRepaydate>20190923</latestRepaydate><fiveLevelCd>10240001</fiveLevelCd><isGreen>10010001</isGreen></loan><loan><contractNo>HUZ0410220160001</contractNo><loanNo>25497000000013472</loanNo><enterpriseNo>C440045</enterpriseNo><projectNo>C440045PJ001</projectNo><loanKindCd>10190001</loanKindCd><loanProduct>基本建设贷款3-5年（含）</loanProduct><loanTypeCd>10710010</loanTypeCd><cnapsCode>C1030433016387</cnapsCode><loanPurpose>用于湖州南浔区练市镇五水共治工程项目建设</loanPurpose><loanAmount>195000000.00</loanAmount><loanBalance>175500000.00</loanBalance><overBalance>0.00</overBalance><timeLimit>5</timeLimit><timeLimitUnit>10250005</timeLimitUnit><loanDate>20160108</loanDate><expiringDate>20210108</expiringDate><overdueDate></overdueDate><fiveLevelChgDate>20191016</fiveLevelChgDate><guaranteeMethodCd>10470003</guaranteeMethodCd><interestRate>0.0618</interestRate><repaymentMethod>10410004</repaymentMethod><latestRepaydate>20190923</latestRepaydate><fiveLevelCd>10240001</fiveLevelCd><isGreen>10010001</isGreen></loan><loan><contractNo>HUZ0410220160027</contractNo><loanNo>25497000000021563</loanNo><enterpriseNo>C365403</enterpriseNo><projectNo>C365403PJ001</projectNo><loanKindCd>10190001</loanKindCd><loanProduct>基本建设贷款3-5年（含）</loanProduct><loanTypeCd>10710010</loanTypeCd><cnapsCode>C1030433016387</cnapsCode><loanPurpose>南浔镇中心城区水环境综合整治工程</loanPurpose><loanAmount>240000000.00</loanAmount><loanBalance>239000000.00</loanBalance><overBalance>0.00</overBalance><timeLimit>5</timeLimit><timeLimitUnit>10250005</timeLimitUnit><loanDate>20161230</loanDate><expiringDate>20211230</expiringDate><overdueDate></overdueDate><fiveLevelChgDate>20191016</fiveLevelChgDate><guaranteeMethodCd>10470003</guaranteeMethodCd><interestRate>0.0540</interestRate><repaymentMethod>10410004</repaymentMethod><latestRepaydate>20190923</latestRepaydate><fiveLevelCd>10240001</fiveLevelCd><isGreen>10010001</isGreen></loan><loan><contractNo>HUZ0410220170001</contractNo><loanNo>25497000000023026</loanNo><enterpriseNo>C365403</enterpriseNo><projectNo>C365403PJ001</projectNo><loanKindCd>10190001</loanKindCd><loanProduct>基本建设贷款3-5年（含）</loanProduct><loanTypeCd>10710010</loanTypeCd><cnapsCode>C1030433016387</cnapsCode><loanPurpose>南浔镇中心城区水环境综合整治工程</loanPurpose><loanAmount>50000000.00</loanAmount><loanBalance>49000000.00</loanBalance><overBalance>0.00</overBalance><timeLimit>5</timeLimit><timeLimitUnit>10250005</timeLimitUnit><loanDate>20170224</loanDate><expiringDate>20220224</expiringDate><overdueDate></overdueDate><fiveLevelChgDate>20191016</fiveLevelChgDate><guaranteeMethodCd>10470003</guaranteeMethodCd><interestRate>0.0540</interestRate><repaymentMethod>10410004</repaymentMethod><latestRepaydate>20190923</latestRepaydate><fiveLevelCd>10240001</fiveLevelCd><isGreen>10010001</isGreen></loan><loan><contractNo>HUZ0510220150069</contractNo><loanNo>25497000000013450</loanNo><enterpriseNo>C362618</enterpriseNo><projectNo>C362618PJ001</projectNo><loanKindCd>10190001</loanKindCd><loanProduct>基本建设贷款3-5年（含）</loanProduct><loanTypeCd>10710010</loanTypeCd><cnapsCode>C1030433016387</cnapsCode><loanPurpose>用于湖州市东部新城污水治理提升一期工程项目建设</loanPurpose><loanAmount>275000000.00</loanAmount><loanBalance>179160000.00</loanBalance><overBalance>0.00</overBalance><timeLimit>5</timeLimit><timeLimitUnit>10250005</timeLimitUnit><loanDate>20160108</loanDate><expiringDate>20210108</expiringDate><overdueDate></overdueDate><fiveLevelChgDate>20191016</fiveLevelChgDate><guaranteeMethodCd>10470003</guaranteeMethodCd><interestRate>0.0618</interestRate><repaymentMethod>10410004</repaymentMethod><latestRepaydate>20190923</latestRepaydate><fiveLevelCd>10240001</fiveLevelCd><isGreen>10010001</isGreen></loan><loan><contractNo>HUZ0510220190009</contractNo><loanNo>25497000000041909</loanNo><enterpriseNo>C551239</enterpriseNo><projectNo>C551239PJ001</projectNo><loanKindCd>10190001</loanKindCd><loanProduct>一般固定资产5年以上</loanProduct><loanTypeCd>10710010</loanTypeCd><cnapsCode>C1030433016387</cnapsCode><loanPurpose>用于湖州市练市镇高新技术产业孵化园区一期建设</loanPurpose><loanAmount>100000000.00</loanAmount><loanBalance>100000000.00</loanBalance><overBalance>0.00</overBalance><timeLimit>8</timeLimit><timeLimitUnit>10250005</timeLimitUnit><loanDate>20190131</loanDate><expiringDate>20270131</expiringDate><overdueDate></overdueDate><fiveLevelChgDate>20191016</fiveLevelChgDate><guaranteeMethodCd>10470001</guaranteeMethodCd><interestRate>0.0680</interestRate><repaymentMethod>10410004</repaymentMethod><latestRepaydate>20190923</latestRepaydate><fiveLevelCd>10240001</fiveLevelCd><isGreen>10010001</isGreen></loan><loan><contractNo>HUZ0510220190010</contractNo><loanNo>25497000000042471</loanNo><enterpriseNo>C551239</enterpriseNo><projectNo>C551239PJ001</projectNo><loanKindCd>10190001</loanKindCd><loanProduct>一般固定资产5年以上</loanProduct><loanTypeCd>10710010</loanTypeCd><cnapsCode>C1030433016387</cnapsCode><loanPurpose>用于湖州市练市镇高新技术产业孵化园区一期建设</loanPurpose><loanAmount>100000000.00</loanAmount><loanBalance>100000000.00</loanBalance><overBalance>0.00</overBalance><timeLimit>2882</timeLimit><timeLimitUnit>10250001</timeLimitUnit><loanDate>20190312</loanDate><expiringDate>20270131</expiringDate><overdueDate></overdueDate><fiveLevelChgDate>20191016</fiveLevelChgDate><guaranteeMethodCd>10470001</guaranteeMethodCd><interestRate>0.0662</interestRate><repaymentMethod>10410004</repaymentMethod><latestRepaydate>20190923</latestRepaydate><fiveLevelCd>10240001</fiveLevelCd><isGreen>10010001</isGreen></loan><loan><contractNo>HUZ0610220180002</contractNo><loanNo>25497000000040315</loanNo><enterpriseNo>C365628</enterpriseNo><projectNo>C365628PJ001</projectNo><loanKindCd>10190001</loanKindCd><loanProduct>一般固定资产5年以上</loanProduct><loanTypeCd>10710010</loanTypeCd><cnapsCode>C1030433016387</cnapsCode><loanPurpose>用于湖州市埭溪美妆小镇项目建设</loanPurpose><loanAmount>50000000.00</loanAmount><loanBalance>50000000.00</loanBalance><overBalance>0.00</overBalance><timeLimit>2921</timeLimit><timeLimitUnit>10250001</timeLimitUnit><loanDate>20181207</loanDate><expiringDate>20261206</expiringDate><overdueDate></overdueDate><fiveLevelChgDate>20191016</fiveLevelChgDate><guaranteeMethodCd>10470001</guaranteeMethodCd><interestRate>0.0560</interestRate><repaymentMethod>10410004</repaymentMethod><latestRepaydate>20190923</latestRepaydate><fiveLevelCd>10240001</fiveLevelCd><isGreen>10010001</isGreen></loan><loan><contractNo>HUZ0710220140061</contractNo><loanNo>25451000000000966</loanNo><enterpriseNo>C391801</enterpriseNo><projectNo>C391801PJ001</projectNo><loanKindCd>10190001</loanKindCd><loanProduct>一般固定资产3-5年（含）</loanProduct><loanTypeCd>10710010</loanTypeCd><cnapsCode>C1030433016478</cnapsCode><loanPurpose>用于长兴县合溪水库供水管网工程项目建设</loanPurpose><loanAmount>50000000.00</loanAmount><loanBalance>10710000.00</loanBalance><overBalance>0.00</overBalance><timeLimit>1825</timeLimit><timeLimitUnit>10250001</timeLimitUnit><loanDate>20141209</loanDate><expiringDate>20191208</expiringDate><overdueDate></overdueDate><fiveLevelChgDate>20191016</fiveLevelChgDate><guaranteeMethodCd>10470001</guaranteeMethodCd><interestRate>0.0614</interestRate><repaymentMethod>10410004</repaymentMethod><latestRepaydate>20190923</latestRepaydate><fiveLevelCd>10240001</fiveLevelCd><isGreen>10010001</isGreen></loan><loan><contractNo>HUZ0710220140062</contractNo><loanNo>25451000000000944</loanNo><enterpriseNo>C371207</enterpriseNo><projectNo>C371207PJ001</projectNo><loanKindCd>10190001</loanKindCd><loanProduct>基本建设贷款5年以上</loanProduct><loanTypeCd>10710010</loanTypeCd><cnapsCode>C1030433016478</cnapsCode><loanPurpose>用于苕溪清水入湖河道（长兴段）整治工程，</loanPurpose><loanAmount>50000000.00</loanAmount><loanBalance>31250000.00</loanBalance><overBalance>0.00</overBalance><timeLimit>10</timeLimit><timeLimitUnit>10250005</timeLimitUnit><loanDate>20141120</loanDate><expiringDate>20241120</expiringDate><overdueDate></overdueDate><fiveLevelChgDate>20191016</fiveLevelChgDate><guaranteeMethodCd>10470003</guaranteeMethodCd><interestRate>0.0515</interestRate><repaymentMethod>10410004</repaymentMethod><latestRepaydate>20190923</latestRepaydate><fiveLevelCd>10240001</fiveLevelCd><isGreen>10010001</isGreen></loan><loan><contractNo>HUZ0710220140074</contractNo><loanNo>25451000000001029</loanNo><enterpriseNo>C391801</enterpriseNo><projectNo>C391801PJ001</projectNo><loanKindCd>10190001</loanKindCd><loanProduct>一般固定资产3-5年（含）</loanProduct><loanTypeCd>10710010</loanTypeCd><cnapsCode>C1030433016478</cnapsCode><loanPurpose>用于长兴县合溪水库供水管网工程项目建设</loanPurpose><loanAmount>47000000.00</loanAmount><loanBalance>10070000.00</loanBalance><overBalance>0.00</overBalance><timeLimit>1810</timeLimit><timeLimitUnit>10250001</timeLimitUnit><loanDate>20141231</loanDate><expiringDate>20191215</expiringDate><overdueDate></overdueDate><fiveLevelChgDate>20191016</fiveLevelChgDate><guaranteeMethodCd>10470001</guaranteeMethodCd><interestRate>0.0614</interestRate><repaymentMethod>10410004</repaymentMethod><latestRepaydate>20190923</latestRepaydate><fiveLevelCd>10240001</fiveLevelCd><isGreen>10010001</isGreen></loan><loan><contractNo>HUZ0710220140076</contractNo><loanNo>25451000000001030</loanNo><enterpriseNo>C371207</enterpriseNo><projectNo>C371207PJ001</projectNo><loanKindCd>10190001</loanKindCd><loanProduct>基本建设贷款5年以上</loanProduct><loanTypeCd>10710010</loanTypeCd><cnapsCode>C1030433016478</cnapsCode><loanPurpose>用于苕溪清水入湖河道（长兴段）整治工程，</loanPurpose><loanAmount>50000000.00</loanAmount><loanBalance>31250000.00</loanBalance><overBalance>0.00</overBalance><timeLimit>3638</timeLimit><timeLimitUnit>10250001</timeLimitUnit><loanDate>20150104</loanDate><expiringDate>20241220</expiringDate><overdueDate></overdueDate><fiveLevelChgDate>20191016</fiveLevelChgDate><guaranteeMethodCd>10470003</guaranteeMethodCd><interestRate>0.0540</interestRate><repaymentMethod>10410004</repaymentMethod><latestRepaydate>20190923</latestRepaydate><fiveLevelCd>10240001</fiveLevelCd><isGreen>10010001</isGreen></loan><loan><contractNo>HUZ0710220150020</contractNo><loanNo>25451000000001198</loanNo><enterpriseNo>C391801</enterpriseNo><projectNo>C391801PJ001</projectNo><loanKindCd>10190001</loanKindCd><loanProduct>一般固定资产3-5年（含）</loanProduct><loanTypeCd>10710010</loanTypeCd><cnapsCode>C1030433016478</cnapsCode><loanPurpose>用于长兴县合溪水库供水管网工程项目建设</loanPurpose><loanAmount>100000000.00</loanAmount><loanBalance>21420000.00</loanBalance><overBalance>0.00</overBalance><timeLimit>5</timeLimit><timeLimitUnit>10250005</timeLimitUnit><loanDate>20150402</loanDate><expiringDate>20200402</expiringDate><overdueDate></overdueDate><fiveLevelChgDate>20191016</fiveLevelChgDate><guaranteeMethodCd>10470001</guaranteeMethodCd><interestRate>0.0742</interestRate><repaymentMethod>10410004</repaymentMethod><latestRepaydate>20190923</latestRepaydate><fiveLevelCd>10240001</fiveLevelCd><isGreen>10010001</isGreen></loan><loan><contractNo>HUZ0710220150087</contractNo><loanNo>25451000000001574</loanNo><enterpriseNo>C439269</enterpriseNo><projectNo>C439269PJ001</projectNo><loanKindCd>10190001</loanKindCd><loanProduct>基本建设贷款3-5年（含）</loanProduct><loanTypeCd>10710010</loanTypeCd><cnapsCode>C1030433016478</cnapsCode><loanPurpose>用于湖州省际承接产业转移示范区（林城片区）供水工程项目</loanPurpose><loanAmount>100000000.00</loanAmount><loanBalance>50000000.00</loanBalance><overBalance>0.00</overBalance><timeLimit>1791</timeLimit><timeLimitUnit>10250001</timeLimitUnit><loanDate>20151120</loanDate><expiringDate>20201015</expiringDate><overdueDate></overdueDate><fiveLevelChgDate>20191016</fiveLevelChgDate><guaranteeMethodCd>10470001</guaranteeMethodCd><interestRate>0.0660</interestRate><repaymentMethod>10410004</repaymentMethod><latestRepaydate>20190923</latestRepaydate><fiveLevelCd>10240001</fiveLevelCd><isGreen>10010001</isGreen></loan><loan><contractNo>HUZ0710220190031</contractNo><loanNo>25451000000014618</loanNo><enterpriseNo>C309848</enterpriseNo><projectNo>C309848PJ001</projectNo><loanKindCd>10190001</loanKindCd><loanProduct>基本建设贷款5年以上</loanProduct><loanTypeCd>10710010</loanTypeCd><cnapsCode>C1030433016478</cnapsCode><loanPurpose>用于长兴县东南地块供水管网工程建设项目</loanPurpose><loanAmount>98490000.00</loanAmount><loanBalance>98490000.00</loanBalance><overBalance>0.00</overBalance><timeLimit>2894</timeLimit><timeLimitUnit>10250001</timeLimitUnit><loanDate>20190617</loanDate><expiringDate>20270520</expiringDate><overdueDate></overdueDate><fiveLevelChgDate>20191016</fiveLevelChgDate><guaranteeMethodCd>10470003</guaranteeMethodCd><interestRate>0.0662</interestRate><repaymentMethod>10410004</repaymentMethod><latestRepaydate>20190923</latestRepaydate><fiveLevelCd>10240001</fiveLevelCd><isGreen>10010001</isGreen></loan><loan><contractNo>HUZ0710220190052</contractNo><loanNo>25451000000015690</loanNo><enterpriseNo>C309848</enterpriseNo><projectNo>C309848PJ001</projectNo><loanKindCd>10190001</loanKindCd><loanProduct>基本建设贷款5年以上</loanProduct><loanTypeCd>10710010</loanTypeCd><cnapsCode>C1030433016478</cnapsCode><loanPurpose>用于长兴县东南地块供水管网工程建设项目</loanPurpose><loanAmount>50000000.00</loanAmount><loanBalance>50000000.00</loanBalance><overBalance>0.00</overBalance><timeLimit>2808</timeLimit><timeLimitUnit>10250001</timeLimitUnit><loanDate>20190911</loanDate><expiringDate>20270520</expiringDate><overdueDate></overdueDate><fiveLevelChgDate>20191016</fiveLevelChgDate><guaranteeMethodCd>10470003</guaranteeMethodCd><interestRate>0.0662</interestRate><repaymentMethod>10410004</repaymentMethod><latestRepaydate>20190923</latestRepaydate><fiveLevelCd>10240001</fiveLevelCd><isGreen>10010001</isGreen></loan><loan><contractNo>HUZ1010220150026</contractNo><loanNo>25452000000000924</loanNo><enterpriseNo>C414378</enterpriseNo><projectNo>C414378PJ001</projectNo><loanKindCd>10190001</loanKindCd><loanProduct>基本建设贷款3-5年（含）</loanProduct><loanTypeCd>10710010</loanTypeCd><cnapsCode>C1030433016593</cnapsCode><loanPurpose>用于安吉县“五水共治”工程浑泥港水环境综合整治项目建设</loanPurpose><loanAmount>150000000.00</loanAmount><loanBalance>60000000.00</loanBalance><overBalance>0.00</overBalance><timeLimit>1822</timeLimit><timeLimitUnit>10250001</timeLimitUnit><loanDate>20150930</loanDate><expiringDate>20200925</expiringDate><overdueDate></overdueDate><fiveLevelChgDate>20191016</fiveLevelChgDate><guaranteeMethodCd>10470001</guaranteeMethodCd><interestRate>0.0700</interestRate><repaymentMethod>10410004</repaymentMethod><latestRepaydate>20190923</latestRepaydate><fiveLevelCd>10240001</fiveLevelCd><isGreen>10010001</isGreen></loan><loan><contractNo>HUZ1010220150039</contractNo><loanNo>25452000000001269</loanNo><enterpriseNo>C432391</enterpriseNo><projectNo>C432391PJ001</projectNo><loanKindCd>10190001</loanKindCd><loanProduct>基本建设贷款3-5年（含）</loanProduct><loanTypeCd>10710010</loanTypeCd><cnapsCode>C1030433016593</cnapsCode><loanPurpose>用于安吉县城区给排水管网完善提升建设工程项目建设</loanPurpose><loanAmount>150000000.00</loanAmount><loanBalance>83320000.00</loanBalance><overBalance>0.00</overBalance><timeLimit>5</timeLimit><timeLimitUnit>10250005</timeLimitUnit><loanDate>20151124</loanDate><expiringDate>20201124</expiringDate><overdueDate></overdueDate><fiveLevelChgDate>20191016</fiveLevelChgDate><guaranteeMethodCd>10470003</guaranteeMethodCd><interestRate>0.0660</interestRate><repaymentMethod>10410004</repaymentMethod><latestRepaydate>20190923</latestRepaydate><fiveLevelCd>10240001</fiveLevelCd><isGreen>10010001</isGreen></loan><loan><contractNo>HUZ1010220150045</contractNo><loanNo>25452000000001622</loanNo><enterpriseNo>C432391</enterpriseNo><projectNo>C432391PJ001</projectNo><loanKindCd>10190001</loanKindCd><loanProduct>基本建设贷款3-5年（含）</loanProduct><loanTypeCd>10710010</loanTypeCd><cnapsCode>C1030433016593</cnapsCode><loanPurpose>用于安吉县城区给排水管网完善提升建设工程项目建设</loanPurpose><loanAmount>30000000.00</loanAmount><loanBalance>21660000.00</loanBalance><overBalance>0.00</overBalance><timeLimit>5</timeLimit><timeLimitUnit>10250005</timeLimitUnit><loanDate>20160108</loanDate><expiringDate>20210108</expiringDate><overdueDate></overdueDate><fiveLevelChgDate>20191016</fiveLevelChgDate><guaranteeMethodCd>10470003</guaranteeMethodCd><interestRate>0.0660</interestRate><repaymentMethod>10410004</repaymentMethod><latestRepaydate>20190923</latestRepaydate><fiveLevelCd>10240001</fiveLevelCd><isGreen>10010001</isGreen></loan><loan><contractNo>HUZ1010220160002</contractNo><loanNo>25452000000001644</loanNo><enterpriseNo>C400749</enterpriseNo><projectNo>C400749PJ001</projectNo><loanKindCd>10190001</loanKindCd><loanProduct>基本建设贷款3-5年（含）</loanProduct><loanTypeCd>10710010</loanTypeCd><cnapsCode>C1030433016593</cnapsCode><loanPurpose>用于安吉梅溪山青水净重点水利工程建设</loanPurpose><loanAmount>100000000.00</loanAmount><loanBalance>70000000.00</loanBalance><overBalance>0.00</overBalance><timeLimit>1824</timeLimit><timeLimitUnit>10250001</timeLimitUnit><loanDate>20160108</loanDate><expiringDate>20210105</expiringDate><overdueDate></overdueDate><fiveLevelChgDate>20191016</fiveLevelChgDate><guaranteeMethodCd>10470003</guaranteeMethodCd><interestRate>0.0700</interestRate><repaymentMethod>10410004</repaymentMethod><latestRepaydate>20190923</latestRepaydate><fiveLevelCd>10240001</fiveLevelCd><isGreen>10010001</isGreen></loan><loan><contractNo>HUZ1010220160006</contractNo><loanNo>25452000000001757</loanNo><enterpriseNo>C368160</enterpriseNo><projectNo>C368160PJ001</projectNo><loanKindCd>10190001</loanKindCd><loanProduct>基本建设贷款3-5年（含）</loanProduct><loanTypeCd>10710010</loanTypeCd><cnapsCode>C1030433016593</cnapsCode><loanPurpose>用于安吉县“五水共治”工程南北湖水环境综合整治项目建设</loanPurpose><loanAmount>50000000.00</loanAmount><loanBalance>34500000.00</loanBalance><overBalance>0.00</overBalance><timeLimit>1823</timeLimit><timeLimitUnit>10250001</timeLimitUnit><loanDate>20160119</loanDate><expiringDate>20210115</expiringDate><overdueDate></overdueDate><fiveLevelChgDate>20191016</fiveLevelChgDate><guaranteeMethodCd>10470003</guaranteeMethodCd><interestRate>0.0700</interestRate><repaymentMethod>10410004</repaymentMethod><latestRepaydate>20190923</latestRepaydate><fiveLevelCd>10240001</fiveLevelCd><isGreen>10010001</isGreen></loan><loan><contractNo>HUZ1010220160014</contractNo><loanNo>25452000000002150</loanNo><enterpriseNo>C449562</enterpriseNo><projectNo>C449562PJ001</projectNo><loanKindCd>10190001</loanKindCd><loanProduct>基本建设贷款3-5年（含）</loanProduct><loanTypeCd>10710010</loanTypeCd><cnapsCode>C1030433016593</cnapsCode><loanPurpose>用于安吉开发区苕溪水环境综合整治工程（老安城大桥至马岭村段）项目建设</loanPurpose><loanAmount>60000000.00</loanAmount><loanBalance>38590000.00</loanBalance><overBalance>0.00</overBalance><timeLimit>5</timeLimit><timeLimitUnit>10250005</timeLimitUnit><loanDate>20160401</loanDate><expiringDate>20210401</expiringDate><overdueDate></overdueDate><fiveLevelChgDate>20191016</fiveLevelChgDate><guaranteeMethodCd>10470003</guaranteeMethodCd><interestRate>0.0640</interestRate><repaymentMethod>10410004</repaymentMethod><latestRepaydate>20190923</latestRepaydate><fiveLevelCd>10240001</fiveLevelCd><isGreen>10010001</isGreen></loan><loan><contractNo>HUZ1010220160017</contractNo><loanNo>25452000000002161</loanNo><enterpriseNo>C330308</enterpriseNo><projectNo>C330308PJ001</projectNo><loanKindCd>10190001</loanKindCd><loanProduct>基本建设贷款3-5年（含）</loanProduct><loanTypeCd>10710010</loanTypeCd><cnapsCode>C1030433016593</cnapsCode><loanPurpose>用于灵峰旅游度假区水系综合治理工程</loanPurpose><loanAmount>50000000.00</loanAmount><loanBalance>33420000.00</loanBalance><overBalance>0.00</overBalance><timeLimit>5</timeLimit><timeLimitUnit>10250005</timeLimitUnit><loanDate>20160401</loanDate><expiringDate>20210401</expiringDate><overdueDate></overdueDate><fiveLevelChgDate>20191016</fiveLevelChgDate><guaranteeMethodCd>10470003</guaranteeMethodCd><interestRate>0.0620</interestRate><repaymentMethod>10410004</repaymentMethod><latestRepaydate>20190923</latestRepaydate><fiveLevelCd>10240001</fiveLevelCd><isGreen>10010001</isGreen></loan><loan><contractNo>HUZ1010220160028</contractNo><loanNo>25452000000002570</loanNo><enterpriseNo>C400749</enterpriseNo><projectNo>C400749PJ001</projectNo><loanKindCd>10190001</loanKindCd><loanProduct>基本建设贷款3-5年（含）</loanProduct><loanTypeCd>10710010</loanTypeCd><cnapsCode>C1030433016593</cnapsCode><loanPurpose>用于安吉梅溪山青水净重点水利工程建设</loanPurpose><loanAmount>70000000.00</loanAmount><loanBalance>50400000.00</loanBalance><overBalance>0.00</overBalance><timeLimit>5</timeLimit><timeLimitUnit>10250005</timeLimitUnit><loanDate>20160701</loanDate><expiringDate>20210701</expiringDate><overdueDate></overdueDate><fiveLevelChgDate>20191016</fiveLevelChgDate><guaranteeMethodCd>10470003</guaranteeMethodCd><interestRate>0.0618</interestRate><repaymentMethod>10410004</repaymentMethod><latestRepaydate>20190923</latestRepaydate><fiveLevelCd>10240001</fiveLevelCd><isGreen>10010001</isGreen></loan><loan><contractNo>HUZ1010220160030</contractNo><loanNo>25452000000002592</loanNo><enterpriseNo>C368160</enterpriseNo><projectNo>C368160PJ001</projectNo><loanKindCd>10190001</loanKindCd><loanProduct>基本建设贷款3-5年（含）</loanProduct><loanTypeCd>10710010</loanTypeCd><cnapsCode>C1030433016593</cnapsCode><loanPurpose>用于安吉县“五水共治”工程南北湖水环境综合整治项目建设</loanPurpose><loanAmount>70000000.00</loanAmount><loanBalance>52500000.00</loanBalance><overBalance>0.00</overBalance><timeLimit>5</timeLimit><timeLimitUnit>10250005</timeLimitUnit><loanDate>20160704</loanDate><expiringDate>20210704</expiringDate><overdueDate></overdueDate><fiveLevelChgDate>20191016</fiveLevelChgDate><guaranteeMethodCd>10470003</guaranteeMethodCd><interestRate>0.0650</interestRate><repaymentMethod>10410004</repaymentMethod><latestRepaydate>20190923</latestRepaydate><fiveLevelCd>10240001</fiveLevelCd><isGreen>10010001</isGreen></loan><loan><contractNo>HUZ1010220160031</contractNo><loanNo>25452000000002581</loanNo><enterpriseNo>C449562</enterpriseNo><projectNo>C449562PJ001</projectNo><loanKindCd>10190001</loanKindCd><loanProduct>基本建设贷款3-5年（含）</loanProduct><loanTypeCd>10710010</loanTypeCd><cnapsCode>C1030433016593</cnapsCode><loanPurpose>用于安吉开发区苕溪水环境综合整治工程（老安城大桥至马岭村段）项目建设</loanPurpose><loanAmount>20000000.00</loanAmount><loanBalance>15000000.00</loanBalance><overBalance>0.00</overBalance><timeLimit>5</timeLimit><timeLimitUnit>10250005</timeLimitUnit><loanDate>20160701</loanDate><expiringDate>20210701</expiringDate><overdueDate></overdueDate><fiveLevelChgDate>20191016</fiveLevelChgDate><guaranteeMethodCd>10470003</guaranteeMethodCd><interestRate>0.0618</interestRate><repaymentMethod>10410004</repaymentMethod><latestRepaydate>20190923</latestRepaydate><fiveLevelCd>10240001</fiveLevelCd><isGreen>10010001</isGreen></loan><loan><contractNo>HUZ1010220160033</contractNo><loanNo>25452000000002569</loanNo><enterpriseNo>C330308</enterpriseNo><projectNo>C330308PJ001</projectNo><loanKindCd>10190001</loanKindCd><loanProduct>基本建设贷款3-5年（含）</loanProduct><loanTypeCd>10710010</loanTypeCd><cnapsCode>C1030433016593</cnapsCode><loanPurpose>用于灵峰旅游度假区水系综合治理工程</loanPurpose><loanAmount>150000000.00</loanAmount><loanBalance>107150000.00</loanBalance><overBalance>0.00</overBalance><timeLimit>5</timeLimit><timeLimitUnit>10250005</timeLimitUnit><loanDate>20160701</loanDate><expiringDate>20210701</expiringDate><overdueDate></overdueDate><fiveLevelChgDate>20191016</fiveLevelChgDate><guaranteeMethodCd>10470003</guaranteeMethodCd><interestRate>0.0650</interestRate><repaymentMethod>10410004</repaymentMethod><latestRepaydate>20190923</latestRepaydate><fiveLevelCd>10240001</fiveLevelCd><isGreen>10010001</isGreen></loan><loan><contractNo>HUZ1010220160034</contractNo><loanNo>25452000000002762</loanNo><enterpriseNo>C449562</enterpriseNo><projectNo>C449562PJ001</projectNo><loanKindCd>10190001</loanKindCd><loanProduct>基本建设贷款3-5年（含）</loanProduct><loanTypeCd>10710010</loanTypeCd><cnapsCode>C1030433016593</cnapsCode><loanPurpose>用于安吉开发区苕溪水环境综合整治工程（老安城大桥至马岭村段）项目建设</loanPurpose><loanAmount>100000000.00</loanAmount><loanBalance>74990000.00</loanBalance><overBalance>0.00</overBalance><timeLimit>5</timeLimit><timeLimitUnit>10250005</timeLimitUnit><loanDate>20160719</loanDate><expiringDate>20210719</expiringDate><overdueDate></overdueDate><fiveLevelChgDate>20191016</fiveLevelChgDate><guaranteeMethodCd>10470003</guaranteeMethodCd><interestRate>0.0570</interestRate><repaymentMethod>10410004</repaymentMethod><latestRepaydate>20190923</latestRepaydate><fiveLevelCd>10240001</fiveLevelCd><isGreen>10010001</isGreen></loan><loan><contractNo>HUZ1010220160038</contractNo><loanNo>25452000000002820</loanNo><enterpriseNo>C368160</enterpriseNo><projectNo>C368160PJ001</projectNo><loanKindCd>10190001</loanKindCd><loanProduct>基本建设贷款3-5年（含）</loanProduct><loanTypeCd>10710010</loanTypeCd><cnapsCode>C1030433016593</cnapsCode><loanPurpose>用于安吉县“五水共治”工程南北湖水环境综合整治项目建设</loanPurpose><loanAmount>30000000.00</loanAmount><loanBalance>22500000.00</loanBalance><overBalance>0.00</overBalance><timeLimit>5</timeLimit><timeLimitUnit>10250005</timeLimitUnit><loanDate>20160729</loanDate><expiringDate>20210729</expiringDate><overdueDate></overdueDate><fiveLevelChgDate>20191016</fiveLevelChgDate><guaranteeMethodCd>10470003</guaranteeMethodCd><interestRate>0.0650</interestRate><repaymentMethod>10410004</repaymentMethod><latestRepaydate>20190923</latestRepaydate><fiveLevelCd>10240001</fiveLevelCd><isGreen>10010001</isGreen></loan><loan><contractNo>HUZ1010220160042</contractNo><loanNo>25452000000003120</loanNo><enterpriseNo>C400749</enterpriseNo><projectNo>C400749PJ001</projectNo><loanKindCd>10190001</loanKindCd><loanProduct>基本建设贷款3-5年（含）</loanProduct><loanTypeCd>10710010</loanTypeCd><cnapsCode>C1030433016593</cnapsCode><loanPurpose>用于安吉梅溪山青水净重点水利工程建设</loanPurpose><loanAmount>80000000.00</loanAmount><loanBalance>57600000.00</loanBalance><overBalance>0.00</overBalance><timeLimit>5</timeLimit><timeLimitUnit>10250005</timeLimitUnit><loanDate>20160826</loanDate><expiringDate>20210826</expiringDate><overdueDate></overdueDate><fiveLevelChgDate>20191016</fiveLevelChgDate><guaranteeMethodCd>10470003</guaranteeMethodCd><interestRate>0.0618</interestRate><repaymentMethod>10410004</repaymentMethod><latestRepaydate>20190923</latestRepaydate><fiveLevelCd>10240001</fiveLevelCd><isGreen>10010001</isGreen></loan><loan><contractNo>HUZ1010220160045</contractNo><loanNo>25452000000003391</loanNo><enterpriseNo>C332326</enterpriseNo><projectNo>C332326PJ001</projectNo><loanKindCd>10190001</loanKindCd><loanProduct>基本建设贷款3-5年（含）</loanProduct><loanTypeCd>10710010</loanTypeCd><cnapsCode>C1030433016593</cnapsCode><loanPurpose>用于安吉开发区苕溪水环境综合整治工程（蚕桑场至老安城大桥段）项目建设</loanPurpose><loanAmount>50000000.00</loanAmount><loanBalance>40000000.00</loanBalance><overBalance>0.00</overBalance><timeLimit>5</timeLimit><timeLimitUnit>10250005</timeLimitUnit><loanDate>20161019</loanDate><expiringDate>20211019</expiringDate><overdueDate></overdueDate><fiveLevelChgDate>20191016</fiveLevelChgDate><guaranteeMethodCd>10470003</guaranteeMethodCd><interestRate>0.0523</interestRate><repaymentMethod>10410004</repaymentMethod><latestRepaydate>20190923</latestRepaydate><fiveLevelCd>10240001</fiveLevelCd><isGreen>10010001</isGreen></loan><loan><contractNo>HUZ1010220160046</contractNo><loanNo>25452000000003404</loanNo><enterpriseNo>C328689</enterpriseNo><projectNo>C328689PJ001</projectNo><loanKindCd>10190001</loanKindCd><loanProduct>基本建设贷款3-5年（含）</loanProduct><loanTypeCd>10710010</loanTypeCd><cnapsCode>C1030433016593</cnapsCode><loanPurpose>用于安吉临港经济区给排水及道路改造提升工程项目建设</loanPurpose><loanAmount>50000000.00</loanAmount><loanBalance>41060000.00</loanBalance><overBalance>0.00</overBalance><timeLimit>5</timeLimit><timeLimitUnit>10250005</timeLimitUnit><loanDate>20161020</loanDate><expiringDate>20211020</expiringDate><overdueDate></overdueDate><fiveLevelChgDate>20191016</fiveLevelChgDate><guaranteeMethodCd>10470003</guaranteeMethodCd><interestRate>0.0523</interestRate><repaymentMethod>10410004</repaymentMethod><latestRepaydate>20190923</latestRepaydate><fiveLevelCd>10240001</fiveLevelCd><isGreen>10010001</isGreen></loan><loan><contractNo>HUZ1010220160048</contractNo><loanNo>25452000000003776</loanNo><enterpriseNo>C368160</enterpriseNo><projectNo>C368160PJ001</projectNo><loanKindCd>10190001</loanKindCd><loanProduct>基本建设贷款3-5年（含）</loanProduct><loanTypeCd>10710010</loanTypeCd><cnapsCode>C1030433016593</cnapsCode><loanPurpose>用于安吉县“五水共治”工程南北湖水环境综合整治项目建设</loanPurpose><loanAmount>50000000.00</loanAmount><loanBalance>37500000.00</loanBalance><overBalance>0.00</overBalance><timeLimit>5</timeLimit><timeLimitUnit>10250005</timeLimitUnit><loanDate>20161115</loanDate><expiringDate>20211115</expiringDate><overdueDate></overdueDate><fiveLevelChgDate>20191016</fiveLevelChgDate><guaranteeMethodCd>10470003</guaranteeMethodCd><interestRate>0.0590</interestRate><repaymentMethod>10410004</repaymentMethod><latestRepaydate>20190923</latestRepaydate><fiveLevelCd>10240001</fiveLevelCd><isGreen>10010001</isGreen></loan><loan><contractNo>HUZ1010220160052</contractNo><loanNo>25452000000003878</loanNo><enterpriseNo>C432386</enterpriseNo><projectNo>C432386PJ001</projectNo><loanKindCd>10190001</loanKindCd><loanProduct>基本建设贷款3-5年（含）</loanProduct><loanTypeCd>10710010</loanTypeCd><cnapsCode>C1030433016593</cnapsCode><loanPurpose>用于安吉县城东区给排水环境整治提升项目</loanPurpose><loanAmount>10000000.00</loanAmount><loanBalance>8060000.00</loanBalance><overBalance>0.00</overBalance><timeLimit>5</timeLimit><timeLimitUnit>10250005</timeLimitUnit><loanDate>20161216</loanDate><expiringDate>20211216</expiringDate><overdueDate></overdueDate><fiveLevelChgDate>20191016</fiveLevelChgDate><guaranteeMethodCd>10470003</guaranteeMethodCd><interestRate>0.0580</interestRate><repaymentMethod>10410004</repaymentMethod><latestRepaydate>20190923</latestRepaydate><fiveLevelCd>10240001</fiveLevelCd><isGreen>10010001</isGreen></loan><loan><contractNo>HUZ1010220160055</contractNo><loanNo>25452000000004340</loanNo><enterpriseNo>C432386</enterpriseNo><projectNo>C432386PJ001</projectNo><loanKindCd>10190001</loanKindCd><loanProduct>基本建设贷款3-5年（含）</loanProduct><loanTypeCd>10710010</loanTypeCd><cnapsCode>C1030433016593</cnapsCode><loanPurpose>用于安吉县城东区给排水环境整治提升项目</loanPurpose><loanAmount>150000000.00</loanAmount><loanBalance>121060000.00</loanBalance><overBalance>0.00</overBalance><timeLimit>5</timeLimit><timeLimitUnit>10250005</timeLimitUnit><loanDate>20170103</loanDate><expiringDate>20220103</expiringDate><overdueDate></overdueDate><fiveLevelChgDate>20191016</fiveLevelChgDate><guaranteeMethodCd>10470003</guaranteeMethodCd><interestRate>0.0570</interestRate><repaymentMethod>10410004</repaymentMethod><latestRepaydate>20190923</latestRepaydate><fiveLevelCd>10240001</fiveLevelCd><isGreen>10010001</isGreen></loan><loan><contractNo>HUZ1010220160058</contractNo><loanNo>25452000000003936</loanNo><enterpriseNo>C449562</enterpriseNo><projectNo>C449562PJ001</projectNo><loanKindCd>10190001</loanKindCd><loanProduct>基本建设贷款3-5年（含）</loanProduct><loanTypeCd>10710010</loanTypeCd><cnapsCode>C1030433016593</cnapsCode><loanPurpose>用于安吉开发区苕溪水环境综合整治工程（老安城大桥至马岭村段）项目建设</loanPurpose><loanAmount>100000000.00</loanAmount><loanBalance>89990000.00</loanBalance><overBalance>0.00</overBalance><timeLimit>5</timeLimit><timeLimitUnit>10250005</timeLimitUnit><loanDate>20161229</loanDate><expiringDate>20211229</expiringDate><overdueDate></overdueDate><fiveLevelChgDate>20191016</fiveLevelChgDate><guaranteeMethodCd>10470003</guaranteeMethodCd><interestRate>0.0580</interestRate><repaymentMethod>10410004</repaymentMethod><latestRepaydate>20190923</latestRepaydate><fiveLevelCd>10240001</fiveLevelCd><isGreen>10010001</isGreen></loan><loan><contractNo>HUZ1010220160059</contractNo><loanNo>25452000000003890</loanNo><enterpriseNo>C330308</enterpriseNo><projectNo>C330308PJ001</projectNo><loanKindCd>10190001</loanKindCd><loanProduct>基本建设贷款3-5年（含）</loanProduct><loanTypeCd>10710010</loanTypeCd><cnapsCode>C1030433016593</cnapsCode><loanPurpose>用于灵峰旅游度假区水系综合治理工程</loanPurpose><loanAmount>50000000.00</loanAmount><loanBalance>42710000.00</loanBalance><overBalance>0.00</overBalance><timeLimit>5</timeLimit><timeLimitUnit>10250005</timeLimitUnit><loanDate>20161220</loanDate><expiringDate>20211220</expiringDate><overdueDate></overdueDate><fiveLevelChgDate>20191016</fiveLevelChgDate><guaranteeMethodCd>10470003</guaranteeMethodCd><interestRate>0.0550</interestRate><repaymentMethod>10410004</repaymentMethod><latestRepaydate>20190923</latestRepaydate><fiveLevelCd>10240001</fiveLevelCd><isGreen>10010001</isGreen></loan><loan><contractNo>HUZ1010220160061</contractNo><loanNo>25452000000004351</loanNo><enterpriseNo>C328689</enterpriseNo><projectNo>C328689PJ001</projectNo><loanKindCd>10190001</loanKindCd><loanProduct>基本建设贷款3-5年（含）</loanProduct><loanTypeCd>10710010</loanTypeCd><cnapsCode>C1030433016593</cnapsCode><loanPurpose>用于安吉临港经济区给排水及道路改造提升工程项目建设</loanPurpose><loanAmount>100000000.00</loanAmount><loanBalance>88150000.00</loanBalance><overBalance>0.00</overBalance><timeLimit>5</timeLimit><timeLimitUnit>10250005</timeLimitUnit><loanDate>20170103</loanDate><expiringDate>20220103</expiringDate><overdueDate></overdueDate><fiveLevelChgDate>20191016</fiveLevelChgDate><guaranteeMethodCd>10470003</guaranteeMethodCd><interestRate>0.0550</interestRate><repaymentMethod>10410004</repaymentMethod><latestRepaydate>20190923</latestRepaydate><fiveLevelCd>10240001</fiveLevelCd><isGreen>10010001</isGreen></loan><loan><contractNo>HUZ1010220170001</contractNo><loanNo>25452000000004419</loanNo><enterpriseNo>C408584</enterpriseNo><projectNo>C408584PJ001</projectNo><loanKindCd>10190001</loanKindCd><loanProduct>基本建设贷款3-5年（含）</loanProduct><loanTypeCd>10710010</loanTypeCd><cnapsCode>C1030433016593</cnapsCode><loanPurpose>用于安吉天子湖泥河流域水利综合整治工程建设</loanPurpose><loanAmount>100000000.00</loanAmount><loanBalance>91130000.00</loanBalance><overBalance>0.00</overBalance><timeLimit>5</timeLimit><timeLimitUnit>10250005</timeLimitUnit><loanDate>20170112</loanDate><expiringDate>20220112</expiringDate><overdueDate></overdueDate><fiveLevelChgDate>20191016</fiveLevelChgDate><guaranteeMethodCd>10470003</guaranteeMethodCd><interestRate>0.0560</interestRate><repaymentMethod>10410004</repaymentMethod><latestRepaydate>20190923</latestRepaydate><fiveLevelCd>10240001</fiveLevelCd><isGreen>10010001</isGreen></loan><loan><contractNo>HUZ1010220170003</contractNo><loanNo>25452000000004486</loanNo><enterpriseNo>C332326</enterpriseNo><projectNo>C332326PJ001</projectNo><loanKindCd>10190001</loanKindCd><loanProduct>基本建设贷款3-5年（含）</loanProduct><loanTypeCd>10710010</loanTypeCd><cnapsCode>C1030433016593</cnapsCode><loanPurpose>用于安吉开发区苕溪水环境综合整治工程（蚕桑场至老安城大桥段）项目建设</loanPurpose><loanAmount>150000000.00</loanAmount><loanBalance>140000000.00</loanBalance><overBalance>0.00</overBalance><timeLimit>5</timeLimit><timeLimitUnit>10250005</timeLimitUnit><loanDate>20170117</loanDate><expiringDate>20220117</expiringDate><overdueDate></overdueDate><fiveLevelChgDate>20191016</fiveLevelChgDate><guaranteeMethodCd>10470003</guaranteeMethodCd><interestRate>0.0560</interestRate><repaymentMethod>10410004</repaymentMethod><latestRepaydate>20190923</latestRepaydate><fiveLevelCd>10240001</fiveLevelCd><isGreen>10010001</isGreen></loan><loan><contractNo>HUZ1010220170008</contractNo><loanNo>25452000000004667</loanNo><enterpriseNo>C328689</enterpriseNo><projectNo>C328689PJ001</projectNo><loanKindCd>10190001</loanKindCd><loanProduct>基本建设贷款3-5年（含）</loanProduct><loanTypeCd>10710010</loanTypeCd><cnapsCode>C1030433016593</cnapsCode><loanPurpose>用于安吉临港经济区给排水及道路改造提升工程项目建设</loanPurpose><loanAmount>50000000.00</loanAmount><loanBalance>44060000.00</loanBalance><overBalance>0.00</overBalance><timeLimit>5</timeLimit><timeLimitUnit>10250005</timeLimitUnit><loanDate>20170210</loanDate><expiringDate>20220210</expiringDate><overdueDate></overdueDate><fiveLevelChgDate>20191016</fiveLevelChgDate><guaranteeMethodCd>10470003</guaranteeMethodCd><interestRate>0.0550</interestRate><repaymentMethod>10410004</repaymentMethod><latestRepaydate>20190923</latestRepaydate><fiveLevelCd>10240001</fiveLevelCd><isGreen>10010001</isGreen></loan><loan><contractNo>HUZ1010220170019</contractNo><loanNo>25452000000005060</loanNo><enterpriseNo>C469718</enterpriseNo><projectNo>C469718PJ001</projectNo><loanKindCd>10190001</loanKindCd><loanProduct>一般固定资产5年以上</loanProduct><loanTypeCd>10710010</loanTypeCd><cnapsCode>C1030433016593</cnapsCode><loanPurpose>用于中机国能安吉光伏发电有限公司35MWp农光互补项目建设</loanPurpose><loanAmount>74538843.75</loanAmount><loanBalance>26648843.75</loanBalance><overBalance>0.00</overBalance><timeLimit>8</timeLimit><timeLimitUnit>10250005</timeLimitUnit><loanDate>20170316</loanDate><expiringDate>20250316</expiringDate><overdueDate></overdueDate><fiveLevelChgDate>20191016</fiveLevelChgDate><guaranteeMethodCd>10470003</guaranteeMethodCd><interestRate>0.0588</interestRate><repaymentMethod>10410004</repaymentMethod><latestRepaydate>20190923</latestRepaydate><fiveLevelCd>10240001</fiveLevelCd><isGreen>10010001</isGreen></loan><loan><contractNo>HUZ1010220170022</contractNo><loanNo>25452000000005162</loanNo><enterpriseNo>C469718</enterpriseNo><projectNo>C469718PJ001</projectNo><loanKindCd>10190001</loanKindCd><loanProduct>一般固定资产5年以上</loanProduct><loanTypeCd>10710010</loanTypeCd><cnapsCode>C1030433016593</cnapsCode><loanPurpose>用于中机国能安吉光伏发电有限公司35MWp农光互补项目建设</loanPurpose><loanAmount>55461156.25</loanAmount><loanBalance>19351156.25</loanBalance><overBalance>0.00</overBalance><timeLimit>8</timeLimit><timeLimitUnit>10250005</timeLimitUnit><loanDate>20170406</loanDate><expiringDate>20250406</expiringDate><overdueDate></overdueDate><fiveLevelChgDate>20191016</fiveLevelChgDate><guaranteeMethodCd>10470003</guaranteeMethodCd><interestRate>0.0588</interestRate><repaymentMethod>10410004</repaymentMethod><latestRepaydate>20190923</latestRepaydate><fiveLevelCd>10240001</fiveLevelCd><isGreen>10010001</isGreen></loan><loan><contractNo>HUZ1010220170023</contractNo><loanNo>25452000000005184</loanNo><enterpriseNo>C408584</enterpriseNo><projectNo>C408584PJ001</projectNo><loanKindCd>10190001</loanKindCd><loanProduct>基本建设贷款3-5年（含）</loanProduct><loanTypeCd>10710010</loanTypeCd><cnapsCode>C1030433016593</cnapsCode><loanPurpose>用于安吉天子湖泥河流域水利综合整治工程建设</loanPurpose><loanAmount>100000000.00</loanAmount><loanBalance>91130000.00</loanBalance><overBalance>0.00</overBalance><timeLimit>5</timeLimit><timeLimitUnit>10250005</timeLimitUnit><loanDate>20170407</loanDate><expiringDate>20220407</expiringDate><overdueDate></overdueDate><fiveLevelChgDate>20191016</fiveLevelChgDate><guaranteeMethodCd>10470003</guaranteeMethodCd><interestRate>0.0546</interestRate><repaymentMethod>10410004</repaymentMethod><latestRepaydate>20190923</latestRepaydate><fiveLevelCd>10240001</fiveLevelCd><isGreen>10010001</isGreen></loan><loan><contractNo>HUZ1010520180043</contractNo><loanNo>25452000000010207</loanNo><enterpriseNo>C469718</enterpriseNo><projectNo>C469718PJ001</projectNo><loanKindCd>10190001</loanKindCd><loanProduct>美元转贷三类中间5年以上</loanProduct><loanTypeCd>10710010</loanTypeCd><cnapsCode>C1030433016593</cnapsCode><loanPurpose>用于中机国能安吉光伏发电有限公司35MWp农光互补项目建设</loanPurpose><loanAmount>57037600.00</loanAmount><loanBalance>55611660.00</loanBalance><overBalance>0.00</overBalance><timeLimit>2447</timeLimit><timeLimitUnit>10250001</timeLimitUnit><loanDate>20181015</loanDate><expiringDate>20250627</expiringDate><overdueDate></overdueDate><fiveLevelChgDate>20191016</fiveLevelChgDate><guaranteeMethodCd>10470003</guaranteeMethodCd><interestRate>0.0384</interestRate><repaymentMethod>10410004</repaymentMethod><latestRepaydate>20190923</latestRepaydate><fiveLevelCd>10240001</fiveLevelCd><isGreen>10010001</isGreen></loan><loan><contractNo>HUZ1210220150002</contractNo><loanNo>25456000000000024</loanNo><enterpriseNo>C436953</enterpriseNo><projectNo>C436953PJ001</projectNo><loanKindCd>10190001</loanKindCd><loanProduct>基本建设贷款3-5年（含）</loanProduct><loanTypeCd>10710010</loanTypeCd><cnapsCode>C1030433016639</cnapsCode><loanPurpose>用于德清县阜溪水环境治理工程</loanPurpose><loanAmount>50000000.00</loanAmount><loanBalance>25000000.00</loanBalance><overBalance>0.00</overBalance><timeLimit>1812</timeLimit><timeLimitUnit>10250001</timeLimitUnit><loanDate>20150930</loanDate><expiringDate>20200915</expiringDate><overdueDate></overdueDate><fiveLevelChgDate>20191016</fiveLevelChgDate><guaranteeMethodCd>10470003</guaranteeMethodCd><interestRate>0.0618</interestRate><repaymentMethod>10410004</repaymentMethod><latestRepaydate>20190923</latestRepaydate><fiveLevelCd>10240001</fiveLevelCd><isGreen>10010001</isGreen></loan><loan><contractNo>HUZ1210220150012</contractNo><loanNo>25456000000000148</loanNo><enterpriseNo>C431495</enterpriseNo><projectNo>C431495PJ001</projectNo><loanKindCd>10190001</loanKindCd><loanProduct>基本建设贷款3-5年（含）</loanProduct><loanTypeCd>10710010</loanTypeCd><cnapsCode>C1030433016639</cnapsCode><loanPurpose>用于德清县武康城东新区千亩港河道整治工程项目建设</loanPurpose><loanAmount>50000000.00</loanAmount><loanBalance>25000000.00</loanBalance><overBalance>0.00</overBalance><timeLimit>1815</timeLimit><timeLimitUnit>10250001</timeLimitUnit><loanDate>20151127</loanDate><expiringDate>20201115</expiringDate><overdueDate></overdueDate><fiveLevelChgDate>20191016</fiveLevelChgDate><guaranteeMethodCd>10470003</guaranteeMethodCd><interestRate>0.0650</interestRate><repaymentMethod>10410004</repaymentMethod><latestRepaydate>20190923</latestRepaydate><fiveLevelCd>10240001</fiveLevelCd><isGreen>10010001</isGreen></loan><loan><contractNo>HUZ1210220150016</contractNo><loanNo>25456000000000193</loanNo><enterpriseNo>C431495</enterpriseNo><projectNo>C431495PJ001</projectNo><loanKindCd>10190001</loanKindCd><loanProduct>基本建设贷款3-5年（含）</loanProduct><loanTypeCd>10710010</loanTypeCd><cnapsCode>C1030433016639</cnapsCode><loanPurpose>用于德清县武康城东新区千亩港河道整治工程项目建设</loanPurpose><loanAmount>150000000.00</loanAmount><loanBalance>115000000.00</loanBalance><overBalance>0.00</overBalance><timeLimit>5</timeLimit><timeLimitUnit>10250005</timeLimitUnit><loanDate>20151223</loanDate><expiringDate>20201223</expiringDate><overdueDate></overdueDate><fiveLevelChgDate>20191016</fiveLevelChgDate><guaranteeMethodCd>10470003</guaranteeMethodCd><interestRate>0.0650</interestRate><repaymentMethod>10410004</repaymentMethod><latestRepaydate>20190923</latestRepaydate><fiveLevelCd>10240001</fiveLevelCd><isGreen>10010001</isGreen></loan><loan><contractNo>HUZ1210220150025</contractNo><loanNo>25456000000000240</loanNo><enterpriseNo>C436953</enterpriseNo><projectNo>C436953PJ001</projectNo><loanKindCd>10190001</loanKindCd><loanProduct>基本建设贷款3-5年（含）</loanProduct><loanTypeCd>10710010</loanTypeCd><cnapsCode>C1030433016639</cnapsCode><loanPurpose>用于德清县阜溪水环境治理工程</loanPurpose><loanAmount>250000000.00</loanAmount><loanBalance>175000000.00</loanBalance><overBalance>0.00</overBalance><timeLimit>5</timeLimit><timeLimitUnit>10250005</timeLimitUnit><loanDate>20151225</loanDate><expiringDate>20201225</expiringDate><overdueDate></overdueDate><fiveLevelChgDate>20191016</fiveLevelChgDate><guaranteeMethodCd>10470003</guaranteeMethodCd><interestRate>0.0689</interestRate><repaymentMethod>10410004</repaymentMethod><latestRepaydate>20190923</latestRepaydate><fiveLevelCd>10240001</fiveLevelCd><isGreen>10010001</isGreen></loan><loan><contractNo>HUZ1210220150027</contractNo><loanNo>25456000000000239</loanNo><enterpriseNo>C416043</enterpriseNo><projectNo>C416043PJ001</projectNo><loanKindCd>10190001</loanKindCd><loanProduct>基本建设贷款3-5年（含）</loanProduct><loanTypeCd>10710010</loanTypeCd><cnapsCode>C1030433016639</cnapsCode><loanPurpose>用于德清县临杭工业区运河水域改造工程项目建设</loanPurpose><loanAmount>250000000.00</loanAmount><loanBalance>190000000.00</loanBalance><overBalance>0.00</overBalance><timeLimit>1817</timeLimit><timeLimitUnit>10250001</timeLimitUnit><loanDate>20151225</loanDate><expiringDate>20201215</expiringDate><overdueDate></overdueDate><fiveLevelChgDate>20191016</fiveLevelChgDate><guaranteeMethodCd>10470003</guaranteeMethodCd><interestRate>0.0689</interestRate><repaymentMethod>10410004</repaymentMethod><latestRepaydate>20190923</latestRepaydate><fiveLevelCd>10240001</fiveLevelCd><isGreen>10010001</isGreen></loan><loan><contractNo>HUZ1210220160016</contractNo><loanNo>25456000000000488</loanNo><enterpriseNo>C453962</enterpriseNo><projectNo>C453962PJ001</projectNo><loanKindCd>10190001</loanKindCd><loanProduct>基本建设贷款3-5年（含）</loanProduct><loanTypeCd>10710010</loanTypeCd><cnapsCode>C1030433016639</cnapsCode><loanPurpose>用于德清县雷甸镇污水收集管网维修改造工程项目建设</loanPurpose><loanAmount>150000000.00</loanAmount><loanBalance>127000000.00</loanBalance><overBalance>0.00</overBalance><timeLimit>1813</timeLimit><timeLimitUnit>10250001</timeLimitUnit><loanDate>20160428</loanDate><expiringDate>20210415</expiringDate><overdueDate></overdueDate><fiveLevelChgDate>20191016</fiveLevelChgDate><guaranteeMethodCd>10470003</guaranteeMethodCd><interestRate>0.0600</interestRate><repaymentMethod>10410004</repaymentMethod><latestRepaydate>20190923</latestRepaydate><fiveLevelCd>10240001</fiveLevelCd><isGreen>10010001</isGreen></loan><loan><contractNo>HUZ1210220160031</contractNo><loanNo>25456000000000965</loanNo><enterpriseNo>C453962</enterpriseNo><projectNo>C453962PJ001</projectNo><loanKindCd>10190001</loanKindCd><loanProduct>基本建设贷款3-5年（含）</loanProduct><loanTypeCd>10710010</loanTypeCd><cnapsCode>C1030433016639</cnapsCode><loanPurpose>用于德清县雷甸镇污水收集管网维修改造工程项目建设</loanPurpose><loanAmount>100000000.00</loanAmount><loanBalance>88000000.00</loanBalance><overBalance>0.00</overBalance><timeLimit>5</timeLimit><timeLimitUnit>10250005</timeLimitUnit><loanDate>20160826</loanDate><expiringDate>20210826</expiringDate><overdueDate></overdueDate><fiveLevelChgDate>20191016</fiveLevelChgDate><guaranteeMethodCd>10470003</guaranteeMethodCd><interestRate>0.0600</interestRate><repaymentMethod>10410004</repaymentMethod><latestRepaydate>20190923</latestRepaydate><fiveLevelCd>10240001</fiveLevelCd><isGreen>10010001</isGreen></loan><loan><contractNo>HUZ1210220170034</contractNo><loanNo>25456000000003116</loanNo><enterpriseNo>C468020</enterpriseNo><projectNo>C468020PJ001</projectNo><loanKindCd>10190001</loanKindCd><loanProduct>一般固定资产5年以上</loanProduct><loanTypeCd>10710010</loanTypeCd><cnapsCode>C1030433016639</cnapsCode><loanPurpose>用于德清县公墓二期项目建设</loanPurpose><loanAmount>5000000.00</loanAmount><loanBalance>5000000.00</loanBalance><overBalance>0.00</overBalance><timeLimit>2551</timeLimit><timeLimitUnit>10250001</timeLimitUnit><loanDate>20170816</loanDate><expiringDate>20240810</expiringDate><overdueDate></overdueDate><fiveLevelChgDate>20191016</fiveLevelChgDate><guaranteeMethodCd>10470003</guaranteeMethodCd><interestRate>0.0650</interestRate><repaymentMethod>10410004</repaymentMethod><latestRepaydate>20190923</latestRepaydate><fiveLevelCd>10240001</fiveLevelCd><isGreen>10010001</isGreen></loan><loan><contractNo>HUZ1210220180018</contractNo><loanNo>25456000000003886</loanNo><enterpriseNo>C468020</enterpriseNo><projectNo>C468020PJ001</projectNo><loanKindCd>10190001</loanKindCd><loanProduct>一般固定资产5年以上</loanProduct><loanTypeCd>10710010</loanTypeCd><cnapsCode>C1030433016639</cnapsCode><loanPurpose>用于德清县公墓二期项目建设</loanPurpose><loanAmount>17700000.00</loanAmount><loanBalance>17700000.00</loanBalance><overBalance>0.00</overBalance><timeLimit>7</timeLimit><timeLimitUnit>10250005</timeLimitUnit><loanDate>20180131</loanDate><expiringDate>20250131</expiringDate><overdueDate></overdueDate><fiveLevelChgDate>20191016</fiveLevelChgDate><guaranteeMethodCd>10470003</guaranteeMethodCd><interestRate>0.0650</interestRate><repaymentMethod>10410004</repaymentMethod><latestRepaydate>20190923</latestRepaydate><fiveLevelCd>10240001</fiveLevelCd><isGreen>10010001</isGreen></loan><loan><contractNo>HUZ1210220180045</contractNo><loanNo>25456000000004686</loanNo><enterpriseNo>C468020</enterpriseNo><projectNo>C468020PJ001</projectNo><loanKindCd>10190001</loanKindCd><loanProduct>一般固定资产5年以上</loanProduct><loanTypeCd>10710010</loanTypeCd><cnapsCode>C1030433016639</cnapsCode><loanPurpose>用于德清县公墓二期项目建设</loanPurpose><loanAmount>30000000.00</loanAmount><loanBalance>30000000.00</loanBalance><overBalance>0.00</overBalance><timeLimit>2553</timeLimit><timeLimitUnit>10250001</timeLimitUnit><loanDate>20180612</loanDate><expiringDate>20250608</expiringDate><overdueDate></overdueDate><fiveLevelChgDate>20191016</fiveLevelChgDate><guaranteeMethodCd>10470003</guaranteeMethodCd><interestRate>0.0750</interestRate><repaymentMethod>10410004</repaymentMethod><latestRepaydate>20190923</latestRepaydate><fiveLevelCd>10240001</fiveLevelCd><isGreen>10010001</isGreen></loan><loan><contractNo>HUZ1210220190066</contractNo><loanNo>25456000000007676</loanNo><enterpriseNo>C468020</enterpriseNo><projectNo>C468020PJ001</projectNo><loanKindCd>10190001</loanKindCd><loanProduct>一般固定资产5年以上</loanProduct><loanTypeCd>10710010</loanTypeCd><cnapsCode>C1030433016639</cnapsCode><loanPurpose>用于德清县公墓二期项目建设</loanPurpose><loanAmount>30000000.00</loanAmount><loanBalance>30000000.00</loanBalance><overBalance>0.00</overBalance><timeLimit>2553</timeLimit><timeLimitUnit>10250001</timeLimitUnit><loanDate>20190812</loanDate><expiringDate>20260808</expiringDate><overdueDate></overdueDate><fiveLevelChgDate>20191016</fiveLevelChgDate><guaranteeMethodCd>10470003</guaranteeMethodCd><interestRate>0.0662</interestRate><repaymentMethod>10410004</repaymentMethod><latestRepaydate>20190923</latestRepaydate><fiveLevelCd>10240001</fiveLevelCd><isGreen>10010001</isGreen></loan></loans></credit>